press_id,cycle_index,activation_no,i_inrush_peak_a,t_inrush_ms,i2t_activation_a2s,t_hf_min,i_anode_a,u_anode_v,damage_true,fuse_blown,split
P01,1,1,784.7,19.28,3958.2,5.68,6.967,7038.1,0.01083,0,test
P01,1,2,753.3,15.85,2997.6,6.7,6.982,7034.4,0.01884,0,test
P01,1,3,710.2,18.51,3111.0,5.5,6.983,7036.3,0.02603,0,test
P01,2,1,826.3,16.86,3836.5,4.87,6.87,7029.1,0.03443,0,test
P01,2,2,832.1,18.73,4322.7,5.03,6.865,7034.3,0.04547,0,test
P01,2,3,672.1,19.75,2973.3,2.5,6.868,7038.5,0.05264,0,test
P01,3,1,776.9,22.34,4494.6,4.54,6.793,7030.2,0.06332,0,test
P01,3,2,787.4,18.19,3759.7,4.5,6.761,7031.1,0.07194,0,test
P01,4,1,907.3,19.57,5368.9,7.89,6.839,7056.1,0.08829,0,test
P01,4,2,865.3,23.63,5898.4,7.83,6.856,7031.7,0.10487,0,test
P01,5,1,815.4,18.93,4195.7,4.32,6.866,7043.4,0.11701,0,test
P01,5,2,755.6,23.23,4419.5,4.48,6.881,7043.7,0.12904,0,test
P01,5,3,756.5,18.0,3434.2,3.74,6.906,7046.3,0.1363,0,test
P01,6,1,815.7,12.1,2684.3,3.7,6.731,7046.6,0.1421,0,test
P01,6,2,774.7,16.68,3336.4,3.38,6.768,7052.2,0.14892,0,test
P01,6,3,758.9,14.99,2877.5,3.39,6.73,7042.4,0.15539,0,test
P01,7,1,786.9,17.06,3521.7,5.76,6.828,7028.9,0.16352,0,test
P01,7,2,787.8,22.24,4600.4,5.39,6.835,7025.9,0.17625,0,test
P01,8,1,855.3,17.26,4210.3,8.2,6.895,6989.2,0.18734,0,test
P01,8,2,826.8,15.76,3591.2,8.84,6.904,7009.5,0.19602,0,test
P01,9,1,854.4,20.22,4919.2,6.44,6.921,7078.6,0.20881,0,test
P01,9,2,720.9,21.23,3678.1,5.38,6.914,7053.5,0.21868,0,test
P01,10,1,791.3,16.61,3467.7,5.21,6.723,7038.2,0.22748,0,test
P01,10,2,731.8,26.01,4641.8,5.83,6.741,7021.5,0.24244,0,test
P01,10,3,712.1,17.78,3004.9,5.04,6.763,7028.8,0.25091,0,test
P01,11,1,825.8,16.94,3851.1,6.33,6.834,7031.1,0.2607,0,test
P01,11,2,794.3,19.21,4040.3,6.09,6.841,7016.0,0.27218,0,test
P01,12,1,779.6,14.64,2966.1,6.89,6.778,7040.6,0.27881,0,test
P01,12,2,782.2,22.96,4682.7,7.2,6.788,7047.5,0.29331,0,test
P01,13,1,910.3,20.25,5593.5,4.32,6.835,6989.0,0.31143,0,test
P01,13,2,732.7,20.21,3617.1,4.2,6.809,7005.9,0.321,0,test
P01,13,3,829.0,21.26,4868.9,4.56,6.828,7016.0,0.33404,0,test
P01,14,1,929.2,12.23,3518.3,6.45,6.854,7029.4,0.34319,0,test
P01,14,2,814.0,18.05,3986.0,8.39,6.866,7047.3,0.35342,0,test
P01,15,1,859.2,16.41,4036.7,4.15,6.695,7059.9,0.36458,0,test
P01,15,2,815.7,12.74,2826.9,4.58,6.69,7066.7,0.37027,0,test
P01,16,1,857.5,17.79,4359.4,3.84,6.871,7050.3,0.38097,0,test
P01,16,2,820.7,20.73,4654.7,4.37,6.865,7044.7,0.39396,0,test
P01,16,3,812.5,22.1,4862.8,4.53,6.85,7055.8,0.40823,0,test
P01,17,1,831.1,16.35,3765.2,6.91,6.788,7018.7,0.41811,0,test
P01,17,2,858.1,16.53,4057.2,7.66,6.797,6988.5,0.43065,0,test
P01,18,1,946.8,15.81,4723.7,4.94,6.863,7028.0,0.44434,0,test
P01,18,2,789.4,17.52,3638.8,5.83,6.848,7040.4,0.45449,0,test
P01,18,3,806.0,16.28,3524.6,6.52,6.861,7028.5,0.46443,0,test
P01,19,1,884.3,21.17,5517.2,8.81,6.723,7037.0,0.47894,0,test
P01,19,2,810.7,20.5,4491.4,8.23,6.729,7039.5,0.49069,0,test
P01,20,1,781.4,16.21,3299.3,7.49,6.875,7041.8,0.49966,0,test
P01,20,2,794.0,18.73,3936.2,5.34,6.873,7044.6,0.51141,0,test
P01,20,3,854.5,21.8,5304.7,4.6,6.878,7046.1,0.52625,0,test
P01,21,1,958.0,17.39,5318.0,6.83,6.827,7011.8,0.54258,0,test
P01,21,2,776.0,16.1,3230.8,6.35,6.83,7030.4,0.54877,0,test
P01,21,3,867.2,15.38,3857.0,6.11,6.83,7010.4,0.55884,0,test
P01,22,1,863.5,19.49,4845.0,7.09,6.829,7011.1,0.57414,0,test
P01,22,2,772.2,17.04,3387.7,5.68,6.832,7025.0,0.58122,0,test
P01,23,1,883.8,24.42,6357.9,5.39,6.685,7038.1,0.60094,0,test
P01,23,2,832.0,17.55,4049.1,6.7,6.71,7045.7,0.61178,0,test
P01,23,3,801.0,21.14,4521.9,4.38,6.681,7036.2,0.62441,0,test
P01,24,1,892.6,22.26,5911.2,5.47,6.696,7027.4,0.646,0,test
P01,24,2,863.8,21.16,5263.2,5.06,6.707,7024.3,0.66168,0,test
P01,25,1,878.0,19.68,5056.9,7.06,6.702,7062.4,0.67548,0,test
P01,25,2,833.8,15.13,3507.6,10.34,6.688,7023.3,0.68381,0,test
P01,26,1,890.3,14.96,3953.3,3.66,6.761,7031.1,0.69453,0,test
P01,26,2,760.5,19.2,3700.7,4.24,6.758,7028.2,0.70545,0,test
P01,26,3,776.2,17.61,3537.0,3.51,6.767,7026.5,0.71138,0,test
P01,27,1,949.9,19.74,5937.6,5.73,6.953,7027.0,0.72995,0,test
P01,27,2,866.4,17.95,4491.8,5.38,6.904,7031.0,0.74448,0,test
P01,27,3,844.2,17.36,4124.7,7.54,6.927,7045.4,0.75558,0,test
P01,28,1,919.6,13.26,3738.0,4.4,6.759,7037.0,0.76498,0,test
P01,28,2,841.8,20.64,4876.4,5.6,6.755,7019.9,0.77886,0,test
P01,29,1,880.4,19.89,5139.8,2.84,6.82,7044.1,0.79401,0,test
P01,29,2,725.8,14.79,2596.5,5.11,6.824,7029.7,0.80029,0,test
P01,29,3,845.8,13.38,3191.2,3.26,6.822,7034.8,0.80833,0,test
P01,30,1,906.5,15.3,4191.4,5.41,6.933,7034.7,0.82036,0,test
P01,30,2,875.9,15.35,3925.6,5.4,6.923,7023.2,0.83307,0,test
P01,31,1,922.0,22.17,6282.7,7.39,6.798,7011.5,0.85125,0,test
P01,31,2,780.1,15.08,3058.3,8.02,6.802,7035.7,0.85964,0,test
P01,32,1,886.9,18.06,4736.3,5.51,6.853,6993.9,0.87391,0,test
P01,32,2,770.1,17.31,3423.0,6.02,6.836,7032.4,0.88096,0,test
P01,32,3,811.3,17.7,3884.1,5.87,6.855,7015.9,0.88993,0,test
P01,33,1,982.1,17.24,5541.5,6.81,6.826,7055.1,0.90735,0,test
P01,33,2,783.3,17.52,3582.7,5.63,6.804,7057.1,0.91657,0,test
P01,34,1,808.0,21.19,4611.0,4.98,6.693,7018.6,0.92881,0,test
P01,34,2,835.3,17.61,4095.7,3.39,6.689,7040.4,0.94081,0,test
P01,34,3,825.8,22.2,5047.9,4.54,6.714,7029.7,0.95403,0,test
P01,35,1,918.2,17.02,4784.0,6.03,6.907,7042.3,0.96682,0,test
P01,35,2,907.4,16.33,4481.7,6.26,6.889,7031.5,0.97758,0,test
P01,36,1,876.1,19.32,4943.7,5.43,6.715,7019.0,0.992,0,test
P01,36,2,869.7,16.72,4214.4,5.92,6.735,7020.8,1.0,1,test
P02,1,1,779.8,18.45,3740.4,5.17,6.85,7001.2,0.00988,0,train
P02,1,2,791.2,21.96,4582.0,5.4,6.855,7002.2,0.0228,0,train
P02,1,3,747.6,19.06,3550.6,3.41,6.829,7011.0,0.03112,0,train
P02,2,1,939.9,15.24,4486.7,5.01,6.872,7003.1,0.04471,0,train
P02,2,2,876.9,22.61,5795.5,5.26,6.83,6993.1,0.06146,0,train
P02,2,3,854.0,17.84,4336.2,5.32,6.851,6997.3,0.07176,0,train
P02,3,1,930.6,17.62,5087.4,7.87,6.783,6983.4,0.08658,0,train
P02,3,2,755.6,18.85,3587.6,5.4,6.79,6981.5,0.09574,0,train
P02,4,1,861.8,16.86,4175.3,5.73,6.825,7009.0,0.10467,0,train
P02,4,2,842.8,17.61,4169.5,7.07,6.819,6992.6,0.11574,0,train
P02,5,1,938.4,22.09,6485.4,7.65,6.818,6983.1,0.13481,0,train
P02,5,2,802.8,12.59,2705.3,7.59,6.826,7001.9,0.14043,0,train
P02,6,1,1024.2,18.95,6626.1,3.94,6.923,6982.2,0.16135,0,train
P02,6,2,841.8,15.56,3674.7,4.84,6.884,6990.3,0.17061,0,train
P02,6,3,775.5,13.72,2751.6,4.42,6.928,6995.3,0.17671,0,train
P02,7,1,896.0,13.64,3648.7,5.62,6.959,6952.6,0.18629,0,train
P02,7,2,845.3,17.16,4086.1,4.26,6.933,6937.0,0.19494,0,train
P02,7,3,787.1,17.56,3626.9,7.01,6.954,6938.8,0.20562,0,train
P02,8,1,897.7,15.77,4236.3,7.06,6.806,7005.4,0.21778,0,train
P02,8,2,866.6,18.95,4742.7,7.98,6.831,7005.2,0.23021,0,train
P02,9,1,866.6,16.39,4104.3,8.65,6.72,6996.5,0.24052,0,train
P02,9,2,801.8,16.47,3530.1,7.18,6.73,7019.3,0.24925,0,train
P02,10,1,921.0,14.36,4061.4,5.53,6.973,6950.2,0.26061,0,train
P02,10,2,798.4,17.08,3628.4,5.66,6.959,6966.5,0.26945,0,train
P02,11,1,836.5,20.95,4885.9,5.16,6.761,6975.3,0.28335,0,train
P02,11,2,835.6,21.49,5002.1,6.22,6.73,6992.3,0.297,0,train
P02,11,3,818.6,18.5,4131.7,5.3,6.754,6994.2,0.30954,0,train
P02,12,1,885.2,20.58,5375.0,5.08,6.738,6993.8,0.32781,0,train
P02,12,2,813.7,20.24,4467.7,5.49,6.758,6994.5,0.33919,0,train
P02,12,3,806.1,18.45,3997.7,4.38,6.742,6996.0,0.34996,0,train
P02,13,1,935.1,22.78,6641.5,3.32,6.8,6992.1,0.37029,0,train
P02,13,2,852.5,20.34,4926.7,3.16,6.788,6991.2,0.38502,0,train
P02,13,3,840.4,20.76,4886.2,3.71,6.79,6985.6,0.39987,0,train
P02,14,1,960.5,16.85,5182.9,5.39,6.705,7025.2,0.41223,0,train
P02,14,2,727.5,15.4,2716.6,5.64,6.707,7007.3,0.41737,0,train
P02,15,1,847.1,21.31,5097.3,6.85,6.826,7016.8,0.43098,0,train
P02,15,2,814.6,15.21,3363.4,6.85,6.833,6999.7,0.43856,0,train
P02,16,1,932.3,18.75,5433.1,5.76,6.729,6998.1,0.45453,0,train
P02,16,2,777.1,16.71,3363.8,6.16,6.738,6999.1,0.46259,0,train
P02,17,1,925.7,17.72,5060.8,6.49,6.738,6970.7,0.47743,0,train
P02,17,2,921.7,17.88,5064.8,7.29,6.751,6979.9,0.49028,0,train
P02,18,1,932.6,18.37,5326.1,6.82,6.81,7033.7,0.50258,0,train
P02,18,2,801.1,19.57,4187.2,6.4,6.817,7021.8,0.51257,0,train
P02,19,1,948.9,18.61,5586.2,4.85,6.978,6986.7,0.52571,0,train
P02,19,2,901.7,17.02,4611.7,3.92,6.976,6991.1,0.53703,0,train
P02,19,3,838.6,18.23,4273.8,4.49,6.978,6999.8,0.54924,0,train
P02,20,1,969.1,19.38,6067.9,3.68,6.758,7017.1,0.56921,0,train
P02,20,2,795.4,18.04,3805.6,4.29,6.759,7001.5,0.57932,0,train
P02,20,3,847.2,20.03,4790.9,4.75,6.744,7017.4,0.593,0,train
P02,21,1,979.8,22.24,7115.9,6.9,6.783,6991.5,0.61611,0,train
P02,21,2,933.6,14.96,4345.4,5.78,6.788,6975.8,0.62839,0,train
P02,22,1,843.9,16.71,3966.4,3.57,6.804,6994.4,0.63925,0,train
P02,22,2,890.8,19.08,5047.1,4.3,6.814,6982.3,0.6551,0,train
P02,22,3,796.5,16.45,3478.8,6.02,6.799,6982.4,0.66228,0,train
P03,1,1,815.3,22.15,4908.4,3.68,6.989,6959.2,0.01194,0,test
P03,1,2,705.4,16.98,2816.2,3.29,6.995,6973.6,0.017,0,test
P03,1,3,692.8,15.48,2476.5,4.81,6.996,6971.7,0.02225,0,test
P03,2,1,828.9,15.42,3531.7,5.26,6.826,6990.2,0.02949,0,test
P03,2,2,713.4,15.53,2634.8,6.19,6.827,6985.6,0.03441,0,test
P03,3,1,732.8,18.78,3362.3,2.65,7.075,6965.2,0.04228,0,test
P03,3,2,704.4,18.39,3041.9,5.39,7.048,6977.2,0.04857,0,test
P03,3,3,710.4,18.67,3140.1,5.12,7.057,7002.5,0.0569,0,test
P03,4,1,700.4,16.07,2628.1,4.29,6.998,6966.4,0.06237,0,test
P03,4,2,655.2,19.21,2748.7,5.62,6.985,6973.2,0.06775,0,test
P03,4,3,758.0,14.35,2748.2,4.13,6.996,6950.9,0.07502,0,test
P03,5,1,767.4,15.99,3138.7,5.76,6.942,7026.7,0.08264,0,test
P03,5,2,699.3,18.63,3036.5,5.67,6.909,6995.5,0.08846,0,test
P03,5,3,699.1,14.82,2414.8,5.22,6.946,6991.7,0.09282,0,test
P03,6,1,783.1,23.82,4868.7,6.7,7.137,6997.5,0.10581,0,test
P03,6,2,742.7,12.51,2299.7,4.26,7.134,7006.4,0.11071,0,test
P03,7,1,810.9,13.34,2924.1,6.7,6.851,7011.5,0.11797,0,test
P03,7,2,756.4,16.82,3207.1,6.01,6.841,6995.8,0.12522,0,test
P03,8,1,741.4,15.79,2892.6,6.08,6.887,6982.2,0.13132,0,test
P03,8,2,755.0,16.57,3149.1,4.96,6.89,6969.5,0.13788,0,test
P03,8,3,718.3,14.28,2455.9,6.72,6.867,6969.0,0.14299,0,test
P03,9,1,807.4,24.05,5226.7,5.48,7.035,6978.7,0.15861,0,test
P03,9,2,714.2,16.98,2887.5,6.88,7.026,6958.5,0.16511,0,test
P03,10,1,762.6,19.34,3748.8,6.65,6.85,6974.1,0.17452,0,test
P03,10,2,716.5,18.21,3115.3,4.77,6.863,6978.1,0.1825,0,test
P03,11,1,780.9,13.85,2814.4,7.02,6.985,6996.4,0.18701,0,test
P03,11,2,638.2,19.17,2603.7,4.09,7.033,6996.6,0.19186,0,test
P03,11,3,802.4,19.01,4079.3,5.9,6.989,6982.3,0.20057,0,test
P03,12,1,769.5,16.93,3341.3,4.38,6.928,6982.4,0.20839,0,test
P03,12,2,718.6,15.69,2701.4,5.31,6.916,6976.9,0.21407,0,test
P03,13,1,739.1,20.74,3776.8,3.47,6.982,6965.0,0.22232,0,test
P03,13,2,671.4,19.78,2973.0,3.54,6.976,6984.2,0.22828,0,test
P03,13,3,684.5,15.25,2382.4,4.78,6.982,6983.8,0.23274,0,test
P03,14,1,751.3,18.62,3502.6,7.19,7.019,6956.0,0.2402,0,test
P03,14,2,746.0,19.09,3541.7,6.67,7.01,6965.5,0.24847,0,test
P03,15,1,789.7,17.92,3726.1,5.63,6.943,7001.2,0.25756,0,test
P03,15,2,727.4,15.5,2733.9,4.9,6.947,6995.5,0.26286,0,test
P03,16,1,750.8,17.4,3269.4,5.41,6.919,6993.7,0.27153,0,test
P03,16,2,724.8,17.33,3034.0,5.45,6.894,6998.6,0.27818,0,test
P03,16,3,703.5,15.99,2637.9,4.5,6.896,7017.1,0.28321,0,test
P03,17,1,834.6,18.55,4306.1,6.63,6.991,6991.1,0.29394,0,test
P03,17,2,685.1,18.8,2940.7,5.8,6.983,7016.4,0.30034,0,test
P03,17,3,768.1,18.35,3607.4,5.3,6.991,6963.2,0.30939,0,test
P03,18,1,785.3,18.04,3707.6,4.88,6.927,6981.4,0.31834,0,test
P03,18,2,794.1,18.8,3952.3,6.22,6.918,6970.8,0.32682,0,test
P03,19,1,831.6,17.59,4054.4,3.9,7.098,6995.9,0.33683,0,test
P03,19,2,758.4,16.81,3223.1,4.02,7.085,6991.0,0.34506,0,test
P03,19,3,708.6,22.89,3831.6,4.14,7.075,6977.9,0.35425,0,test
P03,20,1,832.3,19.34,4466.4,8.76,7.013,6994.7,0.36634,0,test
P03,20,2,742.3,22.44,4120.9,7.11,7.014,6991.2,0.37384,0,test
P03,21,1,824.5,14.34,3248.8,3.69,7.012,6944.4,0.38082,0,test
P03,21,2,713.6,19.52,3314.0,4.47,6.998,6946.4,0.38728,0,test
P03,21,3,743.3,15.26,2810.4,4.42,6.985,6937.8,0.39251,0,test
P03,22,1,829.0,20.99,4806.8,6.85,6.91,7018.7,0.40561,0,test
P03,22,2,779.3,14.13,2861.4,6.93,6.913,6996.0,0.41157,0,test
P03,23,1,691.3,20.81,3314.6,3.03,6.829,6975.5,0.41814,0,test
P03,23,2,708.5,18.08,3025.9,3.64,6.84,6950.3,0.42514,0,test
P03,23,3,724.4,19.4,3393.8,2.7,6.856,6971.9,0.43346,0,test
P03,24,1,784.4,19.01,3898.3,5.47,6.945,6982.5,0.44303,0,test
P03,24,2,801.4,19.91,4261.3,5.03,6.952,6978.1,0.45388,0,test
P03,24,3,774.9,14.07,2816.5,6.04,6.93,6966.6,0.45887,0,test
P03,25,1,843.1,14.68,3477.5,3.14,7.045,6976.4,0.46784,0,test
P03,25,2,713.2,19.19,3254.6,5.31,7.025,6973.7,0.47532,0,test
P03,25,3,818.6,17.41,3888.6,4.78,7.038,6979.4,0.48374,0,test
P03,26,1,856.3,16.69,4078.1,5.97,6.955,6953.9,0.49388,0,test
P03,26,2,790.7,14.54,3029.6,7.05,6.941,6966.7,0.49992,0,test
P03,27,1,808.4,18.69,4071.3,6.6,6.881,7012.9,0.50867,0,test
P03,27,2,771.5,17.25,3422.1,4.62,6.868,7021.4,0.51585,0,test
P03,28,1,790.2,14.48,3014.7,4.74,7.036,6988.7,0.52251,0,test
P03,28,2,876.0,14.95,3825.0,4.93,7.061,6980.8,0.53332,0,test
P03,28,3,747.7,18.33,3415.9,4.04,7.036,6982.8,0.54052,0,test
P03,29,1,758.9,21.27,4082.7,7.17,7.019,6972.8,0.55133,0,test
P03,29,2,750.1,19.83,3719.0,5.22,7.014,6987.2,0.5599,0,test
P03,29,3,779.1,17.23,3486.9,5.47,7.008,6998.9,0.56779,0,test
P03,30,1,776.8,21.29,4282.0,7.19,6.938,6997.8,0.57759,0,test
P03,30,2,746.5,23.38,4343.6,7.32,6.937,6993.8,0.58765,0,test
P03,30,3,734.3,16.34,2935.6,5.68,6.913,6989.6,0.59421,0,test
P03,31,1,828.7,19.02,4354.2,5.93,6.897,6968.3,0.60637,0,test
P03,31,2,874.8,18.05,4603.7,6.62,6.911,6981.6,0.61795,0,test
P03,32,1,891.0,13.97,3697.7,7.37,7.119,7002.9,0.62793,0,test
P03,32,2,846.5,16.29,3891.6,8.11,7.128,7019.0,0.63835,0,test
P03,33,1,753.8,13.3,2518.7,4.98,6.858,7004.7,0.64353,0,test
P03,33,2,763.3,15.25,2961.6,6.42,6.839,6992.1,0.6498,0,test
P03,33,3,794.4,16.39,3448.6,5.41,6.849,6988.4,0.65787,0,test
P03,34,1,845.1,15.01,3574.2,5.99,7.08,6974.8,0.6662,0,test
P03,34,2,827.5,15.5,3538.0,6.58,7.075,6971.3,0.67498,0,test
P03,35,1,848.9,22.2,5331.3,4.74,7.002,6971.0,0.68847,0,test
P03,35,2,744.3,17.87,3300.0,5.05,6.987,7000.1,0.6945,0,test
P03,35,3,784.2,15.64,3206.8,4.11,7.019,6960.6,0.70195,0,test
P03,36,1,865.3,17.63,4401.0,5.66,6.879,6982.2,0.71258,0,test
P03,36,2,828.1,19.77,4519.2,5.44,6.858,6966.8,0.72362,0,test
P03,37,1,875.8,21.16,5408.7,8.7,6.976,6989.0,0.73709,0,test
P03,37,2,834.6,12.99,3016.3,8.19,6.986,6982.6,0.74365,0,test
P03,38,1,835.9,18.18,4235.1,4.89,6.898,6973.6,0.75371,0,test
P03,38,2,726.3,17.78,3125.8,3.74,6.914,6991.4,0.76056,0,test
P03,38,3,827.3,19.34,4412.6,6.68,6.936,7000.6,0.773,0,test
P03,39,1,821.6,18.22,4099.9,4.63,6.998,6975.9,0.78264,0,test
P03,39,2,881.4,17.28,4474.5,3.07,6.986,6982.2,0.79551,0,test
P03,39,3,724.3,20.23,3538.1,4.67,7.002,6985.9,0.80386,0,test
P03,40,1,924.1,15.08,4293.9,6.03,6.987,6974.2,0.81452,0,test
P03,40,2,740.3,17.81,3253.2,5.78,6.968,6972.6,0.82202,0,test
P03,41,1,906.0,16.33,4468.7,5.52,6.917,6999.8,0.83059,0,test
P03,41,2,705.4,15.69,2602.4,6.36,6.904,6982.1,0.83636,0,test
P03,41,3,806.7,16.26,3526.9,4.6,6.911,7003.7,0.84375,0,test
P03,42,1,911.4,15.0,4153.8,3.67,6.972,6985.2,0.85514,0,test
P03,42,2,793.0,20.89,4379.5,4.71,6.951,6965.2,0.86576,0,test
P03,42,3,885.4,21.15,5527.6,3.31,6.954,6966.3,0.8806,0,test
P03,43,1,850.4,15.36,3703.5,7.23,6.82,6938.7,0.89016,0,test
P03,43,2,728.1,16.39,2896.9,7.09,6.832,6976.5,0.89567,0,test
P03,44,1,835.8,17.67,4115.1,7.0,7.021,7002.6,0.90461,0,test
P03,44,2,832.9,17.06,3945.6,5.72,7.027,7003.7,0.91353,0,test
P03,44,3,825.8,21.94,4987.3,5.46,7.01,6989.6,0.92872,0,test
P03,45,1,914.7,17.48,4874.1,5.44,6.95,6982.9,0.94043,0,test
P03,45,2,802.4,17.83,3825.8,6.21,6.962,6986.0,0.94758,0,test
P03,45,3,777.9,17.67,3564.8,5.43,6.943,6997.5,0.95428,0,test
P03,46,1,894.4,17.96,4788.4,4.86,6.869,6961.5,0.96636,0,test
P03,46,2,787.0,22.12,4567.0,6.5,6.874,6963.5,0.97629,0,test
P03,46,3,785.2,16.21,3331.3,5.15,6.868,6970.8,0.98284,0,test
P03,47,1,892.8,17.32,4603.1,6.49,7.017,6970.7,0.99504,0,test
P03,47,2,807.5,19.58,4255.7,7.57,7.023,6974.7,1.0,1,test
P04,1,1,951.2,15.36,4631.5,4.41,7.017,7022.0,0.01657,0,train
P04,1,2,899.8,19.41,5239.1,3.4,7.007,6996.6,0.03446,0,train
P04,1,3,916.7,16.0,4481.5,5.48,6.998,6977.7,0.05203,0,train
P04,2,1,955.7,20.11,6122.6,5.4,7.057,7026.9,0.07877,0,train
P04,2,2,827.9,16.67,3807.6,6.5,7.043,7018.1,0.08945,0,train
P04,3,1,997.2,13.96,4627.1,5.63,6.904,7013.5,0.10532,0,train
P04,3,2,992.8,15.77,5182.0,3.73,6.897,6998.1,0.12398,0,train
P04,3,3,850.1,18.04,4345.0,4.37,6.896,7018.2,0.1363,0,train
P04,4,1,893.0,22.12,5881.2,5.91,7.008,7008.6,0.15705,0,train
P04,4,2,947.6,16.17,4840.2,6.51,6.994,6992.8,0.17297,0,train
P04,4,3,820.2,13.96,3129.8,7.33,6.986,7034.6,0.18141,0,train
P04,5,1,950.6,22.29,6714.6,8.14,6.848,7020.8,0.2053,0,train
P04,5,2,876.1,15.94,4078.0,6.08,6.84,7027.5,0.21709,0,train
P04,6,1,900.5,19.88,5373.1,3.74,6.989,6983.5,0.23585,0,train
P04,6,2,867.5,16.26,4078.9,5.68,6.973,6991.0,0.24909,0,train
P04,6,3,904.6,16.51,4504.6,4.18,6.967,6975.0,0.26642,0,train
P04,7,1,946.0,15.98,4766.8,3.46,6.74,6991.8,0.28507,0,train
P04,7,2,937.5,19.32,5661.6,4.95,6.734,6975.9,0.3012,0,train
P04,7,3,930.7,20.24,5843.3,5.77,6.731,6992.6,0.31997,0,train
P04,8,1,923.4,22.33,6345.7,6.08,7.073,7026.2,0.34274,0,train
P04,8,2,832.0,15.03,3467.6,4.08,7.107,7016.7,0.35418,0,train
P04,9,1,978.9,18.41,5878.9,4.72,6.841,6977.8,0.37457,0,train
P04,9,2,940.1,15.66,4612.2,3.62,6.8,6987.7,0.38704,0,train
P04,9,3,909.2,19.29,5316.2,4.67,6.824,6993.2,0.40835,0,train
P04,10,1,992.2,18.62,6109.3,5.01,6.91,6992.0,0.42827,0,train
P04,10,2,929.9,19.53,5627.5,5.0,6.882,7004.4,0.45012,0,train
P04,11,1,972.6,15.21,4796.9,7.56,6.883,7011.3,0.46733,0,train
P04,11,2,880.5,19.79,5114.5,7.4,6.873,7018.3,0.48555,0,train
P04,12,1,1004.8,17.98,6051.4,4.46,6.937,6975.5,0.50565,0,train
P04,12,2,953.8,18.03,5468.0,6.54,6.898,6977.5,0.52555,0,train
P04,12,3,768.5,19.75,3888.1,4.93,6.906,6981.7,0.53606,0,train
P04,13,1,1003.2,17.12,5743.9,5.83,6.806,6978.4,0.55626,0,train
P04,13,2,933.4,22.31,6478.3,5.18,6.78,6984.1,0.58049,0,train
P04,13,3,911.7,16.67,4618.8,6.61,6.793,6994.2,0.59434,0,train
P04,14,1,1070.9,14.11,5392.5,8.01,6.982,7014.4,0.61133,0,train
P04,14,2,924.2,15.78,4493.3,7.23,6.98,7020.1,0.62711,0,train
P04,15,1,959.5,20.83,6393.2,10.03,6.943,7028.9,0.65095,0,train
P04,15,2,918.5,13.76,3869.7,8.58,6.948,7043.3,0.66375,0,train
P04,16,1,934.2,19.9,5790.1,7.82,6.804,6987.5,0.68127,0,train
P04,16,2,1003.2,16.76,5621.6,6.47,6.795,6996.4,0.69936,0,train
P04,17,1,1040.0,17.78,6410.1,4.65,6.806,7020.8,0.72201,0,train
P04,17,2,916.0,19.16,5358.0,4.63,6.792,7008.9,0.73876,0,train
P04,17,3,929.0,17.49,5032.0,4.78,6.781,7007.4,0.75516,0,train
P04,18,1,1064.5,20.32,7676.4,3.29,6.98,7005.5,0.78327,0,train
P04,18,2,891.9,15.83,4198.3,5.45,7.0,7014.8,0.79664,0,train
P04,18,3,852.7,21.0,5089.8,3.42,7.003,7010.6,0.81341,0,train
P04,19,1,1000.7,19.97,6665.9,5.78,6.781,6998.3,0.84007,0,train
P04,19,2,937.3,18.12,5305.2,5.23,6.757,7007.7,0.8606,0,train
P04,20,1,955.7,12.72,3873.5,5.97,6.907,6984.5,0.87031,0,train
P04,20,2,902.7,18.33,4977.6,3.68,6.913,6996.0,0.88963,0,train
P04,20,3,990.6,12.7,4154.8,4.45,6.931,6991.3,0.90339,0,train
P04,21,1,998.8,18.04,6000.8,6.9,6.932,6984.5,0.92141,0,train
P04,21,2,917.4,14.25,3999.2,6.04,6.923,6999.5,0.93324,0,train
P04,21,3,880.7,18.12,4685.8,6.77,6.945,7033.1,0.94967,0,train
P04,22,1,1066.2,18.69,7081.1,5.22,6.92,7003.3,0.98104,0,train
P04,22,2,861.6,20.66,5112.8,5.5,6.926,7003.2,0.99963,0,train
P04,23,1,1012.6,17.24,5892.5,5.74,7.033,7021.0,1.0,0,train
P04,23,2,862.8,11.31,2805.6,4.74,7.027,6997.1,1.0,1,train
P05,1,1,875.7,16.62,4249.4,5.82,6.913,7013.5,0.00983,0,train
P05,1,2,800.5,24.44,5220.0,5.32,6.905,7010.9,0.02517,0,train
P05,1,3,830.6,17.6,4047.2,5.25,6.887,7011.1,0.03428,0,train
P05,2,1,999.9,16.65,5548.8,5.45,6.841,7029.0,0.04912,0,train
P05,2,2,804.5,19.85,4281.8,5.94,6.787,7016.5,0.06039,0,train
P05,2,3,785.2,17.34,3563.3,4.84,6.818,6978.0,0.0679,0,train
P05,3,1,905.0,17.43,4759.1,6.62,6.69,6986.8,0.08098,0,train
P05,3,2,839.8,22.65,5325.0,5.88,6.719,6983.7,0.09358,0,train
P05,4,1,841.4,13.91,3282.9,5.87,6.821,7019.6,0.10169,0,train
P05,4,2,871.6,17.03,4310.9,4.2,6.829,7017.1,0.11224,0,train
P05,4,3,775.7,18.35,3680.5,5.39,6.822,7011.6,0.11957,0,train
P05,5,1,906.6,19.35,5301.0,3.76,6.85,7046.9,0.13389,0,train
P05,5,2,878.1,16.1,4137.9,3.67,6.832,6998.8,0.14428,0,train
P05,5,3,798.8,18.22,3873.9,4.64,6.827,7038.9,0.1547,0,train
P05,6,1,888.5,14.7,3868.8,4.01,6.902,6984.9,0.16297,0,train
P05,6,2,771.1,21.1,4181.3,2.78,6.872,6993.4,0.17331,0,train
P05,6,3,739.0,17.3,3149.4,2.91,6.889,6980.4,0.18026,0,train
P05,7,1,914.1,17.88,4981.2,4.43,6.825,7033.6,0.19575,0,train
P05,7,2,795.1,19.46,4102.1,5.47,6.811,7016.5,0.20523,0,train
P05,7,3,794.3,14.61,3072.8,3.56,6.827,7011.8,0.21229,0,train
P05,8,1,942.7,16.26,4815.6,4.65,6.686,6982.0,0.22378,0,train
P05,8,2,847.9,16.52,3958.2,4.32,6.713,6982.5,0.23403,0,train
P05,8,3,808.9,18.85,4110.0,4.79,6.694,6991.0,0.24274,0,train
P05,9,1,937.3,18.02,5275.7,5.92,6.882,7025.7,0.25718,0,train
P05,9,2,826.5,16.54,3765.9,4.14,6.912,7032.7,0.26533,0,train
P05,9,3,838.5,23.28,5457.4,4.81,6.906,7017.8,0.27831,0,train
P05,10,1,963.5,20.97,6488.0,7.93,7.001,6978.5,0.29803,0,train
P05,10,2,956.0,14.1,4297.0,6.39,7.016,6982.6,0.30623,0,train
P05,11,1,930.9,11.4,3293.7,7.33,6.901,6972.9,0.31456,0,train
P05,11,2,791.1,19.25,4015.1,7.01,6.871,6986.4,0.32307,0,train
P05,12,1,854.5,18.7,4552.6,5.65,6.808,7006.0,0.33434,0,train
P05,12,2,767.8,16.58,3258.7,5.45,6.814,7033.4,0.34156,0,train
P05,13,1,920.8,16.21,4580.3,8.07,6.949,7009.7,0.35322,0,train
P05,13,2,884.6,14.3,3731.0,7.24,6.947,7003.7,0.36364,0,train
P05,14,1,919.8,10.84,3055.8,5.87,7.036,6991.3,0.37041,0,train
P05,14,2,827.3,20.04,4571.9,6.43,7.023,6982.2,0.38183,0,train
P05,14,3,878.5,18.67,4803.3,6.75,7.004,6994.6,0.39526,0,train
P05,15,1,927.4,18.72,5367.9,5.13,6.975,7031.4,0.40963,0,train
P05,15,2,888.9,18.91,4979.9,5.7,6.991,7011.0,0.42257,0,train
P05,15,3,806.7,20.19,4380.4,3.75,6.98,7031.9,0.43496,0,train
P05,16,1,924.1,19.96,5681.1,5.89,6.987,6996.7,0.44877,0,train
P05,16,2,862.9,13.6,3375.1,7.02,7.003,7016.1,0.45646,0,train
P05,17,1,939.2,16.23,4772.0,3.6,6.805,6982.7,0.46747,0,train
P05,17,2,846.0,17.3,4127.7,4.45,6.839,6975.2,0.47834,0,train
P05,17,3,879.2,11.7,3015.0,4.27,6.812,6999.0,0.48431,0,train
P05,18,1,870.1,21.85,5513.9,4.87,6.772,7006.0,0.4972,0,train
P05,18,2,882.7,18.41,4779.8,3.79,6.754,6999.7,0.50985,0,train
P05,18,3,934.3,18.44,5365.0,3.65,6.782,6974.8,0.52318,0,train
P05,19,1,962.2,16.37,5051.8,5.19,6.947,7025.0,0.53648,0,train
P05,19,2,891.6,19.65,5206.8,4.94,6.945,7017.9,0.5474,0,train
P05,19,3,825.4,18.85,4281.9,5.9,6.94,7024.2,0.55747,0,train
P05,20,1,933.9,18.82,5470.1,2.77,6.829,7042.3,0.57157,0,train
P05,20,2,936.4,17.06,4986.1,4.82,6.812,6998.0,0.58223,0,train
P05,20,3,986.1,13.94,4519.2,4.46,6.828,7018.3,0.59224,0,train
P05,21,1,982.5,20.84,6704.0,6.06,6.78,6990.5,0.61112,0,train
P05,21,2,962.9,17.86,5519.4,7.62,6.772,6993.7,0.62587,0,train
P05,22,1,977.7,20.88,6651.9,4.03,6.816,7007.0,0.64492,0,train
P05,22,2,872.7,19.94,5061.7,2.56,6.817,6989.8,0.65698,0,train
P05,22,3,963.0,21.72,6714.9,3.89,6.828,7006.1,0.67494,0,train
P05,23,1,895.3,16.27,4348.6,6.42,6.752,7021.1,0.68629,0,train
P05,23,2,814.6,17.75,3925.2,7.4,6.739,7006.6,0.69515,0,train
P05,24,1,908.1,15.96,4388.1,5.75,6.815,7030.9,0.70601,0,train
P05,24,2,788.9,19.65,4077.0,5.56,6.819,7021.8,0.71715,0,train
P05,24,3,920.4,13.09,3695.0,5.17,6.817,7025.1,0.72521,0,train
P05,25,1,922.1,18.12,5135.0,6.37,6.929,6985.9,0.73779,0,train
P05,25,2,846.8,17.19,4109.7,5.89,6.924,7001.5,0.74677,0,train
P05,26,1,922.5,17.23,4888.9,6.15,6.961,7015.5,0.76065,0,train
P05,26,2,895.4,17.34,4635.4,6.97,6.974,7012.8,0.77222,0,train
P05,27,1,1017.2,16.47,5681.0,7.52,6.897,6973.1,0.7861,0,train
P05,27,2,858.4,18.29,4491.5,5.96,6.899,6954.8,0.79514,0,train
P05,28,1,985.5,19.87,6434.5,7.06,6.765,6997.9,0.8139,0,train
P05,28,2,969.7,18.98,5949.1,7.22,6.761,7035.8,0.83334,0,train
P05,29,1,993.8,20.53,6759.1,6.5,6.822,6997.3,0.84954,0,train
P05,29,2,818.3,21.08,4705.8,5.9,6.831,6993.5,0.86256,0,train
P05,29,3,874.5,14.94,3808.3,5.28,6.827,7019.4,0.87214,0,train
P05,30,1,1054.0,14.27,5282.9,8.22,6.74,7024.5,0.88631,0,train
P05,30,2,890.6,16.0,4229.1,6.81,6.738,7018.3,0.897,0,train
P05,31,1,949.4,19.41,5833.1,6.49,6.837,7025.5,0.91158,0,train
P05,31,2,936.4,23.89,6983.8,7.3,6.848,7012.7,0.93047,0,train
P05,32,1,1002.7,16.72,5602.4,5.4,6.755,7017.6,0.94606,0,train
P05,32,2,908.9,14.52,3999.2,5.67,6.752,7014.2,0.95564,0,train
P05,32,3,914.3,18.38,5122.8,5.32,6.768,7020.4,0.96906,0,train
P05,33,1,1073.4,15.73,6040.0,4.34,6.875,7034.1,0.98716,0,train
P05,33,2,856.6,15.91,3892.9,3.56,6.843,7020.5,0.99518,0,train
P05,33,3,894.4,18.35,4893.4,4.23,6.868,7019.7,1.0,1,train
P06,1,1,721.2,24.43,4235.9,6.76,6.864,7011.2,0.01106,0,train
P06,1,2,644.9,17.32,2401.8,6.4,6.867,7021.9,0.0172,0,train
P06,2,1,645.4,19.16,2661.1,7.34,6.909,6986.4,0.02371,0,train
P06,2,2,633.7,14.17,1896.8,7.65,6.901,6983.4,0.02797,0,train
P06,3,1,754.0,10.5,1989.9,4.62,6.834,7023.1,0.03221,0,train
P06,3,2,729.7,15.8,2805.1,4.16,6.85,6984.0,0.03963,0,train
P06,3,3,650.3,23.07,3252.9,4.95,6.845,6996.5,0.0484,0,train
P06,4,1,717.1,20.37,3491.4,3.49,6.917,7017.0,0.05811,0,train
P06,4,2,640.3,20.6,2815.2,5.63,6.898,7041.1,0.06559,0,train
P06,4,3,616.3,19.61,2483.0,6.02,6.917,7025.2,0.07228,0,train
P06,5,1,651.6,22.17,3137.1,5.58,6.954,6992.0,0.08059,0,train
P06,5,2,649.8,19.39,2728.8,4.8,6.98,7018.5,0.08768,0,train
P06,5,3,601.2,14.07,1695.4,5.43,6.951,6981.0,0.09088,0,train
P06,6,1,766.5,17.32,3391.0,7.26,6.867,7003.1,0.10062,0,train
P06,6,2,681.1,22.06,3410.9,6.16,6.856,6991.1,0.10928,0,train
P06,7,1,735.9,17.92,3235.7,5.89,6.857,6992.6,0.11719,0,train
P06,7,2,686.7,19.19,3015.5,4.66,6.844,7053.5,0.12491,0,train
P06,8,1,670.0,13.11,1961.4,6.9,7.003,7018.7,0.12857,0,train
P06,8,2,705.8,17.6,2922.8,6.92,6.996,6997.5,0.13589,0,train
P06,9,1,765.1,18.91,3689.5,6.13,6.904,7005.2,0.14388,0,train
P06,9,2,669.9,19.47,2912.2,5.32,6.894,7017.5,0.15104,0,train
P06,10,1,714.7,15.68,2669.7,7.02,6.909,6980.9,0.15738,0,train
P06,10,2,669.4,18.24,2724.5,8.45,6.908,7006.1,0.1645,0,train
P06,11,1,719.0,18.17,3131.6,4.58,6.785,6998.2,0.17207,0,train
P06,11,2,595.1,17.22,2033.3,4.6,6.75,6992.4,0.17561,0,train
P06,11,3,694.1,20.05,3220.5,6.1,6.767,6971.8,0.18423,0,train
P06,12,1,769.5,16.42,3241.2,2.55,6.878,7002.1,0.19287,0,train
P06,12,2,676.1,16.24,2474.6,4.1,6.862,7000.9,0.19948,0,train
P06,12,3,679.0,21.51,3306.1,3.92,6.865,6984.9,0.20774,0,train
P06,13,1,731.4,19.19,3422.2,4.54,6.917,7020.8,0.21508,0,train
P06,13,2,666.4,17.72,2622.6,4.25,6.894,7026.0,0.22257,0,train
P06,13,3,715.3,14.61,2491.3,5.61,6.926,7000.2,0.22797,0,train
P06,14,1,705.2,15.74,2609.0,6.17,6.764,7015.2,0.23561,0,train
P06,14,2,739.7,16.08,2932.6,6.06,6.792,7029.2,0.24389,0,train
P06,15,1,729.9,17.24,3061.2,11.14,6.817,7021.9,0.25097,0,train
P06,15,2,617.5,15.41,1958.7,9.8,6.852,7026.7,0.25502,0,train
P06,16,1,771.5,18.51,3672.9,6.32,6.838,6997.6,0.26562,0,train
P06,16,2,738.2,16.74,3040.0,3.14,6.825,6973.5,0.27334,0,train
P06,16,3,782.0,18.05,3680.3,6.01,6.821,6984.3,0.28256,0,train
P06,17,1,884.4,14.41,3757.3,5.02,6.869,6963.8,0.29163,0,train
P06,17,2,704.1,22.06,3645.6,3.62,6.865,6991.0,0.30194,0,train
P06,17,3,713.0,22.54,3818.3,4.33,6.866,6992.9,0.3119,0,train
P06,18,1,808.8,13.49,2940.7,6.6,6.998,6960.8,0.32034,0,train
P06,18,2,732.7,17.29,3093.1,5.14,6.978,6968.1,0.32898,0,train
P06,19,1,768.5,14.5,2855.1,4.42,6.952,7016.2,0.33517,0,train
P06,19,2,682.9,18.18,2826.7,3.67,6.968,7009.9,0.34117,0,train
P06,19,3,696.2,16.23,2621.4,4.83,6.98,7010.6,0.347,0,train
P06,20,1,737.8,17.42,3160.3,5.85,6.707,7024.2,0.35425,0,train
P06,20,2,704.2,17.58,2905.7,5.06,6.687,7023.5,0.36156,0,train
P06,20,3,642.0,14.24,1957.0,5.72,6.697,7009.6,0.36575,0,train
P06,21,1,765.0,16.33,3186.1,5.77,7.039,6997.7,0.37343,0,train
P06,21,2,725.8,15.63,2744.2,5.44,7.042,6998.1,0.37988,0,train
P06,22,1,747.6,19.7,3669.7,4.7,6.774,7015.2,0.39166,0,train
P06,22,2,743.7,20.68,3813.2,5.45,6.816,7029.8,0.40366,0,train
P06,22,3,708.0,16.34,2730.1,4.32,6.832,7018.0,0.40931,0,train
P06,23,1,695.5,13.65,2200.1,8.03,6.915,7025.7,0.41437,0,train
P06,23,2,647.0,18.38,2565.0,7.77,6.897,7023.9,0.41973,0,train
P06,24,1,788.4,20.04,4151.3,7.33,6.901,6970.7,0.43091,0,train
P06,24,2,723.2,18.41,3209.3,4.62,6.924,6971.2,0.43898,0,train
P06,25,1,797.2,16.58,3512.7,8.2,7.12,7034.8,0.44671,0,train
P06,25,2,636.6,17.27,2333.4,6.29,7.092,7010.6,0.45198,0,train
P06,25,3,709.9,16.32,2741.9,5.91,7.098,7014.9,0.45798,0,train
P06,26,1,758.2,17.06,3270.0,6.43,6.747,6996.4,0.46549,0,train
P06,26,2,723.9,20.26,3538.3,7.76,6.726,7020.8,0.47417,0,train
P06,27,1,748.8,15.72,2938.2,7.07,6.95,6983.7,0.48171,0,train
P06,27,2,687.2,19.75,3108.5,8.54,6.96,6996.4,0.49031,0,train
P06,28,1,773.5,17.55,3500.4,6.63,6.925,6997.2,0.49978,0,train
P06,28,2,707.2,12.67,2111.5,6.06,6.892,6994.5,0.50486,0,train
P06,29,1,789.4,13.11,2723.1,7.77,6.713,6993.6,0.51134,0,train
P06,29,2,711.7,19.32,3261.0,5.21,6.735,7014.2,0.51884,0,train
P06,30,1,795.1,16.19,3411.8,6.14,6.764,7018.9,0.52644,0,train
P06,30,2,760.7,18.51,3570.9,6.72,6.761,7005.7,0.53601,0,train
P06,31,1,781.8,19.96,4066.0,4.22,6.885,7052.5,0.54736,0,train
P06,31,2,706.9,22.36,3724.7,3.17,6.894,7044.8,0.55561,0,train
P06,31,3,704.9,18.13,3002.8,3.64,6.878,7041.6,0.56331,0,train
P06,32,1,782.7,16.07,3281.2,5.9,6.948,6994.5,0.57205,0,train
P06,32,2,764.0,18.8,3658.5,5.07,6.932,6993.7,0.58287,0,train
P06,32,3,685.3,11.65,1824.2,3.79,6.952,7015.0,0.58659,0,train
P06,33,1,752.6,18.06,3409.1,7.11,6.948,6999.4,0.5954,0,train
P06,33,2,741.5,15.19,2784.5,6.81,6.947,7019.7,0.60276,0,train
P06,34,1,816.7,17.59,3910.8,6.47,6.743,6982.5,0.61448,0,train
P06,34,2,679.6,14.65,2255.4,5.99,6.741,6976.4,0.61833,0,train
P06,34,3,718.4,16.62,2858.7,5.82,6.749,6949.0,0.62547,0,train
P06,35,1,824.9,18.07,4099.2,5.57,6.934,6996.5,0.63777,0,train
P06,35,2,708.2,18.91,3161.8,7.77,6.946,6978.5,0.64608,0,train
P06,36,1,760.7,21.24,4096.9,7.44,6.833,7001.1,0.65713,0,train
P06,36,2,815.7,16.88,3745.1,4.24,6.824,7024.4,0.66659,0,train
P06,37,1,811.2,19.27,4226.5,4.93,6.82,6971.7,0.67863,0,train
P06,37,2,737.4,18.18,3295.1,5.59,6.826,6969.6,0.68707,0,train
P06,38,1,790.7,21.11,4400.2,4.9,7.004,6995.5,0.69962,0,train
P06,38,2,802.0,20.91,4482.7,5.5,7.021,6979.4,0.71392,0,train
P06,39,1,812.3,16.94,3726.3,6.82,6.777,7012.6,0.72325,0,train
P06,39,2,773.6,15.58,3107.1,7.94,6.763,7005.0,0.73107,0,train
P06,40,1,703.2,19.8,3264.0,8.12,6.925,6993.4,0.73923,0,train
P06,40,2,728.6,15.9,2813.7,7.74,6.894,6973.7,0.74507,0,train
P06,41,1,842.7,18.32,4337.6,7.59,7.022,7006.3,0.75729,0,train
P06,41,2,708.4,17.16,2869.8,6.13,7.044,7028.6,0.76495,0,train
P06,42,1,810.8,16.88,3699.4,3.61,6.879,7005.1,0.77509,0,train
P06,42,2,759.3,16.97,3261.5,3.6,6.881,6986.3,0.78267,0,train
P06,42,3,752.3,14.29,2696.1,4.02,6.872,7019.4,0.78938,0,train
P06,43,1,800.1,21.85,4663.1,4.2,6.822,7024.8,0.80085,0,train
P06,43,2,764.4,15.86,3089.6,5.53,6.826,7003.9,0.80849,0,train
P06,44,1,817.1,16.11,3586.3,6.18,6.969,7007.6,0.81891,0,train
P06,44,2,742.2,18.01,3307.7,3.37,6.976,6990.5,0.8282,0,train
P06,44,3,712.7,16.03,2713.9,4.54,6.993,6977.0,0.83458,0,train
P06,45,1,846.6,20.05,4790.0,5.82,7.0,6998.0,0.84971,0,train
P06,45,2,739.2,19.06,3470.7,5.51,6.986,7014.4,0.85916,0,train
P06,45,3,678.6,22.73,3489.2,5.62,7.0,7017.6,0.86925,0,train
P06,46,1,822.7,18.3,4129.2,4.62,7.033,7026.3,0.88159,0,train
P06,46,2,723.9,19.58,3420.4,3.72,7.029,7046.6,0.89023,0,train
P06,46,3,727.2,20.96,3694.4,4.2,7.024,7026.7,0.90036,0,train
P06,47,1,813.8,17.67,3901.9,4.69,6.879,7028.2,0.90908,0,train
P06,47,2,792.6,18.63,3901.1,4.27,6.865,7017.7,0.91897,0,train
P06,47,3,859.6,19.05,4692.9,5.71,6.889,7015.6,0.93159,0,train
P06,48,1,794.0,12.97,2725.6,4.59,6.842,7013.0,0.93831,0,train
P06,48,2,765.5,19.06,3722.6,5.8,6.859,7007.1,0.94908,0,train
P06,48,3,829.3,19.01,4356.9,5.61,6.867,7003.0,0.96205,0,train
P06,49,1,816.0,18.48,4102.0,7.15,6.76,7029.8,0.97312,0,train
P06,49,2,801.6,19.05,4080.7,6.39,6.764,7021.8,0.98578,0,train
P06,50,1,793.3,14.54,3050.8,6.97,6.818,6985.5,0.99205,0,train
P06,50,2,824.9,19.53,4430.1,7.93,6.804,7001.0,1.0,1,train
P07,1,1,692.6,14.75,2358.5,6.3,6.91,7010.1,0.0051,0,train
P07,1,2,650.8,19.44,2744.2,5.84,6.913,7011.1,0.01083,0,train
P07,1,3,661.4,19.69,2872.1,5.95,6.933,7000.1,0.01589,0,train
P07,2,1,681.4,18.09,2799.7,6.3,6.873,6993.9,0.02194,0,train
P07,2,2,674.7,19.78,3002.2,4.81,6.871,7014.1,0.0292,0,train
P07,3,1,732.5,20.33,3636.5,8.52,6.773,6976.7,0.03871,0,train
P07,3,2,663.7,16.01,2350.9,8.51,6.754,6972.5,0.04364,0,train
P07,4,1,740.8,16.97,3104.4,7.6,6.827,6972.2,0.052,0,train
P07,4,2,659.9,16.52,2397.9,8.04,6.838,6964.9,0.05723,0,train
P07,5,1,700.9,24.3,3978.1,7.44,6.779,6982.1,0.068,0,train
P07,5,2,692.1,14.26,2276.5,7.44,6.769,6999.6,0.07306,0,train
P07,6,1,762.1,18.41,3564.5,9.76,6.942,6975.0,0.08299,0,train
P07,6,2,678.5,17.49,2684.4,10.48,6.947,6976.7,0.08936,0,train
P07,7,1,702.7,19.13,3148.5,7.57,6.912,7047.2,0.09714,0,train
P07,7,2,661.2,13.06,1903.8,6.76,6.892,7016.2,0.1011,0,train
P07,8,1,756.2,20.82,3968.3,6.97,6.739,6973.9,0.11148,0,train
P07,8,2,647.4,15.34,2142.6,6.04,6.73,6974.1,0.11662,0,train
P07,9,1,769.9,20.16,3982.9,5.39,6.893,6977.1,0.12674,0,train
P07,9,2,637.4,19.09,2584.7,4.71,6.894,6975.7,0.13262,0,train
P07,9,3,704.3,16.07,2656.4,4.29,6.884,6967.3,0.13928,0,train
P07,10,1,763.1,12.81,2487.3,5.28,6.813,6984.7,0.14455,0,train
P07,10,2,699.6,21.02,3429.3,5.59,6.833,6990.6,0.15246,0,train
P07,10,3,687.5,18.5,2914.7,5.28,6.823,7000.9,0.15969,0,train
P07,11,1,805.1,16.48,3560.7,8.41,6.799,6972.8,0.16858,0,train
P07,11,2,717.5,18.96,3254.5,7.02,6.796,6983.8,0.17695,0,train
P07,12,1,755.1,18.24,3466.3,6.61,6.708,7006.4,0.1852,0,train
P07,12,2,659.7,22.41,3250.3,7.32,6.707,7021.4,0.19448,0,train
P07,13,1,764.2,20.74,4037.5,5.74,6.935,7020.1,0.20484,0,train
P07,13,2,668.2,20.17,3002.1,5.55,6.919,6995.9,0.21253,0,train
P07,14,1,670.4,14.94,2239.0,5.76,6.791,7016.4,0.21665,0,train
P07,14,2,658.2,14.66,2117.1,5.18,6.784,6990.1,0.22072,0,train
P07,15,1,706.5,15.95,2653.6,4.88,6.759,6981.3,0.22594,0,train
P07,15,2,703.6,18.89,3117.2,5.3,6.738,7003.4,0.23275,0,train
P07,15,3,696.3,21.1,3410.3,4.56,6.733,7016.6,0.24044,0,train
P07,16,1,764.8,17.21,3356.5,3.15,6.829,7001.6,0.24963,0,train
P07,16,2,709.0,18.1,3032.9,5.48,6.849,7008.1,0.2568,0,train
P07,16,3,675.5,17.74,2698.6,4.42,6.862,7005.5,0.26405,0,train
P07,17,1,732.0,13.14,2347.2,6.76,6.829,7021.0,0.26907,0,train
P07,17,2,674.4,15.45,2341.9,4.8,6.841,7040.3,0.27405,0,train
P07,17,3,694.8,20.78,3344.3,5.5,6.846,7020.5,0.28248,0,train
P07,18,1,710.3,12.66,2129.6,7.57,6.878,6998.6,0.28714,0,train
P07,18,2,632.8,17.7,2362.6,6.36,6.879,6992.3,0.29242,0,train
P07,19,1,707.2,12.3,2050.4,7.02,6.857,7013.6,0.29598,0,train
P07,19,2,720.6,17.6,3047.2,7.42,6.848,6966.6,0.3034,0,train
P07,20,1,754.2,14.19,2690.1,4.53,6.817,7011.0,0.30924,0,train
P07,20,2,734.1,23.33,4190.9,2.71,6.824,7003.8,0.32076,0,train
P07,20,3,705.4,15.48,2567.0,4.63,6.793,7012.9,0.32592,0,train
P07,21,1,777.2,18.47,3717.8,5.1,6.814,6999.3,0.33684,0,train
P07,21,2,728.8,22.02,3898.7,4.89,6.816,6983.6,0.34611,0,train
P07,21,3,694.9,16.39,2638.7,5.59,6.812,6988.0,0.35241,0,train
P07,22,1,691.7,16.83,2683.6,6.2,6.809,6953.7,0.35818,0,train
P07,22,2,626.2,10.6,1385.7,5.48,6.803,6966.8,0.36105,0,train
P07,23,1,814.7,20.28,4486.6,2.91,6.704,6964.4,0.37333,0,train
P07,23,2,724.5,17.12,2996.1,4.44,6.718,6994.2,0.37971,0,train
P07,23,3,729.4,18.0,3192.7,4.13,6.702,6993.5,0.38666,0,train
P07,24,1,697.4,20.38,3304.0,6.51,6.836,7013.2,0.39452,0,train
P07,24,2,667.0,19.04,2824.3,5.49,6.838,7015.0,0.40211,0,train
P07,25,1,748.5,22.94,4283.6,7.23,6.704,7004.0,0.41297,0,train
P07,25,2,761.2,17.52,3384.7,7.38,6.709,6997.3,0.42167,0,train
P07,26,1,846.1,16.23,3874.2,6.06,6.814,6969.1,0.43207,0,train
P07,26,2,809.2,19.15,4178.8,6.36,6.797,6981.8,0.44328,0,train
P07,27,1,767.2,15.87,3113.6,6.49,6.83,6984.3,0.45182,0,train
P07,27,2,710.2,18.16,3053.3,4.3,6.802,6995.1,0.46029,0,train
P07,28,1,798.9,16.67,3546.7,5.74,6.734,6992.5,0.47023,0,train
P07,28,2,704.7,22.89,3789.6,5.98,6.746,6977.1,0.48114,0,train
P07,28,3,709.8,15.7,2636.6,6.11,6.764,6979.6,0.48734,0,train
P07,29,1,818.0,19.48,4344.4,6.49,6.726,6950.7,0.49829,0,train
P07,29,2,731.3,18.42,3283.7,9.47,6.72,6949.6,0.50591,0,train
P07,30,1,739.7,16.29,2972.2,5.93,6.868,6990.8,0.513,0,train
P07,30,2,707.1,19.35,3225.4,6.44,6.861,6980.3,0.52131,0,train
P07,31,1,878.3,15.14,3891.8,7.42,6.87,6990.9,0.5305,0,train
P07,31,2,691.3,19.62,3125.6,6.61,6.853,6997.5,0.53849,0,train
P07,32,1,768.6,19.74,3887.1,4.39,6.935,7002.5,0.54717,0,train
P07,32,2,720.0,22.83,3945.3,3.83,6.921,6982.1,0.55829,0,train
P07,32,3,762.7,18.81,3646.5,5.43,6.94,6978.8,0.56923,0,train
P07,33,1,800.2,15.41,3290.1,6.21,6.718,6998.4,0.57732,0,train
P07,33,2,741.6,17.81,3265.1,6.82,6.702,7005.3,0.58619,0,train
P07,34,1,774.0,18.42,3678.6,7.21,6.801,6981.4,0.59582,0,train
P07,34,2,709.1,17.94,3006.2,8.16,6.772,6976.9,0.60438,0,train
P07,35,1,824.6,17.16,3890.2,7.3,6.872,7014.4,0.61414,0,train
P07,35,2,787.1,16.36,3379.6,7.97,6.87,7012.4,0.62327,0,train
P07,36,1,821.1,18.59,4179.2,6.03,6.836,7022.8,0.6355,0,train
P07,36,2,762.0,15.35,2969.9,5.53,6.831,7007.9,0.64143,0,train
P07,36,3,763.0,19.36,3758.0,5.68,6.851,6997.2,0.65008,0,train
P07,37,1,788.1,18.23,3773.7,7.06,6.833,6993.6,0.65916,0,train
P07,37,2,808.7,16.18,3527.8,6.81,6.812,6974.5,0.66838,0,train
P07,38,1,815.8,21.71,4816.0,5.6,6.9,6991.3,0.68182,0,train
P07,38,2,795.4,20.45,4313.4,4.74,6.901,7020.0,0.69339,0,train
P07,38,3,781.4,19.78,4026.1,7.09,6.897,7004.7,0.70408,0,train
P07,39,1,829.2,16.45,3769.1,6.54,6.901,6998.9,0.71205,0,train
P07,39,2,773.6,16.38,3267.9,5.22,6.898,6983.7,0.72033,0,train
P07,40,1,779.1,14.0,2831.8,4.07,6.808,6976.0,0.72659,0,train
P07,40,2,755.6,17.5,3330.7,5.85,6.822,6972.3,0.73566,0,train
P07,40,3,818.4,17.42,3888.7,3.91,6.815,6989.6,0.74442,0,train
P07,41,1,804.5,21.36,4607.6,7.22,6.774,6952.4,0.75636,0,train
P07,41,2,727.8,16.32,2882.3,6.06,6.789,6969.4,0.76334,0,train
P07,42,1,893.0,20.1,5341.2,6.83,6.873,6996.0,0.78225,0,train
P07,42,2,771.6,18.3,3631.7,6.18,6.869,6985.5,0.79246,0,train
P07,43,1,790.5,16.92,3523.9,9.19,6.726,6993.3,0.80046,0,train
P07,43,2,780.0,18.38,3727.6,6.99,6.716,6980.2,0.80971,0,train
P07,44,1,880.0,18.35,4737.7,7.25,6.916,6982.2,0.82033,0,train
P07,44,2,796.2,21.16,4471.7,7.2,6.895,6959.4,0.83334,0,train
P07,45,1,802.2,17.97,3853.7,5.12,6.808,7009.8,0.84322,0,train
P07,45,2,830.6,17.94,4126.5,5.49,6.804,6986.8,0.85401,0,train
P07,46,1,854.9,21.6,5260.9,5.59,6.695,6997.0,0.87259,0,train
P07,46,2,780.2,13.01,2639.7,7.04,6.705,6993.9,0.87877,0,train
P07,47,1,851.5,18.89,4565.1,6.77,6.697,7040.9,0.89221,0,train
P07,47,2,832.9,13.96,3227.4,6.0,6.705,7011.9,0.9006,0,train
P07,48,1,895.8,18.77,5019.7,5.64,6.82,7002.1,0.91495,0,train
P07,48,2,736.3,15.18,2743.4,5.75,6.828,7011.5,0.92111,0,train
P07,48,3,879.3,15.33,3951.6,6.95,6.839,6996.2,0.93114,0,train
P07,49,1,927.0,20.18,5781.1,2.88,6.92,6983.2,0.94681,0,train
P07,49,2,755.8,19.62,3735.5,4.01,6.898,6985.9,0.95629,0,train
P07,49,3,714.8,20.3,3457.2,2.96,6.898,6980.8,0.96485,0,train
P07,50,1,768.1,18.92,3721.4,6.27,6.688,6965.2,0.97512,0,train
P07,50,2,816.6,18.58,4129.7,6.25,6.683,6986.4,0.98661,0,train
P07,50,3,856.7,20.92,5118.1,5.96,6.73,6987.0,1.0,1,train
P08,1,1,732.9,17.15,3070.0,6.88,6.708,6992.2,0.00825,0,train
P08,1,2,722.4,21.27,3699.9,5.55,6.664,6999.4,0.01924,0,train
P08,1,3,711.4,20.94,3532.8,6.0,6.713,7009.4,0.02771,0,train
P08,2,1,787.5,14.57,3010.6,8.0,6.748,7014.6,0.03543,0,train
P08,2,2,714.6,16.67,2838.2,7.73,6.732,7014.5,0.04289,0,train
P08,3,1,760.7,17.73,3419.1,7.81,6.71,7030.2,0.05083,0,train
P08,3,2,691.4,19.16,3053.3,6.32,6.7,7012.7,0.05907,0,train
P08,4,1,711.3,16.56,2793.0,7.21,6.75,7037.8,0.06615,0,train
P08,4,2,723.0,15.26,2659.3,5.53,6.737,7024.0,0.07327,0,train
P08,4,3,757.1,16.71,3191.5,7.97,6.771,7012.0,0.08024,0,train
P08,5,1,800.2,18.76,4005.0,7.57,6.889,6996.6,0.08784,0,train
P08,5,2,761.2,20.85,4027.7,10.21,6.881,6995.4,0.09802,0,train
P08,6,1,728.2,15.28,2700.7,7.11,6.723,6984.9,0.10449,0,train
P08,6,2,715.7,17.96,3067.3,5.43,6.713,6978.4,0.1123,0,train
P08,7,1,781.2,15.17,3086.3,6.61,6.841,6995.9,0.11933,0,train
P08,7,2,792.2,17.48,3657.2,6.21,6.868,6970.0,0.12805,0,train
P08,8,1,740.7,20.13,3682.0,7.56,6.787,6986.7,0.13814,0,train
P08,8,2,804.0,16.93,3647.3,8.33,6.793,7005.7,0.147,0,train
P08,9,1,794.3,20.01,4208.4,6.63,6.732,7006.6,0.15903,0,train
P08,9,2,698.5,18.45,2999.6,6.3,6.767,6996.2,0.16664,0,train
P08,10,1,781.3,15.24,3101.0,7.65,6.718,7059.5,0.1753,0,train
P08,10,2,728.1,15.42,2724.8,7.58,6.718,7045.2,0.18259,0,train
P08,11,1,858.7,20.24,4973.7,6.05,6.87,6997.6,0.19949,0,train
P08,11,2,686.1,18.83,2954.9,5.42,6.878,7012.9,0.20733,0,train
P08,12,1,766.4,11.9,2330.0,7.51,6.704,6961.1,0.21324,0,train
P08,12,2,818.4,16.38,3656.0,7.4,6.694,6980.2,0.22497,0,train
P08,13,1,807.2,17.95,3898.3,4.73,6.782,6981.8,0.23647,0,train
P08,13,2,726.2,20.05,3525.0,3.77,6.746,6998.5,0.24579,0,train
P08,13,3,771.7,21.19,4206.0,5.01,6.752,6990.4,0.2572,0,train
P08,14,1,805.6,19.74,4270.9,9.61,6.704,7024.2,0.26971,0,train
P08,14,2,763.5,18.03,3502.2,9.62,6.684,7001.4,0.27955,0,train
P08,15,1,809.9,20.71,4528.6,6.01,6.764,7010.1,0.29151,0,train
P08,15,2,738.0,17.98,3264.2,4.51,6.757,7021.5,0.30005,0,train
P08,15,3,798.1,20.04,4254.0,5.9,6.771,7008.6,0.31222,0,train
P08,16,1,823.7,23.76,5373.8,4.16,6.833,7007.9,0.33001,0,train
P08,16,2,760.6,18.46,3558.7,6.1,6.837,7008.7,0.33868,0,train
P08,17,1,843.7,17.75,4211.4,6.18,6.787,7032.8,0.3497,0,train
P08,17,2,744.6,17.51,3236.5,6.54,6.808,7048.3,0.36017,0,train
P08,18,1,809.7,23.53,5142.6,7.8,6.883,7025.1,0.37592,0,train
P08,18,2,713.7,18.04,3062.1,7.4,6.877,6996.8,0.38408,0,train
P08,19,1,791.6,16.97,3544.1,6.57,6.765,7017.6,0.39195,0,train
P08,19,2,732.1,15.29,2731.9,5.2,6.755,7015.8,0.39897,0,train
P08,20,1,777.3,22.36,4502.9,7.96,6.688,7017.3,0.41261,0,train
P08,20,2,768.3,17.0,3344.3,9.02,6.698,7003.5,0.42212,0,train
P08,21,1,786.4,18.56,3825.7,6.45,6.783,7023.9,0.4328,0,train
P08,21,2,740.1,25.03,4570.0,5.96,6.777,7040.3,0.44519,0,train
P08,22,1,861.7,22.32,5523.7,6.03,6.92,6988.5,0.46206,0,train
P08,22,2,850.3,15.17,3655.7,6.41,6.967,7015.9,0.47074,0,train
P08,23,1,817.9,17.89,3988.8,6.87,6.785,7051.5,0.48365,0,train
P08,23,2,827.7,15.39,3514.0,7.14,6.771,7013.5,0.49396,0,train
P08,24,1,836.2,21.55,5022.9,7.13,6.766,6999.1,0.50898,0,train
P08,24,2,739.2,15.77,2871.9,6.19,6.77,7003.7,0.5164,0,train
P08,25,1,824.2,20.89,4731.5,7.3,6.696,7028.0,0.53045,0,train
P08,25,2,690.9,15.02,2389.3,7.03,6.705,7019.1,0.53559,0,train
P08,26,1,827.5,18.6,4246.0,6.59,6.853,7009.0,0.54664,0,train
P08,26,2,813.3,23.79,5244.9,7.51,6.854,6995.9,0.56492,0,train
P08,27,1,764.4,18.5,3603.9,8.08,6.744,7001.8,0.57577,0,train
P08,27,2,772.6,16.8,3342.8,7.89,6.733,7007.0,0.58397,0,train
P08,28,1,867.6,18.17,4560.0,6.15,6.837,6991.3,0.59659,0,train
P08,28,2,808.0,20.83,4533.7,7.2,6.841,6991.7,0.60921,0,train
P08,29,1,785.5,18.92,3891.9,8.8,6.709,7000.5,0.62005,0,train
P08,29,2,676.2,20.6,3140.5,9.43,6.708,7007.4,0.62795,0,train
P08,30,1,858.9,14.17,3485.6,5.29,6.69,7012.1,0.63666,0,train
P08,30,2,838.4,15.9,3723.9,6.31,6.71,7001.8,0.64676,0,train
P08,31,1,851.5,22.8,5512.1,6.48,6.767,7028.9,0.66274,0,train
P08,31,2,808.3,20.99,4571.2,5.41,6.737,7007.0,0.67804,0,train
P08,32,1,856.3,17.75,4337.9,4.39,6.803,7002.1,0.69049,0,train
P08,32,2,781.7,21.29,4337.7,5.92,6.791,6997.7,0.7017,0,train
P08,33,1,777.7,24.03,4844.4,6.56,6.804,6998.1,0.71837,0,train
P08,33,2,835.1,18.9,4394.7,5.06,6.792,6981.6,0.73132,0,train
P08,34,1,861.8,19.06,4718.1,7.57,6.731,7000.0,0.74563,0,train
P08,34,2,745.8,12.77,2368.3,6.93,6.743,7027.4,0.75068,0,train
P08,35,1,911.1,17.79,4923.2,8.77,6.834,7021.2,0.7653,0,train
P08,35,2,695.9,21.66,3495.5,8.86,6.839,7011.5,0.77328,0,train
P08,36,1,810.8,12.26,2686.6,5.55,6.763,7015.5,0.78089,0,train
P08,36,2,736.2,17.3,3125.5,5.95,6.786,6991.9,0.78927,0,train
P08,36,3,782.6,16.86,3442.3,5.61,6.783,7004.1,0.79942,0,train
P08,37,1,919.1,17.54,4939.7,6.96,6.896,7005.8,0.81356,0,train
P08,37,2,801.0,18.48,3951.8,4.95,6.888,7010.3,0.82473,0,train
P08,38,1,860.0,17.54,4325.2,5.51,6.922,7016.5,0.83807,0,train
P08,38,2,870.7,21.35,5395.8,5.17,6.92,7010.9,0.85348,0,train
P08,39,1,884.1,18.74,4882.1,7.62,6.779,7004.5,0.86739,0,train
P08,39,2,791.1,25.19,5255.8,7.22,6.788,7017.5,0.88175,0,train
P08,40,1,811.5,12.12,2661.2,5.74,6.816,6987.4,0.88841,0,train
P08,40,2,820.1,18.48,4142.9,6.79,6.812,7002.9,0.90036,0,train
P08,41,1,854.0,21.56,5241.6,8.62,6.753,7016.7,0.9168,0,train
P08,41,2,811.6,16.65,3655.0,7.47,6.751,6991.5,0.9286,0,train
P08,42,1,909.3,15.08,4157.2,7.07,6.742,7003.2,0.94227,0,train
P08,42,2,825.4,20.15,4576.0,6.25,6.736,6995.8,0.95696,0,train
P08,43,1,944.4,15.4,4577.7,8.18,6.872,7037.2,0.96924,0,train
P08,43,2,850.1,18.65,4492.1,7.57,6.89,7009.3,0.98369,0,train
P08,44,1,971.4,15.94,5014.4,6.24,6.713,7000.0,0.99596,0,train
P08,44,2,862.6,20.18,5005.8,5.42,6.719,6982.3,1.0,1,train
P09,1,1,915.7,16.78,4688.8,6.17,6.868,6969.5,0.01135,0,train
P09,1,2,879.8,17.28,4458.2,4.05,6.875,6999.0,0.02419,0,train
P09,2,1,886.1,20.45,5353.3,7.58,6.708,6966.5,0.03624,0,train
P09,2,2,811.5,23.0,5049.4,7.3,6.708,6997.2,0.04847,0,train
P09,3,1,964.4,12.86,3987.4,8.72,6.884,6958.8,0.05764,0,train
P09,3,2,881.4,19.37,5014.5,8.02,6.868,6972.3,0.07148,0,train
P09,4,1,972.4,18.79,5924.1,5.57,6.716,6959.8,0.08903,0,train
P09,4,2,929.2,14.69,4227.9,4.78,6.693,6964.6,0.09942,0,train
P09,4,3,851.6,14.04,3393.2,5.61,6.717,6943.5,0.10681,0,train
P09,5,1,921.7,18.4,5210.4,5.07,6.715,6964.0,0.11952,0,train
P09,5,2,856.6,18.32,4480.0,3.99,6.709,6941.4,0.12971,0,train
P09,5,3,818.1,19.54,4358.7,5.37,6.689,6951.4,0.13993,0,train
P09,6,1,943.4,16.86,5002.6,4.86,6.912,6983.3,0.15084,0,train
P09,6,2,877.9,20.21,5191.5,5.47,6.927,6995.9,0.16281,0,train
P09,7,1,958.7,15.79,4838.8,8.65,6.747,6987.9,0.17378,0,train
P09,7,2,806.2,17.36,3762.0,8.47,6.772,6974.6,0.18117,0,train
P09,8,1,1016.2,20.0,6884.8,5.94,6.851,6981.9,0.20276,0,train
P09,8,2,911.9,17.8,4935.2,6.46,6.851,6960.4,0.21554,0,train
P09,9,1,893.1,16.33,4341.5,5.64,6.722,6973.4,0.22636,0,train
P09,9,2,764.9,20.76,4049.2,5.88,6.72,6971.9,0.23598,0,train
P09,9,3,960.5,17.1,5259.8,4.49,6.725,6974.2,0.25045,0,train
P09,10,1,932.5,19.94,5779.3,5.58,6.741,6982.5,0.26219,0,train
P09,10,2,906.9,20.75,5687.6,6.16,6.728,6985.7,0.27937,0,train
P09,11,1,880.8,19.2,4965.4,6.0,6.991,6960.0,0.29114,0,train
P09,11,2,849.5,17.12,4117.6,8.3,6.984,6946.1,0.30072,0,train
P09,12,1,934.0,18.02,5241.3,6.29,6.755,6991.2,0.3137,0,train
P09,12,2,919.6,16.74,4718.1,7.67,6.778,6990.8,0.32533,0,train
P09,13,1,986.5,18.5,6000.0,5.95,6.736,6967.2,0.34119,0,train
P09,13,2,869.7,17.34,4371.7,5.88,6.735,6974.2,0.351,0,train
P09,14,1,974.8,17.92,5677.5,7.64,6.745,6990.9,0.36529,0,train
P09,14,2,865.5,16.63,4151.3,5.99,6.737,6993.1,0.37408,0,train
P09,15,1,948.0,19.27,5774.1,8.65,6.756,6988.1,0.39055,0,train
P09,15,2,884.8,23.16,6044.6,8.16,6.739,6966.6,0.40727,0,train
P09,16,1,936.7,15.51,4535.3,5.59,6.836,6942.3,0.41818,0,train
P09,16,2,843.9,18.74,4449.8,5.04,6.829,6947.3,0.42858,0,train
P09,16,3,966.7,19.86,6186.4,5.54,6.835,6960.5,0.4436,0,train
P09,17,1,960.6,14.67,4512.2,6.4,6.691,6965.5,0.45569,0,train
P09,17,2,970.6,17.3,5431.0,4.92,6.689,6991.7,0.47033,0,train
P09,17,3,840.0,21.59,5077.4,5.2,6.696,6979.9,0.48507,0,train
P09,18,1,1003.9,21.26,7143.3,8.36,6.706,6975.6,0.50678,0,train
P09,18,2,905.0,15.07,4114.7,8.06,6.703,6987.4,0.51625,0,train
P09,19,1,1085.3,15.8,6203.7,6.94,6.712,6947.6,0.53343,0,train
P09,19,2,857.6,12.46,3053.8,7.77,6.702,6972.5,0.54025,0,train
P09,20,1,951.5,18.61,5616.3,5.66,6.884,6950.4,0.55451,0,train
P09,20,2,893.2,17.01,4521.9,5.53,6.889,6970.1,0.56442,0,train
P09,21,1,837.4,17.33,4051.5,8.88,6.939,6975.7,0.57461,0,train
P09,21,2,950.4,15.29,4602.7,8.81,6.914,6983.2,0.58563,0,train
P09,22,1,1060.3,14.89,5580.1,6.49,6.801,6959.7,0.59816,0,train
P09,22,2,826.2,18.17,4133.5,6.03,6.802,6963.5,0.60877,0,train
P09,22,3,860.1,19.0,4685.8,5.43,6.804,6968.3,0.61988,0,train
P09,23,1,851.3,20.86,5038.9,4.44,6.832,6961.1,0.63218,0,train
P09,23,2,909.5,17.85,4921.1,6.49,6.832,6966.7,0.64485,0,train
P09,24,1,968.6,19.21,6007.0,6.35,6.913,6983.7,0.66127,0,train
P09,24,2,955.6,23.27,7081.6,6.34,6.904,6987.0,0.68227,0,train
P09,25,1,919.7,13.66,3852.9,6.26,6.851,6979.6,0.69144,0,train
P09,25,2,890.0,17.83,4708.8,6.65,6.884,6972.4,0.70183,0,train
P09,25,3,876.4,16.43,4206.3,4.96,6.866,6976.2,0.71033,0,train
P09,26,1,878.6,17.18,4419.4,6.09,6.686,6958.0,0.72029,0,train
P09,26,2,816.0,21.12,4688.5,5.59,6.678,6983.1,0.72997,0,train
P09,27,1,918.0,19.13,5373.2,5.7,6.734,6975.9,0.74553,0,train
P09,27,2,922.6,20.42,5793.9,6.72,6.725,6993.4,0.7585,0,train
P09,28,1,889.5,17.42,4594.4,8.35,6.725,6967.2,0.76994,0,train
P09,28,2,853.2,17.2,4173.4,8.15,6.755,6958.3,0.78029,0,train
P09,29,1,1052.6,19.54,7214.2,7.74,6.707,6964.8,0.79953,0,train
P09,29,2,881.0,19.22,4972.4,8.85,6.686,6948.1,0.81218,0,train
P09,30,1,1003.7,19.66,6602.3,8.01,7.005,6990.7,0.82808,0,train
P09,30,2,976.7,19.67,6254.6,8.25,6.996,6993.3,0.84429,0,train
P09,31,1,1045.3,16.34,5953.1,6.7,6.879,6978.7,0.85878,0,train
P09,31,2,893.3,13.75,3658.2,8.08,6.881,6981.2,0.86713,0,train
P09,32,1,1027.8,19.46,6852.1,5.58,6.949,6951.9,0.88553,0,train
P09,32,2,945.0,18.72,5571.8,6.45,6.949,6971.7,0.89849,0,train
P09,33,1,917.8,18.44,5179.1,4.18,6.703,6995.2,0.91065,0,train
P09,33,2,908.8,15.9,4376.2,5.56,6.696,6977.0,0.92156,0,train
P09,33,3,823.2,18.3,4134.6,5.31,6.692,6982.2,0.93051,0,train
P09,34,1,997.7,16.57,5499.3,4.2,6.801,6961.8,0.94225,0,train
P09,34,2,967.2,20.25,6315.2,3.85,6.79,6956.3,0.95444,0,train
P09,34,3,911.9,21.21,5878.7,5.62,6.802,6980.2,0.96955,0,train
P09,35,1,950.6,19.56,5890.7,6.12,6.773,6951.1,0.9822,0,train
P09,35,2,973.1,20.29,6403.1,7.5,6.778,6966.4,1.0,1,train
P10,1,1,749.6,13.54,2535.3,5.22,6.697,7013.1,0.00421,0,train
P10,1,2,741.5,15.32,2808.3,4.85,6.699,7027.3,0.00877,0,train
P10,1,3,683.5,18.52,2883.4,5.06,6.693,6995.4,0.01418,0,train
P10,2,1,734.4,20.04,3601.9,6.63,6.772,7017.3,0.02059,0,train
P10,2,2,710.2,16.34,2746.8,6.64,6.74,7011.4,0.02459,0,train
P10,3,1,739.0,19.97,3635.0,9.25,6.85,7020.5,0.03254,0,train
P10,3,2,660.7,19.51,2838.9,7.15,6.862,7029.4,0.03627,0,train
P10,4,1,764.3,18.35,3573.9,8.07,6.797,7017.1,0.04344,0,train
P10,4,2,736.5,17.54,3171.5,7.6,6.784,7027.5,0.04816,0,train
P10,5,1,785.0,17.61,3617.9,3.27,6.801,7014.7,0.05474,0,train
P10,5,2,694.1,18.19,2920.9,3.15,6.77,7013.8,0.06062,0,train
P10,5,3,708.9,16.6,2780.0,4.36,6.801,6999.5,0.06563,0,train
P10,6,1,729.6,16.63,2950.8,4.08,6.723,6979.8,0.07104,0,train
P10,6,2,692.2,14.12,2254.9,5.39,6.725,7005.2,0.07528,0,train
P10,6,3,681.0,20.76,3210.2,5.65,6.722,7004.9,0.0815,0,train
P10,7,1,714.3,19.88,3381.4,5.19,6.727,7006.3,0.08723,0,train
P10,7,2,738.0,17.85,3240.5,4.2,6.73,6997.2,0.09232,0,train
P10,7,3,769.2,16.57,3267.1,3.84,6.727,7004.9,0.09689,0,train
P10,8,1,822.2,19.35,4361.2,6.0,6.712,6988.1,0.10471,0,train
P10,8,2,736.0,15.39,2778.7,5.26,6.703,6990.1,0.10867,0,train
P10,8,3,720.9,15.62,2706.4,3.76,6.679,7003.6,0.11235,0,train
P10,9,1,833.6,16.19,3750.2,5.76,6.692,7026.5,0.11809,0,train
P10,9,2,726.9,18.78,3308.1,6.48,6.694,7048.8,0.12344,0,train
P10,10,1,830.5,21.35,4907.3,8.89,6.759,7012.1,0.13429,0,train
P10,10,2,679.0,22.95,3526.7,7.56,6.75,7012.0,0.1404,0,train
P10,11,1,841.1,19.89,4689.8,8.33,6.694,7010.7,0.1513,0,train
P10,11,2,762.3,19.02,3684.2,5.7,6.701,7018.0,0.15797,0,train
P10,12,1,777.7,12.84,2588.3,4.45,6.965,7024.0,0.16225,0,train
P10,12,2,766.7,15.61,3057.7,5.48,6.929,7021.1,0.16732,0,train
P10,12,3,701.1,17.96,2943.5,4.23,6.922,7009.2,0.17295,0,train
P10,13,1,779.5,12.74,2580.6,5.1,6.828,7011.0,0.17691,0,train
P10,13,2,747.4,18.89,3517.4,5.43,6.797,7009.6,0.18338,0,train
P10,14,1,823.3,19.9,4496.3,6.16,6.728,6994.9,0.19237,0,train
P10,14,2,729.6,15.35,2723.1,6.32,6.715,7001.4,0.19702,0,train
P10,15,1,784.2,18.3,3750.7,3.46,6.706,7007.2,0.20329,0,train
P10,15,2,671.3,18.51,2780.5,2.95,6.673,7014.1,0.20819,0,train
P10,15,3,810.0,16.15,3533.4,3.91,6.684,7011.1,0.21514,0,train
P10,16,1,809.7,14.05,3069.3,7.84,6.843,7021.6,0.22121,0,train
P10,16,2,805.3,19.27,4165.6,6.67,6.853,7036.9,0.22757,0,train
P10,17,1,853.7,16.98,4124.2,7.58,6.779,7039.9,0.23569,0,train
P10,17,2,775.8,21.73,4359.7,8.23,6.787,7039.1,0.24297,0,train
P10,18,1,835.9,12.41,2891.7,3.96,6.697,6985.2,0.24847,0,train
P10,18,2,733.8,18.63,3343.9,5.08,6.713,6980.1,0.25416,0,train
P10,18,3,730.7,21.41,3810.5,5.3,6.697,6985.7,0.26252,0,train
P10,19,1,768.0,15.13,2975.7,6.23,6.71,6987.1,0.26755,0,train
P10,19,2,804.6,14.12,3047.6,8.62,6.722,7014.6,0.27299,0,train
P10,20,1,784.3,17.38,3564.0,3.98,6.735,7003.6,0.28014,0,train
P10,20,2,784.9,18.83,3866.8,4.88,6.741,6998.5,0.28709,0,train
P10,20,3,715.7,14.35,2450.6,2.86,6.773,6995.2,0.29148,0,train
P10,21,1,771.1,19.52,3868.6,3.34,6.71,6967.9,0.30059,0,train
P10,21,2,787.0,11.87,2450.8,2.83,6.706,6967.3,0.3046,0,train
P10,21,3,758.0,19.14,3666.4,5.8,6.723,6969.0,0.31076,0,train
P10,22,1,838.1,18.43,4315.9,6.02,6.75,7015.1,0.31961,0,train
P10,22,2,764.2,15.98,3110.0,7.3,6.74,7013.4,0.32586,0,train
P10,22,3,777.3,14.73,2966.4,6.44,6.725,7022.6,0.33087,0,train
P10,23,1,834.5,15.93,3698.4,5.98,6.78,6992.7,0.33748,0,train
P10,23,2,822.3,20.26,4566.8,6.35,6.786,7005.7,0.34631,0,train
P10,23,3,733.5,17.57,3150.4,5.77,6.774,6999.7,0.35206,0,train
P10,24,1,889.1,14.66,3861.6,8.05,6.814,7021.5,0.35932,0,train
P10,24,2,739.1,17.93,3264.4,6.78,6.833,7036.2,0.3651,0,train
P10,25,1,755.7,16.76,3191.1,5.82,6.732,6981.6,0.37029,0,train
P10,25,2,754.5,17.79,3375.3,4.02,6.739,7005.6,0.37544,0,train
P10,25,3,762.6,17.76,3443.6,4.95,6.71,7000.0,0.38,0,train
P10,26,1,942.2,17.17,5082.3,5.15,6.7,7028.4,0.39223,0,train
P10,26,2,733.8,19.73,3541.1,3.5,6.698,7024.3,0.39881,0,train
P10,26,3,823.3,18.48,4174.6,4.6,6.714,7015.9,0.4077,0,train
P10,27,1,772.0,16.75,3327.6,3.68,6.71,7025.6,0.41224,0,train
P10,27,2,771.4,20.35,4037.6,5.01,6.719,7034.5,0.41903,0,train
P10,27,3,822.6,18.18,4099.6,4.3,6.692,7021.1,0.42738,0,train
P10,28,1,871.9,15.04,3812.8,6.34,6.722,7033.7,0.43534,0,train
P10,28,2,761.2,12.76,2464.4,7.82,6.694,7029.8,0.43874,0,train
P10,29,1,825.1,20.47,4645.4,4.17,6.676,6968.0,0.44639,0,train
P10,29,2,702.9,16.8,2767.2,4.05,6.702,6974.4,0.45094,0,train
P10,29,3,770.9,13.87,2746.9,4.0,6.702,6974.8,0.45536,0,train
P10,30,1,882.8,14.25,3702.7,5.68,6.732,7021.4,0.4618,0,train
P10,30,2,835.7,14.46,3365.8,4.55,6.713,6996.9,0.46797,0,train
P10,30,3,812.0,16.46,3618.9,4.56,6.719,7002.3,0.47379,0,train
P10,31,1,828.2,19.86,4540.7,5.83,6.723,7006.0,0.48103,0,train
P10,31,2,794.2,17.05,3586.1,4.77,6.696,7005.9,0.48626,0,train
P10,31,3,764.3,19.03,3705.0,5.18,6.705,7006.2,0.49149,0,train
P10,32,1,873.7,21.77,5540.6,5.48,6.801,7022.3,0.50369,0,train
P10,32,2,808.5,20.33,4429.9,4.4,6.826,7013.5,0.51193,0,train
P10,33,1,760.8,18.11,3493.9,5.2,6.704,7014.0,0.51876,0,train
P10,33,2,761.8,15.33,2965.6,7.23,6.694,7006.7,0.52446,0,train
P10,33,3,835.9,17.74,4132.3,5.81,6.714,7002.3,0.53234,0,train
P10,34,1,892.3,20.14,5344.5,6.7,6.764,7029.7,0.54299,0,train
P10,34,2,856.1,16.43,4014.3,4.51,6.777,7035.4,0.55189,0,train
P10,34,3,774.5,18.82,3764.5,5.92,6.771,7028.1,0.55809,0,train
P10,35,1,837.4,25.31,5914.8,7.16,6.784,7009.4,0.57098,0,train
P10,35,2,809.8,13.75,3006.3,8.14,6.787,7025.6,0.57676,0,train
P10,36,1,830.8,18.53,4264.4,5.46,6.695,6992.6,0.58477,0,train
P10,36,2,800.3,14.41,3076.0,6.37,6.711,7001.9,0.59073,0,train
P10,37,1,841.3,19.32,4558.4,4.82,6.699,7017.3,0.60137,0,train
P10,37,2,793.2,14.81,3106.3,4.33,6.68,7003.4,0.60623,0,train
P10,37,3,752.3,23.9,4510.0,3.65,6.679,7021.8,0.61454,0,train
P10,38,1,912.7,20.04,5563.5,3.26,6.784,7043.0,0.62447,0,train
P10,38,2,817.5,18.76,4178.6,3.77,6.787,7032.9,0.6338,0,train
P10,38,3,838.1,14.84,3475.5,4.84,6.794,7046.6,0.64022,0,train
P10,39,1,912.7,17.03,4728.0,6.04,6.727,7003.9,0.64767,0,train
P10,39,2,809.7,20.21,4416.8,5.29,6.712,6997.8,0.6578,0,train
P10,39,3,781.5,20.57,4188.0,4.74,6.706,6998.7,0.66517,0,train
P10,40,1,839.0,19.62,4604.1,4.87,6.7,7008.8,0.67377,0,train
P10,40,2,866.8,14.96,3746.6,4.71,6.712,6991.0,0.67994,0,train
P10,40,3,814.2,20.32,4489.5,5.43,6.696,6992.6,0.68993,0,train
P10,41,1,915.2,20.54,5736.2,5.09,6.83,7016.2,0.70336,0,train
P10,41,2,791.8,23.34,4877.8,6.55,6.831,7019.7,0.71187,0,train
P10,41,3,828.1,15.57,3559.5,5.38,6.831,7028.5,0.71852,0,train
P10,42,1,994.4,21.38,7048.5,8.12,6.701,7004.7,0.73526,0,train
P10,42,2,754.3,19.88,3770.1,6.27,6.712,6986.0,0.74186,0,train
P10,43,1,856.0,19.99,4883.6,5.0,6.685,6987.2,0.75299,0,train
P10,43,2,839.7,16.89,3970.7,3.5,6.717,6982.3,0.76241,0,train
P10,43,3,783.6,20.55,4206.2,3.93,6.692,7005.1,0.77016,0,train
P10,44,1,895.6,19.22,5139.5,7.52,6.705,7018.4,0.77967,0,train
P10,44,2,776.0,16.84,3380.1,9.04,6.707,7017.4,0.78589,0,train
P10,45,1,821.2,17.55,3944.6,6.42,6.711,7006.4,0.79224,0,train
P10,45,2,868.0,13.83,3474.0,7.0,6.7,7001.3,0.79841,0,train
P10,46,1,887.8,20.47,5378.5,6.27,6.824,7009.6,0.81337,0,train
P10,46,2,830.7,18.69,4298.3,5.19,6.784,7003.4,0.8201,0,train
P10,47,1,959.3,13.76,4221.4,6.5,6.838,7004.6,0.82843,0,train
P10,47,2,850.0,17.83,4292.5,6.25,6.85,7012.3,0.83703,0,train
P10,48,1,916.9,17.16,4808.6,4.72,6.682,7019.7,0.84663,0,train
P10,48,2,745.5,18.67,3459.1,5.7,6.704,7023.9,0.85254,0,train
P10,48,3,821.8,22.34,5029.0,5.85,6.71,7019.9,0.86248,0,train
P10,49,1,1000.7,16.81,5612.1,3.75,6.692,7032.6,0.87696,0,train
P10,49,2,843.7,15.28,3626.6,4.64,6.706,7023.9,0.88419,0,train
P10,49,3,772.5,19.64,3905.9,4.68,6.687,7023.2,0.89115,0,train
P10,50,1,909.4,18.07,4981.7,7.25,6.712,7020.1,0.90082,0,train
P10,50,2,810.3,14.75,3227.3,8.56,6.694,7018.9,0.90579,0,train
P10,51,1,934.8,20.15,5867.7,6.01,6.741,6998.2,0.92066,0,train
P10,51,2,815.0,20.14,4459.6,4.73,6.737,7038.4,0.92977,0,train
P10,51,3,895.6,17.7,4732.7,6.27,6.757,7010.9,0.93964,0,train
P10,52,1,954.8,17.74,5390.1,4.3,6.688,7039.8,0.95307,0,train
P10,52,2,872.0,20.02,5075.1,6.65,6.684,7049.8,0.9617,0,train
P10,52,3,882.5,17.66,4584.6,4.88,6.695,7026.8,0.9709,0,train
P10,53,1,833.5,18.33,4245.0,5.55,6.867,7022.9,0.97884,0,train
P10,53,2,895.9,19.8,5298.1,3.32,6.854,7037.4,0.98899,0,train
P10,53,3,872.3,13.5,3423.5,4.94,6.836,7033.0,0.995,0,train
P10,54,1,902.2,20.09,5452.1,3.91,6.795,7023.5,1.0,0,train
P10,54,2,836.8,22.74,5307.8,3.75,6.781,7030.5,1.0,0,train
P10,54,3,835.6,18.7,4351.7,4.9,6.811,7023.9,1.0,1,train
P11,1,1,916.2,18.49,5174.4,3.48,7.031,6981.8,0.01277,0,train
P11,1,2,808.7,17.88,3897.9,6.2,7.034,6949.6,0.02019,0,train
P11,2,1,848.0,20.36,4881.5,5.95,6.805,6984.1,0.03217,0,train
P11,2,2,807.6,16.49,3585.9,3.88,6.799,6984.6,0.04045,0,train
P11,2,3,797.3,18.08,3830.2,4.01,6.796,6961.0,0.05109,0,train
P11,3,1,944.3,17.6,5231.2,5.67,6.813,7005.4,0.06527,0,train
P11,3,2,869.3,18.29,4607.6,5.52,6.806,6988.2,0.07547,0,train
P11,3,3,883.7,23.07,6004.4,5.64,6.804,6985.3,0.09165,0,train
P11,4,1,915.8,23.99,6705.1,7.75,6.933,6977.5,0.10968,0,train
P11,4,2,765.0,16.96,3309.7,7.59,6.922,6928.6,0.11714,0,train
P11,5,1,913.7,19.14,5326.9,5.66,6.891,6980.2,0.1328,0,train
P11,5,2,830.1,24.39,5600.7,6.21,6.902,6958.7,0.14848,0,train
P11,5,3,879.1,15.7,4044.6,5.9,6.873,6954.9,0.15917,0,train
P11,6,1,922.6,18.35,5205.4,7.24,6.848,6961.7,0.1714,0,train
P11,6,2,869.3,17.64,4442.9,6.03,6.877,6970.1,0.18269,0,train
P11,7,1,830.0,14.31,3285.8,4.86,7.055,6987.5,0.19016,0,train
P11,7,2,927.5,14.83,4252.0,7.65,7.037,6989.4,0.1995,0,train
P11,8,1,956.1,17.34,5282.5,8.42,6.943,6989.4,0.21304,0,train
P11,8,2,857.9,16.21,3978.1,7.03,6.951,6992.4,0.22118,0,train
P11,9,1,865.0,20.3,5063.4,6.9,6.928,6981.0,0.23453,0,train
P11,9,2,851.1,17.1,4127.7,9.83,6.946,6962.5,0.24431,0,train
P11,10,1,911.3,17.34,4800.9,8.39,7.089,6994.6,0.25531,0,train
P11,10,2,794.5,18.82,3959.8,9.33,7.101,7008.0,0.26367,0,train
P11,11,1,927.9,17.49,5018.8,8.39,7.007,6964.1,0.2742,0,train
P11,11,2,820.9,18.83,4229.4,6.79,7.023,6978.0,0.28438,0,train
P11,12,1,990.0,17.77,5805.7,7.39,6.912,6972.1,0.29916,0,train
P11,12,2,894.7,20.68,5519.0,6.05,6.923,6995.7,0.31279,0,train
P11,13,1,899.8,17.5,4721.9,7.44,7.073,6966.9,0.32472,0,train
P11,13,2,870.1,15.04,3796.3,6.75,7.105,6989.5,0.33349,0,train
P11,14,1,855.4,15.79,3851.3,6.33,6.974,6968.5,0.34173,0,train
P11,14,2,823.8,14.29,3233.4,7.63,6.989,6966.8,0.34903,0,train
P11,15,1,982.1,18.06,5808.0,5.46,6.925,6942.5,0.36585,0,train
P11,15,2,848.7,23.64,5676.0,7.16,6.912,6937.1,0.37982,0,train
P11,16,1,908.3,19.3,5307.1,7.76,7.082,6946.5,0.394,0,train
P11,16,2,762.4,20.0,3874.9,6.49,7.077,6972.3,0.40213,0,train
P11,17,1,872.1,16.64,4218.0,5.09,6.81,6962.7,0.41203,0,train
P11,17,2,896.0,15.18,4062.0,6.37,6.838,6975.1,0.42152,0,train
P11,18,1,904.1,20.25,5517.0,6.27,7.007,6991.3,0.43508,0,train
P11,18,2,836.4,21.17,4935.9,3.59,6.989,6994.9,0.44755,0,train
P11,18,3,844.0,17.59,4177.4,4.72,6.991,6988.7,0.45818,0,train
P11,19,1,1002.6,16.78,5622.1,5.8,7.04,6987.1,0.47162,0,train
P11,19,2,807.2,19.35,4201.9,5.88,7.043,6974.6,0.48193,0,train
P11,20,1,992.7,17.47,5738.2,7.96,6.93,6968.4,0.49689,0,train
P11,20,2,891.1,16.37,4332.8,9.01,6.906,6942.2,0.50746,0,train
P11,21,1,977.5,22.63,7206.3,6.73,6.795,6996.8,0.53008,0,train
P11,21,2,919.6,21.98,6194.4,7.71,6.843,6982.1,0.54631,0,train
P11,22,1,932.5,20.05,5811.9,3.64,6.973,6990.6,0.56091,0,train
P11,22,2,918.6,16.72,4703.1,4.89,7.006,7001.5,0.57193,0,train
P11,22,3,843.4,17.89,4242.7,5.46,7.004,6983.2,0.58319,0,train
P11,23,1,974.7,20.91,6622.4,7.39,7.036,7002.4,0.60157,0,train
P11,23,2,1010.0,19.96,6785.3,6.19,7.042,6998.9,0.61926,0,train
P11,24,1,973.5,15.77,4983.4,6.73,6.877,6957.0,0.62931,0,train
P11,24,2,900.4,13.81,3730.3,8.09,6.861,6951.3,0.63929,0,train
P11,25,1,968.9,14.92,4668.5,5.32,6.888,6994.8,0.65279,0,train
P11,25,2,957.4,12.73,3888.4,4.67,6.907,7003.9,0.6621,0,train
P11,25,3,903.6,15.79,4297.4,6.09,6.9,7000.4,0.67213,0,train
P11,26,1,873.3,17.8,4525.6,8.46,6.88,6994.1,0.68068,0,train
P11,26,2,909.4,21.03,5796.0,8.16,6.844,7002.4,0.69592,0,train
P11,27,1,948.4,20.96,6282.8,6.58,7.044,6973.3,0.71212,0,train
P11,27,2,863.9,16.62,4135.4,6.48,7.03,6948.9,0.72162,0,train
P11,27,3,980.4,19.33,6194.1,6.01,7.039,6952.8,0.73778,0,train
P11,28,1,917.8,20.88,5863.4,5.09,6.872,6971.7,0.75316,0,train
P11,28,2,906.3,19.83,5430.1,5.37,6.853,6994.8,0.76545,0,train
P11,29,1,925.9,20.78,5937.7,8.28,7.06,6937.2,0.77954,0,train
P11,29,2,896.0,14.19,3796.1,6.59,7.046,6951.0,0.78832,0,train
P12,1,1,743.5,20.38,3755.6,8.47,6.728,6987.6,0.00883,0,train
P12,1,2,711.4,16.89,2849.7,7.58,6.748,7007.8,0.01468,0,train
P12,2,1,745.8,17.36,3218.0,6.31,6.893,7025.0,0.02317,0,train
P12,2,2,726.6,22.27,3918.9,5.13,6.898,7027.5,0.03486,0,train
P12,3,1,708.3,16.76,2803.3,5.18,6.789,7006.9,0.04288,0,train
P12,3,2,651.3,19.42,2746.0,5.78,6.792,7027.8,0.04951,0,train
P12,4,1,761.9,16.61,3214.6,6.11,6.82,7032.2,0.05718,0,train
P12,4,2,693.5,23.05,3695.9,6.35,6.813,7020.7,0.06619,0,train
P12,5,1,673.2,21.5,3247.7,5.87,6.808,7043.0,0.07351,0,train
P12,5,2,667.2,21.8,3235.1,6.02,6.811,7042.7,0.08099,0,train
P12,6,1,826.4,25.9,5897.5,7.34,6.829,7012.0,0.09771,0,train
P12,6,2,689.3,18.74,2968.3,8.53,6.828,7029.0,0.10537,0,train
P12,7,1,726.5,25.02,4402.0,5.13,6.756,6973.3,0.11682,0,train
P12,7,2,655.4,13.28,1901.2,6.09,6.737,6982.5,0.12037,0,train
P12,8,1,696.8,18.94,3065.5,5.72,6.703,7024.9,0.12799,0,train
P12,8,2,738.3,17.62,3201.0,5.45,6.685,7031.6,0.13697,0,train
P12,8,3,711.1,19.43,3275.7,4.14,6.718,7029.7,0.14467,0,train
P12,9,1,755.0,16.71,3174.4,5.08,6.917,7039.1,0.15216,0,train
P12,9,2,733.2,20.75,3719.1,6.46,6.911,7048.1,0.16088,0,train
P12,9,3,659.5,17.43,2526.9,5.07,6.904,7013.1,0.16749,0,train
P12,10,1,686.0,18.59,2916.0,4.47,6.861,7031.7,0.1745,0,train
P12,10,2,735.4,23.37,4212.4,7.59,6.866,7035.6,0.18399,0,train
P12,10,3,738.7,17.66,3211.6,5.31,6.838,7030.3,0.19156,0,train
P12,11,1,805.5,20.65,4466.9,6.08,6.75,7035.8,0.20595,0,train
P12,11,2,708.5,17.88,2991.5,4.72,6.752,7029.2,0.21364,0,train
P12,11,3,662.5,22.71,3322.7,4.16,6.755,7004.1,0.22317,0,train
P12,12,1,747.8,16.43,3063.1,5.87,6.72,7002.2,0.23181,0,train
P12,12,2,625.2,14.29,1862.0,6.77,6.738,6996.4,0.23599,0,train
P12,13,1,776.3,21.0,4218.3,5.14,6.922,7020.9,0.24774,0,train
P12,13,2,655.1,17.09,2444.9,4.34,6.942,6998.9,0.25401,0,train
P12,13,3,725.1,17.87,3131.6,4.85,6.954,6991.6,0.26259,0,train
P12,14,1,772.9,23.18,4615.8,7.76,6.944,7023.5,0.27584,0,train
P12,14,2,697.8,19.81,3215.3,7.18,6.936,7024.3,0.28402,0,train
P12,15,1,865.2,19.54,4874.6,6.9,6.748,7016.8,0.29443,0,train
P12,15,2,641.9,15.38,2112.4,6.59,6.743,7019.9,0.29892,0,train
P12,16,1,772.9,16.44,3273.6,2.93,6.762,7030.5,0.30772,0,train
P12,16,2,736.2,16.47,2974.5,3.47,6.759,7005.7,0.31567,0,train
P12,16,3,721.9,15.69,2725.6,4.48,6.757,6999.2,0.32263,0,train
P12,17,1,801.8,18.81,4030.4,7.19,6.78,7006.7,0.33326,0,train
P12,17,2,816.0,15.19,3371.5,7.49,6.779,7009.9,0.34098,0,train
P12,18,1,703.2,17.64,2907.5,6.6,6.896,7048.8,0.34827,0,train
P12,18,2,707.7,20.29,3387.3,6.83,6.919,7029.6,0.35719,0,train
P12,19,1,769.3,19.48,3842.4,3.87,6.882,7023.0,0.36728,0,train
P12,19,2,731.6,17.59,3138.2,3.18,6.872,7022.6,0.37589,0,train
P12,19,3,697.5,16.01,2596.5,2.55,6.889,7024.8,0.38064,0,train
P12,20,1,832.0,15.17,3499.6,6.34,6.788,6997.5,0.38981,0,train
P12,20,2,756.5,24.11,4599.4,5.1,6.77,7017.7,0.40331,0,train
P12,21,1,819.3,16.83,3764.7,6.93,6.859,7048.5,0.41238,0,train
P12,21,2,753.7,17.98,3405.6,7.46,6.87,7062.2,0.42146,0,train
P12,22,1,782.6,16.11,3289.0,8.34,6.769,7023.4,0.42946,0,train
P12,22,2,655.5,14.55,2083.8,5.71,6.768,7029.0,0.43493,0,train
P12,23,1,845.2,16.15,3845.7,6.78,6.879,7035.6,0.44542,0,train
P12,23,2,751.1,19.61,3687.4,6.98,6.882,7019.6,0.45532,0,train
P12,24,1,766.4,19.17,3752.4,5.37,6.778,7008.1,0.46622,0,train
P12,24,2,732.3,16.91,3023.0,2.93,6.766,7005.9,0.47504,0,train
P12,24,3,698.9,18.16,2956.4,4.63,6.768,7022.3,0.48249,0,train
P12,25,1,788.2,21.43,4437.8,9.89,6.793,7010.1,0.49409,0,train
P12,25,2,722.2,18.61,3235.2,10.96,6.816,7004.7,0.50115,0,train
P12,26,1,888.2,20.27,5329.6,4.53,6.765,7006.2,0.51787,0,train
P12,26,2,722.9,16.19,2820.5,5.55,6.773,7021.2,0.5251,0,train
P12,27,1,902.6,19.31,5243.8,6.33,7.003,7026.3,0.54231,0,train
P12,27,2,696.7,15.81,2558.4,6.33,6.993,7033.0,0.54804,0,train
P12,28,1,813.7,22.76,5023.0,3.44,6.763,7027.1,0.56298,0,train
P12,28,2,751.0,18.96,3565.3,2.88,6.777,7023.4,0.57316,0,train
P12,28,3,836.9,21.56,5032.2,3.23,6.787,7011.4,0.58675,0,train
P12,29,1,758.8,16.78,3220.4,6.45,6.716,7039.3,0.59638,0,train
P12,29,2,727.1,20.8,3665.3,4.8,6.713,7043.9,0.60695,0,train
P12,30,1,775.4,18.03,3613.4,6.91,6.704,7010.0,0.61675,0,train
P12,30,2,740.2,17.09,3121.3,5.67,6.685,7013.7,0.62429,0,train
P12,30,3,768.4,19.16,3771.0,6.48,6.695,7012.2,0.63445,0,train
P12,31,1,811.8,17.31,3803.5,3.07,6.816,7008.5,0.64387,0,train
P12,31,2,797.0,16.91,3579.2,5.07,6.833,7030.5,0.65101,0,train
P12,31,3,758.1,13.38,2564.0,4.96,6.835,7018.5,0.65763,0,train
P12,32,1,859.3,15.89,3910.0,3.59,6.696,7007.9,0.66824,0,train
P12,32,2,721.7,14.58,2531.3,3.19,6.71,7034.1,0.6744,0,train
P12,32,3,750.3,15.13,2839.0,2.64,6.676,7031.0,0.68103,0,train
P12,33,1,829.0,17.44,3994.6,5.28,6.787,7011.1,0.69167,0,train
P12,33,2,789.8,15.43,3207.2,5.17,6.794,6993.5,0.69903,0,train
P12,34,1,864.8,16.0,3989.6,4.68,6.9,6966.5,0.71127,0,train
P12,34,2,811.4,10.66,2338.7,5.34,6.934,6997.8,0.71621,0,train
P12,34,3,770.4,17.22,3407.5,5.33,6.899,6979.5,0.72559,0,train
P12,35,1,774.9,17.59,3521.2,5.59,6.782,7021.7,0.73529,0,train
P12,35,2,744.5,15.89,2935.5,7.5,6.763,7045.3,0.74261,0,train
P12,36,1,860.6,18.95,4677.8,4.54,6.77,7059.4,0.75627,0,train
P12,36,2,759.3,17.98,3455.3,5.25,6.789,7063.6,0.76477,0,train
P12,37,1,864.4,21.78,5424.3,5.82,6.81,6991.8,0.78502,0,train
P12,37,2,822.3,17.36,3912.6,4.84,6.815,6998.1,0.79686,0,train
P12,37,3,784.9,21.95,4507.3,4.39,6.813,6987.2,0.8092,0,train
P12,38,1,886.5,16.06,4207.7,7.22,6.875,7010.6,0.82119,0,train
P12,38,2,809.3,17.61,3845.1,5.74,6.895,7011.3,0.83328,0,train
P12,38,3,758.8,16.94,3250.0,5.37,6.881,7021.8,0.84058,0,train
P12,39,1,891.0,16.52,4372.8,5.29,6.793,7022.5,0.85144,0,train
P12,39,2,791.4,19.11,3989.5,5.81,6.773,7013.3,0.86333,0,train
P12,40,1,870.9,18.55,4689.1,4.51,6.864,7029.0,0.87741,0,train
P12,40,2,794.7,16.83,3542.9,7.73,6.864,7040.2,0.88791,0,train
P12,40,3,910.5,22.33,6170.5,6.9,6.86,7045.3,0.91286,0,train
P12,41,1,909.6,19.66,5422.8,6.43,6.815,7025.1,0.92862,0,train
P12,41,2,849.6,16.8,4041.6,6.76,6.836,7035.0,0.94234,0,train
P12,41,3,809.9,17.82,3895.7,4.51,6.843,7028.2,0.95312,0,train
P12,42,1,818.9,18.06,4038.3,6.21,6.833,7001.6,0.96644,0,train
P12,42,2,751.1,14.9,2801.6,7.63,6.808,7008.0,0.97362,0,train
P12,43,1,874.3,18.73,4772.3,5.6,6.788,6982.2,0.99036,0,train
P12,43,2,748.7,15.9,2970.9,5.92,6.776,6964.6,0.99698,0,train
P12,44,1,817.7,15.92,3548.4,7.03,6.711,7016.9,1.0,0,train
P12,44,2,788.1,21.12,4372.6,5.61,6.711,6999.4,1.0,0,train
P12,44,3,814.3,19.62,4337.2,4.8,6.705,7022.2,1.0,1,train
P13,1,1,799.8,19.93,4248.7,7.19,6.957,7031.3,0.01087,0,train
P13,1,2,788.2,23.44,4853.3,6.61,6.98,7048.2,0.02486,0,train
P13,2,1,869.7,18.14,4574.9,5.92,6.893,6992.5,0.03887,0,train
P13,2,2,809.0,19.9,4341.0,6.95,6.869,6985.7,0.05074,0,train
P13,3,1,921.2,17.34,4905.5,6.46,6.791,7029.4,0.06306,0,train
P13,3,2,822.7,15.6,3518.8,6.1,6.777,7010.6,0.07331,0,train
P13,4,1,835.9,22.64,5272.6,7.82,6.933,7006.8,0.08959,0,train
P13,4,2,791.6,19.46,4065.0,6.93,6.947,7017.2,0.10052,0,train
P13,5,1,838.5,15.65,3668.1,6.42,6.839,6998.3,0.10984,0,train
P13,5,2,879.9,17.52,4521.5,4.79,6.86,7008.5,0.121,0,train
P13,5,3,874.4,16.55,4217.1,6.53,6.852,6975.8,0.1337,0,train
P13,6,1,918.1,17.96,5045.0,6.64,6.926,6995.4,0.15049,0,train
P13,6,2,844.9,19.79,4708.3,5.98,6.914,6971.3,0.16665,0,train
P13,7,1,897.3,18.69,5015.0,8.06,6.935,6999.9,0.18229,0,train
P13,7,2,819.0,15.89,3553.4,6.47,6.919,6999.0,0.1928,0,train
P13,8,1,958.4,17.5,5357.7,7.6,6.875,7001.0,0.20759,0,train
P13,8,2,816.2,15.39,3416.3,8.23,6.886,7003.8,0.21677,0,train
P13,9,1,828.2,17.27,3947.9,8.02,6.857,7014.0,0.22863,0,train
P13,9,2,805.0,18.71,4042.0,8.17,6.862,6995.5,0.23886,0,train
P13,10,1,952.4,16.75,5063.5,7.2,6.803,7003.4,0.25438,0,train
P13,10,2,792.6,21.44,4489.6,8.13,6.791,6974.8,0.26672,0,train
P13,11,1,908.9,12.55,3456.8,6.74,6.854,7027.7,0.2757,0,train
P13,11,2,797.3,16.54,3505.6,7.35,6.847,7003.5,0.28501,0,train
P13,12,1,899.8,15.09,4072.9,9.31,6.975,6990.7,0.29595,0,train
P13,12,2,815.9,20.29,4502.0,9.16,6.96,6995.3,0.30908,0,train
P13,13,1,828.4,19.28,4410.8,8.16,6.813,6997.4,0.32222,0,train
P13,13,2,831.5,16.49,3801.6,6.89,6.832,6999.4,0.33292,0,train
P13,14,1,947.6,20.8,6224.6,5.67,6.892,6999.2,0.35137,0,train
P13,14,2,813.9,18.77,4143.8,7.05,6.881,7009.6,0.3611,0,train
P13,15,1,969.2,23.34,7306.8,6.0,6.925,7045.2,0.38685,0,train
P13,15,2,817.5,18.97,4226.4,6.22,6.931,7014.0,0.39989,0,train
P13,16,1,873.5,14.48,3681.8,6.76,6.805,7018.0,0.40796,0,train
P13,16,2,844.1,17.76,4219.0,7.55,6.775,7017.0,0.41983,0,train
P13,17,1,948.2,18.63,5581.3,5.95,6.837,6989.4,0.43446,0,train
P13,17,2,790.7,18.77,3911.8,6.72,6.84,6985.1,0.44361,0,train
P13,18,1,915.0,23.12,6452.0,8.45,6.893,6984.3,0.46824,0,train
P13,18,2,907.2,22.56,6188.5,6.88,6.893,6984.1,0.49171,0,train
P13,19,1,958.3,17.24,5276.5,8.97,6.79,7015.4,0.50811,0,train
P13,19,2,885.6,20.7,5412.1,8.06,6.794,7018.1,0.52488,0,train
P13,20,1,857.8,19.13,4693.0,7.36,6.908,6981.6,0.54039,0,train
P13,20,2,827.2,19.7,4493.5,6.89,6.904,6982.2,0.55144,0,train
P13,21,1,925.8,19.59,5597.9,7.89,6.922,7028.2,0.56899,0,train
P13,21,2,865.4,18.24,4552.5,7.68,6.922,7015.9,0.58087,0,train
P13,22,1,870.7,18.1,4573.2,8.02,6.832,6988.9,0.59469,0,train
P13,22,2,825.6,22.54,5121.3,7.6,6.81,7005.1,0.61173,0,train
P13,23,1,1021.0,16.57,5758.3,8.38,6.848,7007.2,0.62828,0,train
P13,23,2,786.1,15.5,3192.9,8.07,6.826,6993.1,0.63605,0,train
P13,24,1,938.4,16.38,4806.6,7.39,6.847,7010.8,0.65286,0,train
P13,24,2,837.9,14.14,3309.6,9.02,6.838,7005.4,0.66111,0,train
P13,25,1,940.6,20.36,6004.4,6.3,6.845,6979.6,0.68025,0,train
P13,25,2,906.0,20.3,5555.7,5.64,6.851,6988.2,0.69817,0,train
P13,26,1,920.4,15.37,4340.5,6.11,6.889,7001.6,0.71089,0,train
P13,26,2,883.3,16.88,4390.1,7.07,6.865,6993.4,0.72118,0,train
P13,27,1,952.4,13.38,4044.5,5.82,6.935,7006.5,0.73367,0,train
P13,27,2,842.0,16.74,3956.4,6.86,6.922,6987.8,0.74498,0,train
P13,28,1,942.9,16.69,4947.8,7.24,6.889,7015.3,0.75731,0,train
P13,28,2,827.6,19.22,4388.8,7.42,6.924,7050.3,0.76797,0,train
P13,29,1,1020.6,19.21,6669.6,6.11,6.844,6976.1,0.78802,0,train
P13,29,2,1002.4,16.36,5479.1,5.17,6.835,6977.5,0.80593,0,train
P13,30,1,1071.8,17.97,6882.4,6.8,6.802,7030.8,0.82652,0,train
P13,30,2,905.4,21.06,5754.1,8.1,6.785,7042.3,0.84643,0,train
P13,31,1,950.4,22.07,6645.5,9.24,6.778,6989.0,0.86754,0,train
P13,31,2,916.4,21.89,6128.2,8.63,6.776,7001.3,0.88485,0,train
P13,32,1,868.1,17.41,4374.4,6.11,6.734,6985.7,0.89751,0,train
P13,32,2,942.5,21.4,6336.1,6.06,6.709,6980.6,0.91607,0,train
P13,33,1,930.4,15.55,4486.5,5.63,6.747,7020.4,0.92761,0,train
P13,33,2,945.6,16.93,5046.4,6.16,6.759,7020.3,0.9435,0,train
P13,34,1,981.4,16.65,5345.0,7.07,6.877,6970.2,0.95871,0,train
P13,34,2,918.0,18.12,5090.1,7.0,6.843,6987.2,0.97107,0,train
P13,35,1,953.8,14.89,4516.4,5.23,6.965,7025.7,0.98382,0,train
P13,35,2,925.6,17.32,4946.8,6.13,6.94,7022.4,0.99831,0,train
P13,36,1,1017.1,18.59,6410.6,5.68,6.835,6988.6,1.0,0,train
P13,36,2,939.2,22.83,6711.8,5.22,6.839,6979.2,1.0,0,train
P13,36,3,1039.4,20.31,7312.7,4.14,6.825,6984.4,1.0,1,train
P14,1,1,712.5,20.21,3420.3,3.86,6.853,7026.2,0.00915,0,test
P14,1,2,660.8,16.89,2458.7,4.02,6.84,6998.4,0.01627,0,test
P14,1,3,712.3,18.31,3097.1,3.3,6.846,7038.7,0.02438,0,test
P14,2,1,744.8,17.4,3217.9,6.34,6.899,7039.8,0.03384,0,test
P14,2,2,672.1,17.83,2684.5,6.23,6.899,7021.3,0.04113,0,test
P14,3,1,758.1,13.95,2672.7,4.41,7.028,7000.2,0.04809,0,test
P14,3,2,703.0,21.49,3540.0,5.87,7.025,7025.1,0.05608,0,test
P14,4,1,761.8,19.22,3718.3,5.78,6.897,7045.2,0.06643,0,test
P14,4,2,617.3,14.1,1790.5,4.43,6.897,7042.0,0.07067,0,test
P14,4,3,653.2,18.74,2664.7,4.44,6.934,7046.3,0.07786,0,test
P14,5,1,659.8,19.29,2799.3,9.37,6.979,7013.5,0.08393,0,test
P14,5,2,735.6,15.24,2748.9,9.65,6.99,7035.3,0.09154,0,test
P14,6,1,795.7,20.78,4385.3,6.83,6.877,7014.4,0.10643,0,test
P14,6,2,691.1,19.17,3052.2,10.01,6.877,7022.4,0.11458,0,test
P14,7,1,803.6,14.96,3220.1,4.75,6.876,7009.0,0.12413,0,test
P14,7,2,662.1,15.51,2266.2,5.71,6.897,6998.0,0.12907,0,test
P14,7,3,755.3,12.74,2422.7,4.95,6.872,6977.8,0.13523,0,test
P14,8,1,748.5,17.56,3279.8,5.85,6.771,6999.9,0.1452,0,test
P14,8,2,729.8,20.13,3573.2,8.23,6.78,7014.3,0.1557,0,test
P14,9,1,777.1,19.54,3933.7,4.94,7.026,7030.9,0.16856,0,test
P14,9,2,668.9,16.21,2416.9,5.15,7.014,7024.7,0.17448,0,test
P14,9,3,679.4,12.07,1856.3,4.71,7.049,7044.8,0.1792,0,test
P14,10,1,705.3,19.05,3158.2,5.7,6.859,7001.7,0.18822,0,test
P14,10,2,723.8,21.86,3816.5,6.09,6.865,7006.6,0.20082,0,test
P14,11,1,831.2,19.98,4601.4,4.63,6.883,7046.7,0.21562,0,test
P14,11,2,726.8,19.13,3367.9,5.95,6.892,7053.1,0.22538,0,test
P14,11,3,678.3,15.22,2333.7,6.3,6.879,7056.6,0.2315,0,test
P14,12,1,759.3,12.55,2412.4,4.53,6.849,7036.1,0.23882,0,test
P14,12,2,721.6,19.63,3408.3,6.8,6.875,7040.5,0.24927,0,test
P14,13,1,843.8,14.29,3391.0,5.62,6.831,7013.2,0.25954,0,test
P14,13,2,732.6,19.47,3483.4,6.86,6.84,7003.5,0.26939,0,test
P14,14,1,726.3,17.02,2992.6,6.1,6.87,7020.4,0.27756,0,test
P14,14,2,653.8,20.0,2849.2,5.49,6.867,6992.5,0.28486,0,test
P14,15,1,787.9,13.05,2701.4,6.6,6.949,7044.6,0.29268,0,test
P14,15,2,722.0,15.46,2686.9,5.34,6.952,7043.4,0.30019,0,test
P14,16,1,753.6,18.28,3460.4,6.3,6.943,6993.3,0.30807,0,test
P14,16,2,744.4,16.63,3071.6,6.29,6.939,7023.6,0.31655,0,test
P14,16,3,754.3,19.2,3641.0,7.2,6.923,7014.4,0.32676,0,test
P14,17,1,827.3,21.23,4843.6,5.54,6.777,7046.3,0.34175,0,test
P14,17,2,740.7,17.06,3120.1,5.73,6.788,7017.1,0.34925,0,test
P14,18,1,800.0,13.42,2862.3,5.25,6.84,7034.3,0.357,0,test
P14,18,2,702.9,16.92,2786.9,5.29,6.835,7056.4,0.36488,0,test
P14,18,3,671.5,20.99,3154.7,7.22,6.849,7020.1,0.37282,0,test
P14,19,1,737.4,17.94,3251.7,5.1,6.982,6995.5,0.38241,0,test
P14,19,2,687.8,18.8,2965.4,3.76,6.983,6995.8,0.38833,0,test
P14,19,3,699.7,18.44,3009.6,5.56,6.969,7011.4,0.39662,0,test
P14,20,1,763.1,20.82,4041.9,7.35,6.835,7008.6,0.40928,0,test
P14,20,2,775.1,18.25,3655.7,4.77,6.814,7017.7,0.42057,0,test
P14,21,1,802.0,18.5,3966.7,6.0,6.924,7040.5,0.43224,0,test
P14,21,2,756.7,21.14,4034.7,5.51,6.913,7039.3,0.44196,0,test
P14,22,1,810.3,17.82,3900.5,8.78,6.749,7007.4,0.45622,0,test
P14,22,2,725.8,14.21,2494.4,8.81,6.718,7025.0,0.46345,0,test
P14,23,1,737.4,16.19,2935.2,7.57,6.943,7045.2,0.47006,0,test
P14,23,2,743.5,18.7,3446.9,7.81,6.906,7038.3,0.47821,0,test
P14,24,1,761.4,22.74,4395.1,6.31,6.868,7065.2,0.49245,0,test
P14,24,2,778.8,14.86,3005.7,5.64,6.868,7058.5,0.50057,0,test
P14,24,3,751.9,14.88,2804.9,4.58,6.871,7062.7,0.50799,0,test
P14,25,1,803.8,20.11,4331.3,5.24,6.914,7027.6,0.52197,0,test
P14,25,2,802.2,19.99,4288.5,7.09,6.914,7030.9,0.53461,0,test
P14,25,3,781.7,15.32,3121.1,4.82,6.912,7035.7,0.54265,0,test
P14,26,1,850.4,17.2,4145.8,8.66,7.106,7018.2,0.55536,0,test
P14,26,2,708.7,24.24,4058.0,7.04,7.095,7044.5,0.56794,0,test
P14,27,1,823.9,17.9,4049.9,8.28,6.76,7064.4,0.58054,0,test
P14,27,2,752.7,16.26,3071.1,8.74,6.729,7076.6,0.5891,0,test
P14,28,1,758.1,19.52,3738.6,6.1,6.814,7016.3,0.5992,0,test
P14,28,2,765.0,19.45,3794.7,5.18,6.82,7027.2,0.60958,0,test
P14,28,3,821.5,18.35,4128.9,6.39,6.833,7021.0,0.62178,0,test
P14,29,1,834.1,20.1,4660.6,7.51,6.803,7027.5,0.63637,0,test
P14,29,2,792.8,19.45,4074.3,6.19,6.804,7023.7,0.6491,0,test
P14,29,3,716.8,13.96,2390.0,6.72,6.796,6996.9,0.6553,0,test
P14,30,1,765.0,20.95,4087.5,4.0,6.757,7017.0,0.6683,0,test
P14,30,2,812.5,19.09,4200.2,3.73,6.76,7019.0,0.68025,0,test
P14,30,3,755.5,16.54,3147.1,5.05,6.774,7043.3,0.68839,0,test
P14,31,1,807.0,16.12,3500.0,4.92,6.893,7028.3,0.69891,0,test
P14,31,2,762.8,17.38,3369.8,4.08,6.906,7049.5,0.70693,0,test
P14,31,3,716.2,15.43,2638.3,4.06,6.896,7041.2,0.7137,0,test
P14,32,1,847.6,16.07,3847.5,6.81,6.857,7013.7,0.7269,0,test
P14,32,2,746.2,20.29,3766.2,6.81,6.879,7020.2,0.73964,0,test
P14,32,3,705.0,16.17,2678.4,5.92,6.874,7006.8,0.74626,0,test
P14,33,1,816.0,18.68,4147.1,5.35,6.821,7000.5,0.75838,0,test
P14,33,2,735.4,19.84,3576.7,5.95,6.816,7016.8,0.76894,0,test
P14,33,3,819.4,20.93,4684.5,5.81,6.818,7027.7,0.78271,0,test
P14,34,1,886.5,18.34,4805.1,8.06,6.872,7033.7,0.79954,0,test
P14,34,2,735.8,16.41,2961.4,6.58,6.876,7050.5,0.80814,0,test
P14,35,1,859.0,21.77,5355.7,4.63,7.014,7038.8,0.82507,0,test
P14,35,2,831.1,17.25,3971.5,5.56,7.021,7048.8,0.83736,0,test
P14,35,3,781.6,16.01,3259.8,5.38,7.023,7052.2,0.84664,0,test
P14,36,1,831.6,17.65,4068.3,5.04,6.754,7048.5,0.8582,0,test
P14,36,2,728.9,19.22,3403.3,6.63,6.786,7050.6,0.86665,0,test
P14,37,1,897.6,19.74,5301.0,3.13,6.903,7006.8,0.88465,0,test
P14,37,2,767.1,17.76,3483.0,4.87,6.898,7029.1,0.8934,0,test
P14,37,3,809.0,19.43,4238.5,3.49,6.874,7035.5,0.90656,0,test
P14,38,1,798.8,17.36,3691.2,5.33,7.004,7024.2,0.91685,0,test
P14,38,2,801.6,17.77,3805.6,6.38,7.0,7040.2,0.92715,0,test
P14,39,1,880.0,21.39,5521.0,7.57,6.93,7012.2,0.94312,0,test
P14,39,2,743.1,17.77,3271.2,7.4,6.924,7016.8,0.95226,0,test
P14,40,1,817.1,16.33,3633.8,7.52,6.818,6989.0,0.96149,0,test
P14,40,2,740.9,19.36,3542.1,7.34,6.804,6966.6,0.97181,0,test
P14,41,1,821.6,18.6,4184.5,6.18,6.857,7039.3,0.98518,0,test
P14,41,2,772.5,18.64,3707.6,6.58,6.839,7040.6,0.99692,0,test
P14,42,1,746.0,21.1,3913.5,6.76,6.875,7024.1,1.0,0,test
P14,42,2,790.4,17.51,3645.9,6.34,6.885,7012.6,1.0,1,test
P15,1,1,679.6,16.21,2495.6,7.82,6.973,6995.2,0.00546,0,test
P15,1,2,681.6,17.65,2734.0,6.96,6.956,6987.6,0.01248,0,test
P15,1,3,739.7,16.69,3044.5,5.7,6.972,6988.9,0.01894,0,test
P15,2,1,698.4,16.98,2760.5,7.56,6.901,6988.1,0.02448,0,test
P15,2,2,774.6,17.3,3459.3,7.93,6.94,7013.5,0.03164,0,test
P15,3,1,778.9,14.87,3007.3,6.9,6.794,7012.4,0.03824,0,test
P15,3,2,712.4,15.12,2557.5,4.98,6.804,7030.2,0.04454,0,test
P15,4,1,836.4,17.07,3981.9,7.31,6.793,7026.6,0.05447,0,test
P15,4,2,624.4,15.17,1972.3,6.37,6.805,7013.6,0.05835,0,test
P15,5,1,734.0,19.42,3486.7,5.12,6.983,7033.1,0.06564,0,test
P15,5,2,687.1,19.59,3082.7,5.84,7.002,7029.3,0.07388,0,test
P15,5,3,689.0,20.78,3288.2,4.85,7.001,7019.3,0.08161,0,test
P15,6,1,804.9,16.68,3603.3,4.77,6.913,7015.5,0.09328,0,test
P15,6,2,726.1,12.5,2196.1,5.88,6.881,7029.6,0.09769,0,test
P15,6,3,652.4,16.22,2301.4,3.91,6.944,7006.6,0.10232,0,test
P15,7,1,839.0,19.71,4624.9,5.38,6.867,6992.8,0.11296,0,test
P15,7,2,679.0,15.55,2390.1,5.87,6.891,6966.3,0.11772,0,test
P15,8,1,763.8,20.81,4046.6,5.28,7.028,7034.0,0.12812,0,test
P15,8,2,669.6,10.73,1603.2,6.99,7.021,7053.5,0.13127,0,test
P15,9,1,655.3,16.71,2391.6,6.69,6.933,7034.6,0.13576,0,test
P15,9,2,622.6,18.11,2340.3,4.77,6.946,7040.2,0.14062,0,test
P15,10,1,800.9,18.6,3977.2,6.72,6.883,7024.8,0.15047,0,test
P15,10,2,722.0,18.67,3244.5,4.21,6.886,6985.0,0.15913,0,test
P15,11,1,848.9,19.84,4766.0,8.11,6.863,7038.1,0.1718,0,test
P15,11,2,704.5,14.27,2360.7,7.48,6.86,7033.5,0.17703,0,test
P15,12,1,785.2,18.23,3745.9,5.85,6.893,7029.9,0.18715,0,test
P15,12,2,739.6,19.23,3505.6,5.12,6.901,7034.3,0.19637,0,test
P15,12,3,712.9,15.61,2644.0,5.41,6.899,7010.4,0.20239,0,test
P15,13,1,774.0,16.39,3273.8,4.41,7.102,7034.2,0.21167,0,test
P15,13,2,718.3,17.16,2951.4,4.94,7.075,6986.8,0.21844,0,test
P15,13,3,687.0,14.29,2247.4,5.91,7.084,6994.3,0.22414,0,test
P15,14,1,699.2,18.53,3019.8,5.62,6.862,7038.6,0.23116,0,test
P15,14,2,721.6,17.42,3022.8,5.2,6.875,7045.9,0.23798,0,test
P15,15,1,717.5,17.11,2936.9,7.28,6.981,7038.0,0.24476,0,test
P15,15,2,784.5,24.99,5125.8,6.67,6.996,7046.1,0.25798,0,test
P15,16,1,746.6,19.2,3567.9,9.49,6.946,7022.7,0.26766,0,test
P15,16,2,688.0,17.87,2819.7,8.16,6.965,7036.7,0.27471,0,test
P15,17,1,825.6,12.74,2894.8,4.31,6.965,7020.9,0.28093,0,test
P15,17,2,727.8,19.15,3381.5,4.87,6.945,6992.9,0.28906,0,test
P15,18,1,846.4,18.24,4354.8,5.72,6.835,6996.4,0.30101,0,test
P15,18,2,688.8,14.32,2264.9,4.83,6.84,6991.9,0.30629,0,test
P15,19,1,894.8,17.2,4590.8,5.89,6.895,7036.4,0.32014,0,test
P15,19,2,711.3,19.72,3326.9,7.41,6.866,6999.7,0.32754,0,test
P15,20,1,734.0,16.55,2971.6,4.49,6.847,7014.1,0.33465,0,test
P15,20,2,776.9,13.52,2720.2,3.32,6.804,7032.6,0.34094,0,test
P15,20,3,696.9,22.99,3722.7,3.4,6.814,7021.9,0.35104,0,test
P15,21,1,725.0,17.98,3150.6,7.79,6.921,7008.4,0.35952,0,test
P15,21,2,687.7,21.29,3356.7,7.72,6.925,6989.9,0.36799,0,test
P15,22,1,822.1,19.58,4411.5,4.59,6.876,6993.4,0.3799,0,test
P15,22,2,744.3,15.17,2800.5,5.34,6.877,7016.3,0.38687,0,test
P15,23,1,822.5,16.73,3772.4,6.95,6.741,7040.9,0.39682,0,test
P15,23,2,764.4,21.36,4159.9,5.38,6.753,7035.0,0.40993,0,test
P15,24,1,838.3,16.11,3772.6,4.79,6.951,7001.2,0.41964,0,test
P15,24,2,754.9,16.77,3186.3,4.64,6.949,7022.8,0.42805,0,test
P15,24,3,673.7,20.63,3120.6,4.14,6.949,7004.5,0.43599,0,test
P15,25,1,796.9,16.33,3455.7,5.85,6.857,6999.5,0.44404,0,test
P15,25,2,686.6,18.08,2841.7,6.47,6.842,7026.4,0.4497,0,test
P15,26,1,764.0,16.23,3157.7,8.51,6.879,7016.1,0.45722,0,test
P15,26,2,763.3,18.67,3625.6,8.22,6.864,7001.7,0.46649,0,test
P15,27,1,781.6,18.54,3774.6,6.67,6.861,7016.3,0.47711,0,test
P15,27,2,704.4,18.3,3026.0,7.05,6.865,7009.5,0.48429,0,test
P15,28,1,780.1,15.5,3144.7,4.29,6.921,7010.7,0.49213,0,test
P15,28,2,684.7,17.83,2785.9,3.78,6.927,7022.4,0.49862,0,test
P15,28,3,639.9,24.0,3275.6,3.6,6.931,6988.7,0.50719,0,test
P15,29,1,819.0,15.98,3573.8,5.21,6.98,7035.6,0.51625,0,test
P15,29,2,602.0,19.97,2411.8,5.36,6.982,7026.9,0.52094,0,test
P15,30,1,844.6,12.53,2979.5,6.76,6.865,7010.8,0.5281,0,test
P15,30,2,752.9,18.92,3574.2,7.55,6.871,7010.6,0.53722,0,test
P15,31,1,773.1,19.36,3857.2,4.98,6.785,7043.3,0.54624,0,test
P15,31,2,793.2,17.07,3580.6,5.64,6.77,7026.8,0.55558,0,test
P15,31,3,799.3,17.84,3798.8,4.58,6.784,7012.3,0.56519,0,test
P15,32,1,802.1,20.31,4356.3,7.0,6.704,6996.1,0.57892,0,test
P15,32,2,769.5,19.26,3802.0,7.32,6.695,7029.4,0.58832,0,test
P15,33,1,850.1,17.74,4273.3,5.63,6.898,7042.5,0.59988,0,test
P15,33,2,686.8,20.16,3169.0,4.61,6.885,7015.6,0.60747,0,test
P15,33,3,716.9,15.0,2569.2,6.16,6.891,7017.9,0.61275,0,test
P15,34,1,851.9,15.14,3662.4,3.81,6.947,7048.7,0.62157,0,test
P15,34,2,701.9,12.88,2114.5,4.69,6.96,7045.6,0.62524,0,test
P15,34,3,772.7,16.0,3184.1,4.73,6.958,7038.6,0.63341,0,test
P15,35,1,851.3,20.64,4987.0,7.19,6.936,7016.8,0.64811,0,test
P15,35,2,718.9,19.19,3305.7,7.82,6.921,6989.5,0.65686,0,test
P15,36,1,791.4,18.03,3763.3,7.83,6.765,7003.8,0.6661,0,test
P15,36,2,716.7,18.02,3085.3,7.93,6.761,7022.1,0.67337,0,test
P15,37,1,842.4,18.37,4346.5,6.69,6.835,6988.5,0.68535,0,test
P15,37,2,741.1,17.1,3129.7,6.66,6.83,6994.8,0.69423,0,test
P15,37,3,722.3,14.39,2501.4,6.65,6.799,6970.6,0.69872,0,test
P15,38,1,835.9,17.76,4137.3,6.46,6.958,6993.6,0.7095,0,test
P15,38,2,777.2,16.32,3286.6,8.6,6.953,7007.8,0.71733,0,test
P15,39,1,822.4,14.75,3325.0,6.39,6.807,7026.0,0.72656,0,test
P15,39,2,716.8,18.11,3102.3,7.85,6.813,7010.9,0.73463,0,test
P15,40,1,842.2,18.48,4370.4,5.41,6.795,7011.5,0.74783,0,test
P15,40,2,753.0,14.53,2747.2,5.98,6.8,7001.6,0.75441,0,test
P15,41,1,860.5,15.21,3754.7,6.74,6.899,6997.4,0.76318,0,test
P15,41,2,829.1,17.74,4063.9,8.33,6.898,6999.1,0.77548,0,test
P15,42,1,932.9,14.93,4331.3,5.89,6.974,7006.6,0.7895,0,test
P15,42,2,727.7,20.62,3640.1,4.41,6.986,7002.4,0.79822,0,test
P15,43,1,838.0,20.51,4801.2,5.46,6.962,7009.0,0.81553,0,test
P15,43,2,781.8,21.53,4387.5,5.08,6.938,7026.7,0.8269,0,test
P15,43,3,821.5,17.39,3911.8,3.85,6.921,7036.7,0.83725,0,test
P15,44,1,842.2,12.52,2960.2,4.12,7.023,7021.7,0.84409,0,test
P15,44,2,786.7,16.01,3303.4,4.35,7.007,6996.3,0.85167,0,test
P15,44,3,742.5,19.39,3562.9,3.61,7.001,7025.6,0.86248,0,test
P15,45,1,751.4,19.41,3652.8,5.63,6.822,7000.9,0.87124,0,test
P15,45,2,830.1,21.72,4988.6,7.11,6.802,7009.6,0.88679,0,test
P15,46,1,858.4,17.72,4351.8,5.91,6.894,7017.7,0.89807,0,test
P15,46,2,794.1,17.87,3755.8,4.34,6.889,7003.4,0.90856,0,test
P15,46,3,770.9,16.07,3182.9,4.54,6.888,7013.1,0.91649,0,test
P15,47,1,872.6,17.66,4481.9,8.28,7.017,7018.2,0.92999,0,test
P15,47,2,869.0,16.99,4276.3,7.49,6.991,7019.2,0.94223,0,test
P15,48,1,873.4,16.45,4181.6,6.96,7.026,7003.5,0.95099,0,test
P15,48,2,766.1,17.06,3337.8,6.92,6.997,7017.3,0.95941,0,test
P15,49,1,910.1,16.5,4555.8,5.75,6.881,7016.7,0.9706,0,test
P15,49,2,790.5,19.25,4010.5,6.29,6.891,7030.4,0.98231,0,test
P15,50,1,851.0,18.55,4477.2,8.9,7.064,7015.7,0.99376,0,test
P15,50,2,767.9,19.3,3792.8,8.87,7.093,7003.2,1.0,1,test
P16,1,1,934.4,17.64,5132.7,5.9,6.907,7000.7,0.00952,0,train
P16,1,2,864.3,16.25,4045.3,6.0,6.908,6996.0,0.01928,0,train
P16,1,3,816.1,18.56,4120.1,6.4,6.905,6987.6,0.02693,0,train
P16,2,1,942.5,16.21,4800.0,6.66,6.969,7012.8,0.03744,0,train
P16,2,2,885.0,24.06,6281.7,7.7,6.95,7030.6,0.054,0,train
P16,3,1,960.5,17.64,5426.1,7.91,6.865,6985.2,0.066,0,train
P16,3,2,879.4,16.3,4203.3,6.8,6.886,6995.3,0.07463,0,train
P16,4,1,931.3,21.88,6325.6,7.65,6.895,6997.5,0.08904,0,train
P16,4,2,830.9,18.11,4167.3,5.93,6.894,6982.8,0.09824,0,train
P16,5,1,990.0,17.57,5742.0,7.69,6.866,6986.3,0.11133,0,train
P16,5,2,810.5,17.88,3916.0,5.63,6.857,7011.0,0.1202,0,train
P16,6,1,1030.8,15.63,5535.8,4.84,6.889,6980.4,0.1342,0,train
P16,6,2,925.9,17.2,4914.5,5.73,6.895,6983.8,0.14552,0,train
P16,6,3,812.5,18.34,4036.8,4.48,6.882,6987.7,0.15498,0,train
P16,7,1,1035.6,13.31,4758.4,4.55,6.856,6976.7,0.16764,0,train
P16,7,2,929.6,15.39,4433.8,4.85,6.876,7008.0,0.17412,0,train
P16,7,3,899.0,14.3,3851.4,3.85,6.862,6991.1,0.18283,0,train
P16,8,1,1014.4,21.74,7455.8,5.69,6.922,6992.0,0.20308,0,train
P16,8,2,859.3,16.45,4048.4,3.76,6.902,6996.8,0.21054,0,train
P16,8,3,896.3,18.18,4866.9,6.23,6.924,7005.0,0.22175,0,train
P16,9,1,908.4,20.28,5579.5,5.23,6.738,6985.5,0.23528,0,train
P16,9,2,984.6,18.19,5878.9,7.12,6.75,7004.4,0.25172,0,train
P16,10,1,1016.3,17.69,6089.7,3.45,6.783,6998.4,0.26825,0,train
P16,10,2,926.4,14.08,4027.0,5.05,6.773,6976.2,0.27617,0,train
P16,10,3,909.1,19.25,5303.3,3.49,6.781,7009.2,0.28827,0,train
P16,11,1,958.3,24.62,7538.2,8.67,6.853,7023.9,0.3082,0,train
P16,11,2,833.2,15.52,3591.4,6.82,6.856,7032.1,0.3165,0,train
P16,12,1,1117.3,17.95,7469.2,3.45,6.81,7025.2,0.33474,0,train
P16,12,2,924.5,18.35,5228.0,3.95,6.823,7036.7,0.34748,0,train
P16,12,3,870.6,15.4,3890.8,7.28,6.819,7033.5,0.35522,0,train
P16,13,1,870.1,21.03,5307.7,4.19,6.971,7019.2,0.36528,0,train
P16,13,2,954.6,17.2,5223.6,5.6,6.961,7017.1,0.37601,0,train
P16,14,1,948.1,23.27,6970.7,7.2,6.876,7037.4,0.39255,0,train
P16,14,2,903.3,18.46,5020.0,6.23,6.861,7014.9,0.40497,0,train
P16,14,3,879.9,18.34,4732.4,6.03,6.888,7030.8,0.41494,0,train
P16,15,1,979.7,18.76,6002.9,4.36,6.692,6984.8,0.42718,0,train
P16,15,2,837.4,19.52,4563.1,5.52,6.69,6989.1,0.43798,0,train
P16,15,3,824.0,20.04,4536.9,5.12,6.694,6993.3,0.44558,0,train
P16,16,1,1063.9,17.12,6460.4,5.28,6.903,7000.4,0.4595,0,train
P16,16,2,940.3,18.84,5552.1,6.87,6.871,6997.8,0.47015,0,train
P16,17,1,994.4,22.11,7288.8,5.91,6.808,7026.8,0.49051,0,train
P16,17,2,929.5,16.82,4843.5,8.66,6.782,7028.7,0.50268,0,train
P16,18,1,1095.3,19.04,7615.0,6.26,6.809,7007.2,0.5224,0,train
P16,18,2,931.7,19.83,5737.5,7.14,6.831,7003.6,0.5366,0,train
P16,19,1,1032.1,20.8,7385.3,7.58,6.905,7005.4,0.55521,0,train
P16,19,2,968.5,19.81,6193.6,6.81,6.902,7008.0,0.57023,0,train
P16,20,1,825.2,18.69,4241.8,7.91,6.914,7012.6,0.58036,0,train
P16,20,2,951.6,16.45,4965.9,8.45,6.934,7017.6,0.58912,0,train
P16,21,1,1072.8,21.95,8420.9,8.67,6.783,7008.8,0.61106,0,train
P16,21,2,836.8,18.36,4284.4,6.63,6.831,6989.8,0.62167,0,train
P16,22,1,1025.4,20.37,7139.9,3.83,6.909,6992.8,0.63698,0,train
P16,22,2,814.5,19.43,4297.4,6.7,6.898,7006.9,0.64554,0,train
P16,22,3,995.6,22.8,7534.2,3.42,6.885,7008.0,0.66221,0,train
P16,23,1,1032.3,19.65,6980.2,7.7,6.726,6982.7,0.68077,0,train
P16,23,2,901.0,16.05,4343.8,8.02,6.757,7003.8,0.69087,0,train
P16,24,1,995.8,17.94,5930.8,5.35,6.908,6978.7,0.70529,0,train
P16,24,2,885.4,16.08,4202.7,7.03,6.92,6987.6,0.71522,0,train
P16,24,3,1058.6,18.82,7029.7,6.75,6.901,6991.9,0.73703,0,train
P16,25,1,993.2,17.56,5773.0,5.46,6.826,7006.0,0.75172,0,train
P16,25,2,971.2,15.19,4775.8,5.3,6.805,7010.3,0.7599,0,train
P16,25,3,974.9,17.52,5550.9,5.56,6.801,7015.8,0.77332,0,train
P16,26,1,901.1,14.21,3846.3,6.01,6.998,6991.4,0.78181,0,train
P16,26,2,974.8,18.88,5979.6,6.75,6.986,6991.7,0.79472,0,train
P16,27,1,980.0,21.27,6808.6,7.99,6.844,7006.7,0.81546,0,train
P16,27,2,928.1,17.77,5101.1,7.79,6.879,7013.7,0.82736,0,train
P16,28,1,966.8,19.04,5933.8,5.83,6.848,6998.7,0.83941,0,train
P16,28,2,946.2,14.57,4348.4,4.0,6.854,7020.9,0.84721,0,train
P16,28,3,854.1,21.22,5159.6,5.95,6.835,6990.0,0.85864,0,train
P16,29,1,1069.4,16.7,6367.3,3.56,6.909,7005.1,0.87593,0,train
P16,29,2,986.1,18.33,5940.3,4.37,6.912,6995.9,0.88892,0,train
P16,29,3,849.8,17.36,4179.4,3.36,6.911,6979.1,0.89807,0,train
P16,30,1,1005.7,21.41,7217.3,7.72,6.821,7011.4,0.91618,0,train
P16,30,2,974.3,13.95,4415.6,8.81,6.866,7006.5,0.92584,0,train
P16,31,1,978.4,17.25,5505.7,4.19,6.871,6977.2,0.93785,0,train
P16,31,2,973.7,19.43,6139.4,3.56,6.871,6960.4,0.95503,0,train
P16,31,3,862.7,19.62,4866.1,4.48,6.879,6970.2,0.96465,0,train
P16,32,1,1083.0,15.4,6020.1,4.19,6.869,7021.4,0.97968,0,train
P16,32,2,945.8,16.96,5057.7,4.04,6.864,7000.1,0.99119,0,train
P16,32,3,965.2,22.26,6913.5,6.38,6.87,7033.6,1.0,1,train
P17,1,1,902.8,16.72,4543.0,4.48,6.733,7033.5,0.01707,0,train
P17,1,2,835.4,17.76,4131.4,5.27,6.735,7045.6,0.03178,0,train
P17,2,1,806.2,16.06,3478.6,7.04,6.812,6989.6,0.04365,0,train
P17,2,2,799.9,16.41,3500.7,7.14,6.846,6990.4,0.0543,0,train
P17,3,1,749.3,17.99,3366.4,8.39,6.779,6999.2,0.06569,0,train
P17,3,2,903.1,17.41,4733.2,6.37,6.766,6992.5,0.08475,0,train
P17,4,1,882.0,17.71,4592.3,6.72,6.707,6992.5,0.10042,0,train
P17,4,2,781.3,18.84,3833.8,6.95,6.69,7006.6,0.11549,0,train
P17,5,1,905.1,19.48,5320.4,6.39,6.813,7014.2,0.13657,0,train
P17,5,2,859.1,18.84,4635.2,6.49,6.786,7003.0,0.153,0,train
P17,6,1,887.8,16.45,4323.0,8.35,6.763,6992.3,0.16728,0,train
P17,6,2,789.4,12.75,2647.5,7.36,6.754,7006.1,0.17523,0,train
P17,7,1,849.3,15.69,3773.3,6.53,6.828,7006.7,0.18971,0,train
P17,7,2,899.7,18.93,5106.3,6.21,6.835,7016.8,0.20955,0,train
P17,7,3,788.4,16.54,3426.7,5.11,6.779,7016.8,0.22,0,train
P17,8,1,829.0,16.93,3877.5,5.7,6.859,6975.2,0.23113,0,train
P17,8,2,864.7,17.72,4416.7,6.37,6.866,6997.2,0.24648,0,train
P17,9,1,888.7,13.78,3627.8,4.67,6.931,6981.5,0.26038,0,train
P17,9,2,818.0,15.45,3446.7,6.25,6.959,6998.4,0.27191,0,train
P17,10,1,948.3,20.84,6246.7,6.02,6.739,6984.1,0.29751,0,train
P17,10,2,892.1,22.53,5975.6,4.59,6.758,6989.8,0.32161,0,train
P17,11,1,884.2,14.8,3855.9,6.87,6.731,6979.3,0.33486,0,train
P17,11,2,747.2,15.41,2867.8,6.44,6.713,6982.0,0.34294,0,train
P17,12,1,886.8,15.78,4135.1,7.02,6.861,6999.3,0.35578,0,train
P17,12,2,769.6,21.98,4340.0,7.72,6.839,6988.1,0.37194,0,train
P17,13,1,928.0,16.04,4604.6,8.11,6.767,6960.0,0.38841,0,train
P17,13,2,851.2,11.62,2806.7,9.04,6.789,6963.7,0.39721,0,train
P17,14,1,946.3,22.7,6776.6,5.04,6.928,6999.9,0.42493,0,train
P17,14,2,920.5,15.76,4451.0,5.7,6.905,6987.6,0.44182,0,train
P17,15,1,903.8,17.71,4821.8,6.42,6.706,6986.6,0.46172,0,train
P17,15,2,931.4,16.93,4895.0,6.52,6.686,6986.5,0.48162,0,train
P17,16,1,1011.5,14.37,4900.1,7.24,6.938,6987.1,0.4968,0,train
P17,16,2,883.0,19.91,5174.9,6.85,6.964,6994.3,0.51628,0,train
P17,17,1,972.9,17.64,5566.7,5.94,6.851,7016.6,0.53841,0,train
P17,17,2,862.4,20.26,5024.0,6.71,6.846,6988.5,0.55615,0,train
P17,18,1,926.8,18.97,5432.8,6.27,6.708,7012.6,0.58022,0,train
P17,18,2,822.0,19.95,4493.9,5.93,6.735,7003.1,0.59849,0,train
P17,19,1,935.8,15.06,4397.3,8.92,6.814,6988.9,0.61431,0,train
P17,19,2,757.6,17.22,3294.0,7.63,6.797,7004.5,0.62574,0,train
P17,20,1,957.7,21.41,6543.9,5.3,6.829,6994.8,0.6512,0,train
P17,20,2,879.5,18.19,4689.3,5.83,6.843,6975.9,0.66913,0,train
P17,21,1,901.8,18.53,5023.7,6.45,6.721,7023.0,0.68846,0,train
P17,21,2,920.7,13.96,3944.2,6.52,6.715,7003.6,0.70084,0,train
P17,22,1,916.8,23.02,6450.6,6.4,6.778,6980.8,0.72526,0,train
P17,22,2,900.6,15.97,4318.1,6.41,6.781,6960.9,0.73968,0,train
P17,23,1,995.8,17.97,5938.8,5.93,6.859,6988.8,0.7645,0,train
P17,23,2,825.5,18.29,4154.1,7.82,6.877,6987.7,0.77839,0,train
P17,24,1,934.9,15.47,4508.9,7.29,6.769,7028.4,0.79715,0,train
P17,24,2,938.2,18.32,5376.7,7.82,6.77,6996.7,0.81914,0,train
P17,25,1,950.4,23.72,7142.3,10.29,6.882,6995.5,0.84854,0,train
P17,25,2,832.1,19.32,4460.3,8.97,6.843,6994.8,0.86342,0,train
P17,26,1,949.4,20.59,6184.8,6.58,6.713,6982.0,0.88315,0,train
P17,26,2,780.1,19.92,4040.2,7.7,6.742,6967.8,0.89642,0,train
P17,27,1,878.4,18.38,4727.5,9.49,6.712,6992.9,0.91205,0,train
P17,27,2,863.5,16.57,4118.3,10.47,6.752,6992.3,0.92721,0,train
P17,28,1,984.6,23.98,7749.2,6.86,6.795,6984.2,0.96569,0,train
P17,28,2,863.6,20.11,4999.0,9.03,6.811,6981.9,0.98529,0,train
P17,29,1,951.6,16.83,5079.3,5.75,6.944,7005.9,1.0,0,train
P17,29,2,927.5,18.47,5294.5,5.94,6.903,6991.6,1.0,0,train
P17,29,3,858.8,18.81,4624.2,6.65,6.922,6993.4,1.0,1,train
P18,1,1,1011.7,17.07,5823.5,8.9,6.963,7003.2,0.01585,0,train
P18,1,2,942.1,17.61,5209.4,9.42,6.958,7026.2,0.03157,0,train
P18,2,1,955.3,13.64,4148.0,6.91,6.923,7007.9,0.04297,0,train
P18,2,2,926.6,23.66,6771.9,8.01,6.93,6985.5,0.06429,0,train
P18,3,1,892.0,20.86,5532.1,7.07,6.986,6997.3,0.07796,0,train
P18,3,2,819.5,20.43,4573.6,6.06,6.976,6995.3,0.08888,0,train
P18,4,1,928.6,16.18,4649.9,4.72,6.985,7026.8,0.10226,0,train
P18,4,2,839.6,17.21,4043.0,5.32,7.001,7053.0,0.11255,0,train
P18,4,3,893.2,10.5,2792.1,3.99,6.98,7039.8,0.11906,0,train
P18,5,1,941.3,15.0,4429.7,8.73,6.929,7001.7,0.13247,0,train
P18,5,2,805.7,18.98,4107.1,8.46,6.922,6997.8,0.14246,0,train
P18,6,1,931.5,14.93,4317.0,6.19,6.939,6988.4,0.15437,0,train
P18,6,2,929.8,17.87,5149.4,6.88,6.941,7005.5,0.1676,0,train
P18,7,1,991.5,15.96,5229.0,8.49,6.957,7023.3,0.18291,0,train
P18,7,2,851.7,16.87,4078.3,7.3,6.945,7007.9,0.19305,0,train
P18,8,1,915.8,21.54,6020.9,3.86,7.045,7011.7,0.21075,0,train
P18,8,2,1018.0,18.91,6533.3,4.94,7.048,7044.0,0.22804,0,train
P18,8,3,912.0,16.25,4506.5,3.64,7.038,7036.9,0.24027,0,train
P18,9,1,937.4,18.53,5426.5,8.28,7.061,7013.1,0.25523,0,train
P18,9,2,891.7,19.49,5165.6,8.38,7.052,6999.5,0.27076,0,train
P18,10,1,945.5,16.08,4790.2,5.93,6.916,7040.4,0.28485,0,train
P18,10,2,956.8,16.08,4906.9,5.34,6.92,7047.3,0.29928,0,train
P18,11,1,1030.6,16.5,5840.5,7.68,7.015,6998.2,0.31989,0,train
P18,11,2,1015.2,17.88,6143.1,9.05,7.012,7009.3,0.33899,0,train
P18,12,1,962.6,19.4,5993.0,5.46,6.957,7000.3,0.35638,0,train
P18,12,2,890.8,21.16,5596.2,4.44,6.956,7002.3,0.36913,0,train
P18,13,1,992.8,19.92,6546.1,6.03,6.938,7010.7,0.38788,0,train
P18,13,2,948.0,19.35,5797.5,6.84,6.954,6998.9,0.40304,0,train
P18,14,1,1028.8,18.27,6444.1,5.0,7.003,7030.8,0.42375,0,train
P18,14,2,890.4,18.78,4961.7,5.04,6.988,7008.3,0.43894,0,train
P18,14,3,905.4,21.72,5933.4,5.94,6.999,7020.5,0.45642,0,train
P18,15,1,910.7,24.1,6661.1,5.51,6.787,7039.5,0.47909,0,train
P18,15,2,875.9,17.16,4388.5,4.77,6.82,6994.7,0.49056,0,train
P18,15,3,893.4,15.29,4068.4,3.8,6.798,7000.8,0.49972,0,train
P18,16,1,988.3,14.92,4858.8,3.54,6.991,7030.8,0.51371,0,train
P18,16,2,939.2,19.0,5586.0,4.62,6.983,7038.4,0.52902,0,train
P18,16,3,897.9,17.6,4729.2,4.38,6.979,7028.1,0.5413,0,train
P18,17,1,963.5,20.2,6249.4,7.5,7.012,7031.4,0.56014,0,train
P18,17,2,934.8,14.81,4312.6,8.35,7.011,7044.6,0.57241,0,train
P18,18,1,984.2,15.67,5059.9,5.86,6.858,7001.0,0.58515,0,train
P18,18,2,934.5,20.95,6100.1,7.38,6.856,7011.1,0.60228,0,train
P18,19,1,929.8,14.57,4199.8,7.29,7.02,7005.3,0.61404,0,train
P18,19,2,911.6,22.14,6133.9,7.54,6.999,7007.1,0.63138,0,train
P18,20,1,974.6,17.85,5651.2,6.66,7.017,6989.7,0.64837,0,train
P18,20,2,909.9,19.69,5433.0,4.72,7.006,6981.4,0.66148,0,train
P18,21,1,1037.0,17.25,6181.4,7.12,7.039,7039.5,0.67837,0,train
P18,21,2,884.5,19.98,5209.9,8.1,7.046,7026.9,0.69132,0,train
P18,22,1,1005.9,21.33,7193.6,5.73,6.986,6979.9,0.71006,0,train
P18,22,2,875.9,22.93,5862.6,4.14,6.987,6995.2,0.72558,0,train
P18,23,1,1106.0,18.03,7351.0,6.97,6.99,7064.7,0.75169,0,train
P18,23,2,890.6,19.17,5068.9,7.55,6.985,7021.6,0.76662,0,train
P18,24,1,874.6,13.17,3357.0,6.37,6.991,7016.6,0.7729,0,train
P18,24,2,977.2,19.14,6092.8,6.52,6.964,7008.0,0.79295,0,train
P18,25,1,981.9,19.71,6335.4,9.71,6.962,7094.2,0.81256,0,train
P18,25,2,872.1,20.27,5139.5,9.88,6.982,7070.6,0.82463,0,train
P18,26,1,995.3,18.07,5966.5,6.79,6.894,7004.0,0.84439,0,train
P18,26,2,963.8,17.98,5567.7,5.46,6.881,6977.3,0.86106,0,train
P18,27,1,1050.9,17.14,6309.4,5.11,6.763,6976.8,0.88399,0,train
P18,27,2,1002.6,13.26,4443.6,4.84,6.77,6977.9,0.89552,0,train
P18,27,3,974.1,18.89,5974.4,4.02,6.809,6998.1,0.9125,0,train
P18,28,1,1031.9,18.61,6604.4,4.72,7.062,7001.6,0.93464,0,train
P18,28,2,896.5,15.35,4112.5,7.06,7.042,7030.4,0.94486,0,train
P18,29,1,1070.8,17.56,6711.8,7.45,6.908,7003.7,0.96334,0,train
P18,29,2,899.2,15.01,4046.1,8.41,6.895,7025.7,0.9742,0,train
P18,30,1,1016.2,17.67,6084.4,5.25,7.057,7007.3,0.99198,0,train
P18,30,2,854.9,18.27,4452.1,4.9,7.049,7020.9,1.0,0,train
P18,30,3,901.1,20.65,5589.0,4.36,7.054,7010.8,1.0,1,train
P19,1,1,849.4,15.45,3715.7,7.18,6.746,6961.5,0.01418,0,train
P19,1,2,780.2,15.7,3185.3,6.66,6.731,6967.0,0.02508,0,train
P19,2,1,760.7,18.67,3600.4,6.52,6.834,6974.6,0.04006,0,train
P19,2,2,690.5,14.08,2238.1,6.66,6.853,6983.9,0.04834,0,train
P19,3,1,860.5,23.32,5756.1,7.14,6.798,6980.0,0.07392,0,train
P19,3,2,758.9,17.84,3424.7,7.67,6.796,6973.7,0.08963,0,train
P19,4,1,799.0,16.25,3459.3,5.21,6.845,7012.3,0.10171,0,train
P19,4,2,748.2,14.89,2778.8,6.0,6.849,7021.4,0.11231,0,train
P19,4,3,790.8,17.45,3638.1,5.76,6.862,7012.3,0.12704,0,train
P19,5,1,829.6,17.92,4111.9,3.43,6.829,6985.3,0.14505,0,train
P19,5,2,770.8,17.67,3500.5,5.45,6.823,7006.3,0.15852,0,train
P19,5,3,686.6,17.74,2787.3,4.25,6.813,6989.6,0.16769,0,train
P19,6,1,860.1,17.91,4417.1,4.7,6.818,6995.4,0.1855,0,train
P19,6,2,778.6,17.29,3493.5,6.14,6.818,7012.2,0.19945,0,train
P19,7,1,781.9,14.44,2942.4,4.31,6.91,6990.0,0.21157,0,train
P19,7,2,784.6,15.02,3082.8,5.44,6.907,6998.3,0.22256,0,train
P19,7,3,746.2,18.62,3456.1,4.89,6.902,6992.1,0.23617,0,train
P19,8,1,802.1,14.77,3166.5,8.26,6.975,6986.5,0.2485,0,train
P19,8,2,787.3,15.11,3123.0,6.86,6.952,6986.6,0.26111,0,train
P19,9,1,816.6,19.67,4372.9,5.55,7.022,7023.8,0.28138,0,train
P19,9,2,792.1,19.57,4093.1,4.4,7.029,7031.7,0.29777,0,train
P19,9,3,822.6,17.31,3905.6,4.71,7.036,7031.1,0.31416,0,train
P19,10,1,873.2,21.83,5548.6,3.91,6.921,6998.9,0.34286,0,train
P19,10,2,736.7,21.83,3948.5,4.49,6.9,6990.9,0.35793,0,train
P19,10,3,817.9,12.02,2679.7,6.7,6.873,6984.7,0.36914,0,train
P19,11,1,820.3,18.29,4102.5,6.58,6.822,6972.5,0.38593,0,train
P19,11,2,761.8,21.88,4232.0,6.91,6.808,6992.0,0.40679,0,train
P19,12,1,888.9,19.15,5043.6,5.55,6.906,7031.0,0.43057,0,train
P19,12,2,758.9,17.55,3369.0,5.75,6.924,7018.3,0.4429,0,train
P19,13,1,809.6,20.42,4460.9,8.18,6.924,6976.8,0.45952,0,train
P19,13,2,772.4,20.32,4041.1,7.28,6.93,6966.0,0.47437,0,train
P19,14,1,853.3,20.96,5087.0,3.74,6.763,6970.9,0.49878,0,train
P19,14,2,846.9,25.28,6044.1,4.61,6.756,6997.7,0.52162,0,train
P19,14,3,757.7,17.66,3380.3,3.99,6.782,6987.3,0.534,0,train
P19,15,1,787.7,19.51,4036.3,4.2,6.722,7003.2,0.55146,0,train
P19,15,2,732.4,21.16,3784.2,4.1,6.73,6996.6,0.56656,0,train
P19,15,3,846.4,19.29,4605.8,4.11,6.71,6973.1,0.58564,0,train
P19,16,1,882.6,16.75,4349.3,6.15,7.009,6959.4,0.60523,0,train
P19,16,2,846.1,18.13,4326.7,6.91,7.012,6987.4,0.62405,0,train
P19,16,3,784.9,18.19,3735.5,5.88,7.003,6983.4,0.64046,0,train
P19,17,1,867.6,16.3,4089.5,4.74,6.849,6985.5,0.65258,0,train
P19,17,2,779.4,16.22,3284.6,3.13,6.84,6990.0,0.66393,0,train
P19,17,3,871.0,19.36,4896.3,2.5,6.856,6996.2,0.68538,0,train
P19,18,1,812.0,19.94,4382.0,6.75,6.925,6997.2,0.70395,0,train
P19,18,2,808.0,19.19,4177.1,4.92,6.932,6982.8,0.72284,0,train
P19,19,1,849.6,18.45,4439.3,7.2,6.744,6999.0,0.74287,0,train
P19,19,2,809.1,14.15,3087.7,7.33,6.739,6991.4,0.75564,0,train
P19,20,1,886.2,18.74,4906.4,5.71,7.002,7005.1,0.77983,0,train
P19,20,2,831.6,23.39,5391.7,5.09,7.009,7013.1,0.80354,0,train
P19,20,3,720.4,15.71,2718.3,5.74,6.995,7002.3,0.81398,0,train
P19,21,1,856.5,27.25,6663.2,7.8,6.983,6996.3,0.8482,0,train
P19,21,2,749.5,18.89,3536.4,5.35,6.99,7002.1,0.86323,0,train
P19,22,1,825.6,17.5,3975.9,9.22,6.782,6977.0,0.87867,0,train
P19,22,2,735.9,20.74,3743.3,7.77,6.775,7003.1,0.88965,0,train
P19,23,1,874.9,17.26,4404.6,6.1,6.821,6982.9,0.90821,0,train
P19,23,2,725.1,17.62,3087.6,5.65,6.798,6971.5,0.91965,0,train
P19,24,1,931.0,13.88,4008.8,7.41,6.937,7007.8,0.9344,0,train
P19,24,2,793.8,17.34,3641.9,6.72,6.95,6992.8,0.94826,0,train
P19,25,1,875.3,14.24,3636.0,2.5,6.948,6996.6,0.96363,0,train
P19,25,2,850.5,15.74,3795.8,4.23,6.983,6964.0,0.97843,0,train
P19,25,3,760.9,19.7,3802.0,2.52,6.944,6976.0,0.99217,0,train
P19,26,1,919.6,17.42,4910.8,5.07,6.917,7006.2,1.0,0,train
P19,26,2,777.3,21.38,4305.7,3.86,6.893,7016.4,1.0,0,train
P19,26,3,868.8,23.84,5998.6,4.86,6.896,6994.8,1.0,1,train
P20,1,1,773.8,21.66,4323.9,4.36,6.724,6988.4,0.0149,0,test
P20,1,2,609.8,19.43,2409.3,5.44,6.749,6973.4,0.02116,0,test
P20,1,3,667.0,16.16,2396.6,4.86,6.75,6976.4,0.02662,0,test
P20,2,1,728.0,21.57,3810.4,6.07,6.915,6983.0,0.03836,0,test
P20,2,2,624.8,19.27,2506.6,5.87,6.918,6984.5,0.04437,0,test
P20,2,3,628.2,16.11,2118.8,5.58,6.927,7002.2,0.04902,0,test
P20,3,1,757.4,15.98,3056.8,6.3,6.837,6978.9,0.05683,0,test
P20,3,2,648.0,19.32,2703.8,5.7,6.818,6994.3,0.06378,0,test
P20,4,1,762.7,17.62,3416.1,6.29,6.824,6962.8,0.07359,0,test
P20,4,2,728.6,17.54,3103.4,7.77,6.815,6980.4,0.08112,0,test
P20,5,1,754.4,20.68,3924.1,6.61,6.881,6997.0,0.09335,0,test
P20,5,2,701.3,16.91,2771.6,6.34,6.891,7002.4,0.10092,0,test
P20,6,1,769.6,18.87,3725.9,7.77,6.901,6997.4,0.11139,0,test
P20,6,2,605.2,14.42,1761.0,7.04,6.853,6997.2,0.11513,0,test
P20,7,1,662.7,25.02,3663.1,5.72,7.038,6989.6,0.12587,0,test
P20,7,2,643.7,18.03,2490.6,5.8,7.021,6996.5,0.13189,0,test
P20,7,3,646.4,19.05,2652.7,5.4,7.002,7000.1,0.13909,0,test
P20,8,1,699.9,15.79,2577.4,4.36,6.784,6997.2,0.14562,0,test
P20,8,2,664.1,10.5,1543.7,7.31,6.792,6982.7,0.14911,0,test
P20,9,1,761.9,16.83,3257.4,6.18,6.822,7020.2,0.15791,0,test
P20,9,2,681.2,18.75,2900.8,6.24,6.835,6997.5,0.16409,0,test
P20,9,3,662.9,16.64,2437.1,6.2,6.838,6979.6,0.16934,0,test
P20,10,1,680.1,18.1,2790.1,7.03,6.92,7006.3,0.17711,0,test
P20,10,2,644.8,16.75,2320.9,8.14,6.907,7002.0,0.18291,0,test
P20,11,1,755.5,21.11,4016.0,6.59,6.972,6949.3,0.19369,0,test
P20,11,2,728.9,17.31,3065.7,4.88,6.977,6952.0,0.20056,0,test
P20,11,3,669.9,11.27,1685.3,4.67,6.978,6974.1,0.20389,0,test
P20,12,1,665.3,17.02,2511.6,4.39,6.871,7012.5,0.20952,0,test
P20,12,2,737.4,16.22,2939.4,4.76,6.857,7003.2,0.21748,0,test
P20,12,3,644.8,13.31,1845.0,4.53,6.866,6995.9,0.22175,0,test
P20,13,1,655.8,11.6,1663.1,6.69,6.715,7014.9,0.22542,0,test
P20,13,2,689.3,19.28,3054.1,5.19,6.712,7012.3,0.23336,0,test
P20,13,3,703.0,21.03,3464.9,4.72,6.704,7007.6,0.24312,0,test
P20,14,1,653.6,17.92,2551.8,7.39,7.046,6966.1,0.24877,0,test
P20,14,2,683.5,16.98,2643.4,7.84,7.028,6952.9,0.25566,0,test
P20,15,1,721.5,13.57,2354.0,7.56,6.85,7001.5,0.26155,0,test
P20,15,2,728.2,15.29,2702.1,9.09,6.818,7014.5,0.26859,0,test
P20,16,1,666.3,16.75,2479.3,4.22,6.744,6984.8,0.27406,0,test
P20,16,2,762.4,16.53,3202.7,3.45,6.756,6970.2,0.28172,0,test
P20,16,3,729.1,20.09,3560.7,4.12,6.743,6959.6,0.291,0,test
P20,17,1,791.6,16.68,3483.7,5.19,6.858,7014.6,0.30024,0,test
P20,17,2,750.8,23.54,4423.5,6.32,6.865,7007.3,0.31238,0,test
P20,18,1,732.8,21.67,3878.7,7.19,6.731,6984.5,0.32427,0,test
P20,18,2,704.5,21.68,3587.4,6.92,6.733,6984.5,0.33332,0,test
P20,19,1,778.7,18.44,3726.8,6.78,6.855,6979.0,0.34238,0,test
P20,19,2,774.7,17.66,3533.4,8.91,6.844,6981.1,0.35031,0,test
P20,20,1,858.0,17.55,4305.3,6.58,6.732,7007.7,0.36339,0,test
P20,20,2,747.5,15.02,2797.6,7.39,6.726,7027.6,0.37015,0,test
P20,21,1,736.6,17.87,3232.0,6.79,6.762,6996.5,0.37885,0,test
P20,21,2,733.4,17.7,3172.7,6.27,6.797,7001.9,0.38702,0,test
P20,22,1,773.9,17.82,3558.1,7.54,6.775,7042.9,0.39647,0,test
P20,22,2,762.7,22.18,4301.9,7.71,6.784,7009.2,0.40881,0,test
P20,23,1,836.1,18.4,4288.6,5.57,6.806,7007.0,0.42245,0,test
P20,23,2,793.0,18.25,3825.9,3.33,6.812,7005.5,0.43345,0,test
P20,23,3,719.1,19.87,3424.0,3.96,6.821,7001.3,0.44352,0,test
P20,24,1,689.0,16.09,2545.9,9.06,6.898,6990.4,0.4488,0,test
P20,24,2,712.4,15.55,2629.6,9.86,6.914,6979.2,0.45542,0,test
P20,25,1,780.7,20.31,4126.4,7.43,7.004,7000.9,0.46822,0,test
P20,25,2,734.0,20.3,3645.7,7.79,7.028,6992.4,0.47686,0,test
P20,26,1,735.3,13.26,2390.8,6.54,6.868,7007.5,0.48229,0,test
P20,26,2,764.4,19.52,3802.7,6.48,6.881,7007.4,0.49248,0,test
P20,27,1,792.3,17.94,3753.2,5.37,6.74,6985.8,0.50452,0,test
P20,27,2,690.1,19.03,3021.3,6.05,6.739,6982.4,0.51237,0,test
P20,27,3,715.6,14.74,2515.5,5.59,6.752,7015.4,0.51923,0,test
P20,28,1,805.4,18.33,3964.2,6.52,6.724,7033.1,0.53048,0,test
P20,28,2,720.1,19.08,3298.1,5.26,6.709,7016.7,0.54041,0,test
P20,29,1,724.5,17.3,3027.4,6.99,6.73,6966.6,0.54707,0,test
P20,29,2,674.3,18.53,2808.4,4.48,6.77,6975.2,0.55461,0,test
P20,30,1,768.5,18.89,3718.1,7.37,6.934,6983.4,0.56511,0,test
P20,30,2,699.7,17.94,2928.5,7.04,6.926,6978.1,0.5723,0,test
P20,31,1,929.1,19.12,5502.0,4.59,6.939,6992.5,0.5902,0,test
P20,31,2,732.6,17.84,3192.2,5.21,6.952,6978.7,0.59818,0,test
P20,31,3,751.6,12.16,2290.2,4.29,6.947,6989.5,0.6035,0,test
P20,32,1,838.6,16.45,3855.2,3.89,6.868,7007.3,0.61545,0,test
P20,32,2,781.3,20.93,4259.2,4.57,6.865,6998.9,0.62937,0,test
P20,32,3,744.9,17.3,3199.5,6.15,6.879,6990.4,0.63904,0,test
P20,33,1,863.8,19.57,4866.1,4.64,6.731,6978.8,0.65239,0,test
P20,33,2,694.4,18.97,3048.3,2.95,6.737,6961.5,0.66073,0,test
P20,33,3,676.3,19.19,2925.9,3.79,6.709,6979.2,0.66828,0,test
P20,34,1,766.8,23.21,4547.9,7.73,6.749,6984.3,0.6806,0,test
P20,34,2,766.3,19.71,3859.3,4.86,6.762,6985.7,0.6913,0,test
P20,34,3,759.7,20.52,3947.8,6.29,6.723,6977.6,0.70256,0,test
P20,35,1,792.5,20.62,4315.6,6.51,6.8,6999.9,0.71531,0,test
P20,35,2,716.7,23.08,3952.3,5.49,6.81,7002.6,0.726,0,test
P20,36,1,828.8,16.52,3783.6,4.33,6.756,7010.0,0.73549,0,test
P20,36,2,825.1,17.82,4045.3,6.86,6.751,7010.0,0.74923,0,test
P20,37,1,809.0,14.2,3097.9,6.19,6.775,6961.5,0.7581,0,test
P20,37,2,672.6,20.71,3122.9,6.02,6.789,6962.5,0.76663,0,test
P20,38,1,806.7,24.52,5319.1,5.0,6.903,6965.6,0.78385,0,test
P20,38,2,745.5,23.95,4436.2,3.31,6.919,6990.3,0.79709,0,test
P20,38,3,693.7,16.81,2695.9,4.51,6.91,6961.4,0.8032,0,test
P20,39,1,815.2,18.04,3996.7,8.67,6.888,6993.3,0.81416,0,test
P20,39,2,729.9,20.89,3709.6,8.93,6.863,7002.9,0.82515,0,test
P20,40,1,767.6,16.34,3209.7,8.77,6.847,7013.4,0.83519,0,test
P20,40,2,773.0,20.75,4132.7,8.32,6.863,7011.3,0.8483,0,test
P20,41,1,831.9,18.66,4303.5,4.05,6.864,6984.7,0.86304,0,test
P20,41,2,770.3,16.53,3269.0,4.6,6.842,6971.5,0.87208,0,test
P20,41,3,780.0,19.94,4042.9,4.16,6.852,6983.8,0.88395,0,test
P20,42,1,794.6,16.55,3482.1,4.88,6.792,7001.2,0.89326,0,test
P20,42,2,669.1,17.13,2556.2,4.1,6.79,7016.9,0.9,0,test
P20,42,3,724.3,20.06,3508.1,5.53,6.801,6996.0,0.90882,0,test
P20,43,1,798.7,15.72,3342.7,6.41,6.874,6999.6,0.91883,0,test
P20,43,2,736.8,16.72,3025.9,6.79,6.894,7013.4,0.92631,0,test
P20,44,1,819.1,18.57,4153.6,7.98,6.831,7007.0,0.93786,0,test
P20,44,2,762.1,18.65,3610.7,5.96,6.834,7010.6,0.94782,0,test
P20,45,1,849.3,22.19,5335.2,5.99,6.704,6999.7,0.96283,0,test
P20,45,2,735.1,22.93,4130.1,4.42,6.704,6989.4,0.97498,0,test
P20,46,1,857.3,15.74,3855.2,5.01,6.955,6977.0,0.9862,0,test
P20,46,2,778.2,16.53,3336.5,4.5,6.975,6997.0,0.99556,0,test
P20,46,3,751.0,13.89,2611.5,3.4,6.984,7004.4,1.0,1,test
P21,1,1,703.6,19.47,3213.0,5.83,6.997,7046.1,0.00741,0,test
P21,1,2,706.3,13.91,2313.5,4.3,6.991,7052.0,0.01136,0,test
P21,2,1,740.3,18.3,3342.4,6.44,6.808,7035.1,0.01856,0,test
P21,2,2,710.7,22.35,3762.8,5.81,6.828,7037.0,0.02813,0,test
P21,3,1,729.7,14.84,2634.6,8.91,7.078,7037.1,0.03381,0,test
P21,3,2,692.3,19.17,3062.3,9.14,7.088,7029.7,0.04092,0,test
P21,4,1,742.2,20.25,3718.0,6.78,7.002,7004.5,0.04888,0,test
P21,4,2,699.9,20.01,3267.6,6.91,7.008,6997.0,0.05674,0,test
P21,5,1,699.7,15.57,2541.0,6.31,7.022,6996.2,0.06137,0,test
P21,5,2,705.1,24.99,4142.1,5.46,7.044,7003.0,0.06993,0,test
P21,6,1,771.3,15.98,3169.6,7.1,6.981,7033.7,0.07609,0,test
P21,6,2,712.9,18.24,3089.2,6.33,6.974,7047.0,0.08271,0,test
P21,7,1,770.7,20.46,4052.1,8.7,6.999,7036.6,0.09499,0,test
P21,7,2,746.9,16.84,3131.6,6.87,6.961,7028.8,0.10221,0,test
P21,8,1,879.1,16.01,4124.2,6.71,6.766,7046.5,0.11238,0,test
P21,8,2,665.6,17.85,2635.7,7.2,6.775,7045.5,0.11745,0,test
P21,9,1,689.7,17.75,2813.9,3.97,6.876,7047.9,0.12364,0,test
P21,9,2,651.9,19.0,2691.1,3.99,6.865,7045.9,0.12936,0,test
P21,9,3,694.4,17.05,2740.5,5.07,6.89,7045.5,0.1349,0,test
P21,10,1,826.2,19.64,4468.7,4.05,6.813,7012.7,0.14536,0,test
P21,10,2,699.3,16.43,2678.0,5.81,6.805,7016.6,0.15098,0,test
P21,11,1,794.9,19.48,4104.2,7.65,6.94,7031.9,0.15938,0,test
P21,11,2,711.4,20.19,3405.7,4.79,6.931,7014.8,0.16675,0,test
P21,12,1,788.7,18.26,3786.4,8.18,6.898,7019.2,0.17506,0,test
P21,12,2,713.4,16.37,2777.2,9.5,6.93,7034.9,0.1797,0,test
P21,13,1,871.0,12.93,3271.0,6.57,7.007,7015.0,0.18778,0,test
P21,13,2,765.1,15.1,2945.9,6.36,7.026,7010.3,0.19441,0,test
P21,14,1,760.5,22.1,4261.6,5.57,6.967,7027.3,0.20527,0,test
P21,14,2,622.2,17.41,2247.1,6.66,6.986,7033.4,0.20919,0,test
P21,15,1,843.0,19.4,4596.3,7.08,7.032,7032.2,0.221,0,test
P21,15,2,693.3,20.3,3252.5,7.96,7.035,7051.2,0.22881,0,test
P21,16,1,721.9,16.99,2951.2,9.14,6.817,7004.6,0.23393,0,test
P21,16,2,652.3,18.55,2631.6,9.69,6.805,7022.7,0.23964,0,test
P21,17,1,844.7,22.55,5363.5,5.97,6.858,6991.2,0.25302,0,test
P21,17,2,722.8,18.08,3148.4,7.16,6.847,7002.3,0.25975,0,test
P21,18,1,787.5,23.65,4888.8,6.01,6.907,7040.6,0.27082,0,test
P21,18,2,662.1,20.35,2973.4,6.46,6.911,7051.1,0.27749,0,test
P21,18,3,729.0,14.62,2590.5,6.47,6.925,7024.5,0.28305,0,test
P21,19,1,903.3,16.4,4460.6,7.5,6.814,7026.4,0.29263,0,test
P21,19,2,671.1,17.51,2628.7,6.31,6.82,7056.5,0.29856,0,test
P21,20,1,806.2,21.23,4599.9,7.23,6.952,7035.3,0.30983,0,test
P21,20,2,720.4,16.79,2903.7,7.92,6.959,7039.3,0.31614,0,test
P21,21,1,770.0,15.78,3118.1,6.46,6.871,7037.6,0.32224,0,test
P21,21,2,741.1,17.46,3195.7,6.06,6.884,7031.5,0.32926,0,test
P21,22,1,817.5,12.19,2714.9,5.69,6.938,7027.7,0.33397,0,test
P21,22,2,736.5,17.62,3185.3,6.6,6.952,7030.8,0.34079,0,test
P21,23,1,884.9,16.2,4227.6,5.86,6.853,7033.2,0.35221,0,test
P21,23,2,758.2,16.45,3152.2,6.27,6.834,7027.7,0.35814,0,test
P21,24,1,688.0,18.67,2946.2,5.6,6.905,7022.9,0.3648,0,test
P21,24,2,666.9,16.71,2477.0,7.03,6.912,7017.7,0.36971,0,test
P21,24,3,737.1,18.46,3342.3,4.71,6.89,7011.1,0.37763,0,test
P21,25,1,760.2,16.35,3150.6,8.15,6.969,7026.1,0.38439,0,test
P21,25,2,759.9,18.97,3651.1,7.89,6.966,7025.4,0.39319,0,test
P21,26,1,858.1,23.31,5720.7,5.73,6.859,6986.4,0.40878,0,test
P21,26,2,700.6,19.22,3145.8,6.63,6.855,7000.8,0.41508,0,test
P21,27,1,823.2,14.5,3275.0,6.3,6.867,7022.6,0.42165,0,test
P21,27,2,723.9,16.98,2965.8,6.48,6.878,7039.2,0.42818,0,test
P21,28,1,697.1,17.56,2844.3,6.11,6.993,7025.1,0.4347,0,test
P21,28,2,775.8,13.34,2675.7,5.72,6.973,7033.6,0.44009,0,test
P21,28,3,689.1,22.39,3543.6,4.76,7.001,7033.2,0.4484,0,test
P21,29,1,858.6,16.73,4111.3,7.48,6.901,7043.2,0.45867,0,test
P21,29,2,727.2,17.95,3163.8,7.89,6.887,7018.4,0.46689,0,test
P21,30,1,829.9,18.2,4178.6,6.86,6.772,7043.3,0.47729,0,test
P21,30,2,751.8,15.82,2980.4,6.75,6.789,7039.4,0.48337,0,test
P21,31,1,817.1,15.43,3433.4,7.14,7.022,7026.1,0.4916,0,test
P21,31,2,736.6,22.42,4054.1,5.36,6.976,7053.1,0.50074,0,test
P21,32,1,863.6,20.7,5146.4,7.69,7.022,6997.9,0.51446,0,test
P21,32,2,839.6,21.5,5053.3,5.96,7.02,7027.4,0.52754,0,test
P21,32,3,784.1,18.75,3842.4,6.38,7.033,7012.2,0.53663,0,test
P21,33,1,790.3,17.15,3571.0,5.53,6.834,6993.7,0.54428,0,test
P21,33,2,731.6,16.54,2951.9,6.78,6.84,7005.5,0.55033,0,test
P21,34,1,858.7,23.2,5702.0,4.46,7.026,7024.9,0.56466,0,test
P21,34,2,766.9,18.14,3557.0,4.59,7.019,7019.3,0.57315,0,test
P21,34,3,716.6,17.72,3034.1,3.21,7.007,7025.3,0.58014,0,test
P21,35,1,795.9,19.76,4173.1,9.55,6.929,7040.6,0.58925,0,test
P21,35,2,755.3,15.81,3005.8,8.98,6.931,7037.4,0.59479,0,test
P21,36,1,783.7,18.92,3872.7,5.72,6.935,7042.1,0.6036,0,test
P21,36,2,721.9,16.81,2919.1,5.77,6.919,7020.0,0.61025,0,test
P21,37,1,917.3,14.75,4137.1,3.82,6.798,7042.7,0.62076,0,test
P21,37,2,781.3,24.07,4898.9,5.14,6.799,7049.7,0.63544,0,test
P21,37,3,797.4,15.17,3214.2,4.54,6.801,7040.0,0.64174,0,test
P21,38,1,737.4,14.25,2583.6,5.79,6.799,7013.2,0.64662,0,test
P21,38,2,797.3,13.37,2833.9,6.53,6.797,7012.5,0.65224,0,test
P21,39,1,891.8,14.0,3712.9,8.16,6.907,7025.2,0.66031,0,test
P21,39,2,762.8,20.06,3891.8,7.8,6.924,7022.6,0.66995,0,test
P21,40,1,899.0,20.25,5455.5,6.54,7.038,7021.4,0.68591,0,test
P21,40,2,759.3,15.47,2973.5,6.64,7.01,7014.9,0.69314,0,test
P21,41,1,743.1,17.41,3205.4,5.8,6.84,7035.1,0.70032,0,test
P21,41,2,769.0,17.93,3535.1,5.47,6.821,7033.3,0.70708,0,test
P21,42,1,861.6,19.21,4753.8,6.88,6.925,7000.9,0.72061,0,test
P21,42,2,827.2,19.81,4518.6,5.26,6.908,6996.5,0.73225,0,test
P21,42,3,769.8,19.46,3842.8,6.99,6.926,7014.3,0.74082,0,test
P21,43,1,757.6,12.65,2420.9,5.36,6.814,7024.3,0.74507,0,test
P21,43,2,783.0,14.86,3036.0,3.59,6.817,7019.1,0.7522,0,test
P21,43,3,750.5,17.65,3313.0,4.57,6.815,7021.3,0.75931,0,test
P21,44,1,860.4,17.35,4281.0,6.49,7.019,7049.7,0.76791,0,test
P21,44,2,800.9,16.99,3633.0,6.47,7.029,7017.8,0.77665,0,test
P21,45,1,797.8,16.69,3540.3,5.04,6.913,7065.3,0.78612,0,test
P21,45,2,707.4,11.61,1937.3,4.0,6.901,7048.2,0.78985,0,test
P21,45,3,760.1,17.28,3328.3,4.42,6.894,7049.3,0.79705,0,test
P21,46,1,876.0,17.25,4412.3,6.15,6.882,7002.5,0.80797,0,test
P21,46,2,755.9,18.86,3591.9,5.51,6.908,6988.2,0.81741,0,test
P21,47,1,802.7,16.21,3481.4,8.59,6.867,7023.5,0.82415,0,test
P21,47,2,766.9,17.44,3419.3,8.51,6.858,7028.7,0.83278,0,test
P21,48,1,984.0,16.53,5335.0,6.19,7.043,7077.5,0.84559,0,test
P21,48,2,812.2,19.06,4191.0,7.51,7.029,7069.8,0.85587,0,test
P21,49,1,811.6,18.7,4105.2,7.86,7.013,7023.4,0.86659,0,test
P21,49,2,832.0,19.78,4565.2,9.07,7.008,7010.9,0.87801,0,test
P21,50,1,957.0,20.0,6106.6,4.81,6.86,7035.3,0.89459,0,test
P21,50,2,846.8,15.82,3780.3,4.53,6.832,7025.7,0.90357,0,test
P21,51,1,878.0,15.66,4023.5,9.39,7.05,7010.7,0.91225,0,test
P21,51,2,817.8,18.23,4063.9,9.49,7.055,7018.6,0.92196,0,test
P21,52,1,883.4,14.69,3820.9,4.86,6.905,6975.4,0.93096,0,test
P21,52,2,805.3,15.37,3323.9,6.46,6.904,6989.9,0.938,0,test
P21,53,1,888.3,21.64,5690.8,8.16,6.964,7034.4,0.95276,0,test
P21,53,2,819.4,18.84,4215.7,7.0,6.982,7020.1,0.96101,0,test
P21,54,1,862.4,20.39,5055.9,5.83,7.009,7030.2,0.97257,0,test
P21,54,2,747.2,18.65,3471.3,6.91,7.005,7047.9,0.98036,0,test
P21,54,3,895.0,15.36,4102.5,4.94,7.014,7049.6,0.99033,0,test
P21,55,1,849.6,18.96,4561.5,5.74,6.9,7035.6,1.0,0,test
P21,55,2,783.2,15.32,3133.4,5.77,6.915,7050.8,1.0,1,test
P22,1,1,780.5,16.62,3374.4,5.36,6.692,6998.3,0.01025,0,train
P22,1,2,768.1,21.39,4205.3,3.65,6.678,7006.0,0.0224,0,train
P22,1,3,793.2,17.61,3693.1,4.55,6.696,6994.0,0.03276,0,train
P22,2,1,857.0,16.7,4089.0,4.6,6.806,7046.6,0.04299,0,train
P22,2,2,763.9,20.52,3991.8,5.3,6.805,7037.7,0.0559,0,train
P22,2,3,767.3,18.92,3712.7,4.46,6.802,7025.8,0.06623,0,train
P22,3,1,849.1,18.71,4496.0,3.97,6.818,7035.6,0.08115,0,train
P22,3,2,862.1,15.15,3754.3,4.69,6.824,7045.7,0.0918,0,train
P22,3,3,829.4,18.76,4301.5,5.92,6.823,7049.4,0.10584,0,train
P22,4,1,883.8,19.24,5010.3,5.55,6.888,6963.3,0.12052,0,train
P22,4,2,775.8,20.34,4079.7,6.1,6.888,6974.8,0.13043,0,train
P22,4,3,811.8,16.9,3712.4,4.38,6.877,6987.6,0.14036,0,train
P22,5,1,834.1,16.86,3909.4,4.81,6.961,7024.2,0.15248,0,train
P22,5,2,807.5,17.74,3855.1,4.78,6.947,7036.1,0.16509,0,train
P22,5,3,815.4,19.77,4380.9,4.87,6.925,7020.1,0.17785,0,train
P22,6,1,956.5,17.38,5299.7,7.37,6.776,7008.9,0.19466,0,train
P22,6,2,744.2,14.91,2752.5,7.05,6.755,7005.8,0.20123,0,train
P22,6,3,754.8,16.67,3165.8,5.34,6.745,6994.2,0.2109,0,train
P22,7,1,850.7,22.09,5330.0,4.72,6.903,7030.1,0.22594,0,train
P22,7,2,750.2,19.13,3588.8,6.64,6.885,7030.9,0.23582,0,train
P22,8,1,863.0,16.15,4009.2,6.69,6.955,7010.2,0.24853,0,train
P22,8,2,753.5,20.01,3787.0,6.69,6.937,6999.5,0.2603,0,train
P22,8,3,729.5,23.08,4093.9,6.55,6.942,6998.6,0.27172,0,train
P22,9,1,900.7,19.93,5389.2,4.91,6.884,7018.0,0.28487,0,train
P22,9,2,821.1,17.88,4017.8,3.56,6.866,7000.6,0.29708,0,train
P22,9,3,788.7,17.5,3629.6,4.04,6.848,7016.4,0.30771,0,train
P22,10,1,899.8,20.7,5585.6,4.01,6.801,6996.2,0.32672,0,train
P22,10,2,823.4,21.12,4772.2,4.29,6.836,7024.1,0.34144,0,train
P22,10,3,766.4,18.43,3608.6,4.57,6.816,7010.0,0.35141,0,train
P22,11,1,849.9,13.63,3281.4,6.05,6.768,6972.1,0.36039,0,train
P22,11,2,760.3,18.48,3560.9,6.32,6.766,6994.8,0.37142,0,train
P22,12,1,902.1,18.65,5058.9,3.84,6.941,7043.3,0.38944,0,train
P22,12,2,825.6,17.9,4067.0,4.04,6.922,7024.2,0.40051,0,train
P22,12,3,835.4,13.67,3180.5,4.91,6.9,7017.4,0.40984,0,train
P22,13,1,764.7,20.5,3995.4,7.06,6.806,7016.0,0.42289,0,train
P22,13,2,812.3,20.43,4493.9,6.0,6.813,7004.5,0.43585,0,train
P22,13,3,783.0,20.08,4103.6,6.25,6.79,7025.0,0.44683,0,train
P22,14,1,889.8,19.17,5058.2,5.59,6.888,6991.2,0.46256,0,train
P22,14,2,875.6,16.5,4216.8,6.62,6.873,7002.2,0.47572,0,train
P22,15,1,825.2,18.78,4262.6,7.84,6.964,6983.1,0.48791,0,train
P22,15,2,840.2,13.13,3090.6,9.2,6.948,6986.0,0.49595,0,train
P22,16,1,782.1,20.1,4099.0,6.11,6.834,7024.3,0.50634,0,train
P22,16,2,735.6,17.68,3188.1,5.17,6.834,7011.2,0.51498,0,train
P22,16,3,821.4,20.82,4681.5,6.19,6.816,7003.3,0.53079,0,train
P22,17,1,849.0,16.69,4008.6,3.47,6.696,7016.9,0.54206,0,train
P22,17,2,826.1,15.54,3534.1,4.58,6.694,7010.4,0.55294,0,train
P22,17,3,837.1,11.81,2758.9,5.82,6.701,7013.5,0.56067,0,train
P22,18,1,874.2,18.22,4640.6,3.85,6.784,7008.3,0.57551,0,train
P22,18,2,808.1,19.79,4306.8,4.75,6.784,7022.6,0.58784,0,train
P22,18,3,797.6,13.81,2929.2,4.83,6.784,7027.7,0.59509,0,train
P22,19,1,895.4,18.72,5002.7,6.88,6.748,7012.7,0.61259,0,train
P22,19,2,796.6,22.06,4665.7,7.29,6.766,7023.1,0.62776,0,train
P22,20,1,939.2,16.72,4917.0,6.79,7.047,7003.3,0.64309,0,train
P22,20,2,814.8,20.92,4628.7,5.28,7.051,7029.9,0.65485,0,train
P22,21,1,878.5,17.08,4392.8,6.16,6.798,7010.0,0.66832,0,train
P22,21,2,804.6,19.26,4155.9,5.91,6.834,7011.8,0.67922,0,train
P22,21,3,779.6,15.58,3156.1,6.24,6.8,7015.3,0.68691,0,train
P22,22,1,945.8,20.59,6138.7,7.52,6.704,7011.8,0.70509,0,train
P22,22,2,775.2,16.92,3388.7,7.35,6.697,7000.4,0.71434,0,train
P22,23,1,811.6,20.19,4433.1,6.17,6.703,7024.7,0.73102,0,train
P22,23,2,850.2,11.98,2886.2,5.33,6.707,7020.8,0.73954,0,train
P22,23,3,837.4,17.35,4056.5,6.38,6.699,7016.0,0.7531,0,train
P22,24,1,899.5,15.37,4145.4,4.67,6.758,7002.6,0.76621,0,train
P22,24,2,868.0,15.05,3779.7,4.68,6.781,7023.4,0.77753,0,train
P22,24,3,811.0,18.28,4008.2,5.7,6.779,7004.6,0.79074,0,train
P22,25,1,891.8,17.17,4551.4,6.67,6.873,6985.1,0.8055,0,train
P22,25,2,829.1,25.43,5826.5,4.56,6.889,6971.8,0.82398,0,train
P22,25,3,855.3,17.41,4246.4,5.24,6.923,6990.9,0.83666,0,train
P22,26,1,890.0,20.42,5390.9,3.88,6.833,6988.4,0.85476,0,train
P22,26,2,815.6,19.04,4222.6,3.76,6.828,6980.0,0.86922,0,train
P22,26,3,861.7,19.65,4861.9,4.28,6.84,6992.7,0.88467,0,train
P22,27,1,1009.7,17.93,6093.6,5.17,6.841,7018.6,0.90548,0,train
P22,27,2,852.4,19.17,4643.9,5.9,6.868,7013.2,0.91911,0,train
P22,27,3,761.0,20.16,3892.9,3.61,6.852,7027.6,0.92984,0,train
P22,28,1,908.6,13.15,3618.6,2.5,6.715,7007.2,0.9397,0,train
P22,28,2,884.1,18.2,4741.2,3.86,6.721,6999.4,0.95523,0,train
P22,28,3,844.2,16.63,3950.2,4.13,6.752,7023.2,0.96818,0,train
P22,29,1,964.1,19.46,6029.9,5.24,6.735,7027.4,0.98872,0,train
P22,29,2,906.7,20.02,5487.1,5.36,6.73,7020.0,1.0,0,train
P22,29,3,790.0,16.48,3428.9,5.5,6.725,6999.1,1.0,1,train
P23,1,1,937.1,15.34,4489.3,9.35,6.759,6989.3,0.01108,0,test
P23,1,2,915.3,20.31,5671.4,10.21,6.769,6988.5,0.02357,0,test
P23,2,1,825.6,16.73,3801.0,5.72,6.95,7010.1,0.03081,0,test
P23,2,2,791.3,19.25,4017.0,6.06,6.963,7019.9,0.03882,0,test
P23,2,3,800.0,21.38,4560.5,6.36,6.929,7010.6,0.05003,0,test
P23,3,1,912.7,20.8,5776.5,7.37,6.723,7007.5,0.06462,0,test
P23,3,2,821.8,21.66,4875.5,7.06,6.708,7019.9,0.07709,0,test
P23,4,1,879.5,19.4,5001.2,4.92,6.833,7013.6,0.09049,0,test
P23,4,2,875.6,22.3,5699.1,5.84,6.847,6981.2,0.1044,0,test
P23,5,1,937.7,20.6,6037.5,6.57,6.849,7009.2,0.12059,0,test
P23,5,2,820.3,21.57,4838.7,8.2,6.84,6992.0,0.13332,0,test
P23,6,1,920.9,17.69,5000.7,5.67,6.895,7028.6,0.14625,0,test
P23,6,2,863.0,14.93,3706.1,3.95,6.886,6997.7,0.15489,0,test
P23,6,3,861.7,19.05,4715.6,3.77,6.891,7008.0,0.16635,0,test
P23,7,1,922.9,14.02,3980.1,5.88,6.887,7011.2,0.17757,0,test
P23,7,2,807.2,16.66,3618.8,3.5,6.867,7015.8,0.18527,0,test
P23,7,3,847.6,21.43,5130.8,5.77,6.873,7002.6,0.19848,0,test
P23,8,1,858.0,23.2,5693.0,7.99,6.938,6997.1,0.21366,0,test
P23,8,2,896.4,22.96,6149.6,6.75,6.887,6989.2,0.2331,0,test
P23,9,1,974.8,16.24,5144.4,6.36,6.704,7016.9,0.24388,0,test
P23,9,2,829.5,16.65,3817.5,5.16,6.713,6986.0,0.25191,0,test
P23,9,3,859.2,13.23,3254.5,6.54,6.687,7006.4,0.25664,0,test
P23,10,1,932.2,20.77,6016.0,7.69,6.853,6999.1,0.27402,0,test
P23,10,2,825.8,20.46,4651.5,7.59,6.843,7017.1,0.28516,0,test
P23,11,1,869.3,16.99,4279.6,2.5,6.913,6999.6,0.29641,0,test
P23,11,2,929.0,18.68,5373.9,4.65,6.907,6978.4,0.30725,0,test
P23,11,3,788.2,18.98,3929.9,2.5,6.909,7025.1,0.31658,0,test
P23,12,1,850.9,20.09,4848.1,5.34,6.797,7017.7,0.32733,0,test
P23,12,2,858.0,14.08,3455.3,6.03,6.816,7042.8,0.33549,0,test
P23,13,1,1005.6,12.47,4203.6,4.96,6.789,6994.0,0.34634,0,test
P23,13,2,878.8,17.01,4377.7,4.76,6.793,6988.7,0.35677,0,test
P23,13,3,799.8,18.0,3838.5,6.25,6.788,6977.3,0.36635,0,test
P23,14,1,861.7,11.76,2910.1,5.05,6.787,7027.5,0.37278,0,test
P23,14,2,779.6,17.24,3493.6,6.72,6.772,6991.0,0.38053,0,test
P23,15,1,902.3,20.08,5449.2,8.19,6.698,7006.1,0.39639,0,test
P23,15,2,857.8,17.6,4318.0,7.53,6.691,7018.6,0.40742,0,test
P23,16,1,858.9,14.51,3568.5,5.09,6.702,6958.6,0.41507,0,test
P23,16,2,908.7,17.13,4715.2,4.15,6.7,6960.2,0.42677,0,test
P23,16,3,895.6,15.27,4083.8,4.42,6.697,6969.5,0.4359,0,test
P23,17,1,929.8,18.25,5259.1,4.89,6.798,7009.3,0.4502,0,test
P23,17,2,827.6,18.07,4126.1,7.63,6.801,7000.5,0.45879,0,test
P23,18,1,876.0,13.44,3436.6,4.61,6.704,7024.1,0.46736,0,test
P23,18,2,940.4,15.8,4657.8,5.27,6.698,7000.0,0.47951,0,test
P23,18,3,819.5,17.82,3988.8,4.68,6.691,7014.3,0.48781,0,test
P23,19,1,879.9,17.43,4496.9,5.27,6.777,7013.6,0.49887,0,test
P23,19,2,891.8,19.27,5107.3,4.2,6.762,6999.6,0.51315,0,test
P23,19,3,844.6,16.72,3976.6,3.72,6.778,7021.3,0.52198,0,test
P23,20,1,974.9,15.71,4977.1,7.7,6.721,7019.8,0.53567,0,test
P23,20,2,860.1,19.75,4870.5,7.58,6.729,7027.2,0.54752,0,test
P23,21,1,925.9,16.97,4850.4,5.2,6.879,7006.0,0.56015,0,test
P23,21,2,905.5,17.92,4898.4,7.23,6.863,7006.1,0.57386,0,test
P23,21,3,783.1,17.8,3639.5,6.43,6.866,6993.7,0.58238,0,test
P23,22,1,918.6,16.9,4753.8,7.3,6.752,7017.9,0.5938,0,test
P23,22,2,951.1,21.18,6385.8,5.39,6.746,7005.9,0.61152,0,test
P23,23,1,858.6,14.39,3536.1,4.27,6.73,7014.6,0.61937,0,test
P23,23,2,860.3,20.28,5004.8,3.91,6.737,7003.2,0.63252,0,test
P23,23,3,919.1,15.35,4321.9,4.16,6.744,6996.9,0.64365,0,test
P23,24,1,965.4,18.12,5629.1,8.62,6.788,7001.4,0.65848,0,test
P23,24,2,856.4,23.77,5810.7,7.64,6.821,6999.2,0.67163,0,test
P23,25,1,898.4,18.47,4968.4,3.95,6.928,7020.5,0.68143,0,test
P23,25,2,743.8,13.23,2439.1,3.0,6.944,7016.1,0.68636,0,test
P23,25,3,884.4,14.79,3855.9,4.35,6.935,7019.6,0.69478,0,test
P23,26,1,918.6,18.06,5080.8,7.98,6.743,7008.6,0.70946,0,test
P23,26,2,901.1,14.28,3866.2,7.13,6.759,7027.3,0.71811,0,test
P23,27,1,983.5,15.38,4958.1,5.34,6.71,6997.1,0.72936,0,test
P23,27,2,866.6,14.49,3626.9,8.27,6.696,6983.3,0.73772,0,test
P23,28,1,1015.2,16.53,5678.1,4.01,6.858,7006.5,0.75065,0,test
P23,28,2,873.5,19.36,4923.6,4.97,6.858,6988.6,0.76413,0,test
P23,28,3,894.8,17.03,4545.9,3.87,6.873,6996.6,0.7734,0,test
P23,29,1,1018.9,14.96,5177.9,5.76,7.036,6992.3,0.78612,0,test
P23,29,2,862.2,16.75,4150.3,7.71,7.017,6994.7,0.79673,0,test
P23,30,1,1026.0,18.29,6418.1,5.59,6.926,7006.8,0.81104,0,test
P23,30,2,862.2,21.84,5412.6,4.78,6.922,6988.5,0.82512,0,test
P23,30,3,878.5,17.62,4531.9,5.81,6.916,7000.7,0.83733,0,test
P23,31,1,930.2,17.2,4962.0,4.34,6.902,6996.3,0.84811,0,test
P23,31,2,937.6,21.6,6327.5,4.12,6.914,7019.1,0.86238,0,test
P23,31,3,922.9,18.18,5161.7,5.71,6.91,7003.1,0.87467,0,test
P23,32,1,920.7,14.45,4082.1,7.87,6.808,7023.0,0.88484,0,test
P23,32,2,846.8,17.21,4113.8,9.36,6.811,7014.4,0.89306,0,test
P23,33,1,947.8,18.19,5447.5,6.21,6.698,7019.1,0.90804,0,test
P23,33,2,885.9,15.79,4130.6,6.09,6.719,7010.1,0.91669,0,test
P23,34,1,974.0,13.99,4422.5,6.59,6.838,6988.7,0.92875,0,test
P23,34,2,970.1,18.33,5748.5,7.32,6.814,6997.2,0.94431,0,test
P23,35,1,1021.4,20.16,7011.6,5.28,6.93,7010.3,0.96355,0,test
P23,35,2,818.2,18.38,4102.0,6.48,6.955,7004.5,0.9737,0,test
P23,35,3,938.2,13.56,3978.9,5.87,6.939,7010.5,0.98282,0,test
P23,36,1,942.7,13.21,3911.4,5.15,6.803,6989.1,0.99292,0,test
P23,36,2,905.2,15.64,4272.8,6.09,6.827,7003.1,1.0,0,test
P23,36,3,824.6,19.04,4316.1,5.44,6.812,6975.1,1.0,1,test
P24,1,1,832.9,18.7,4324.6,3.51,6.887,7005.4,0.00831,0,train
P24,1,2,749.4,12.93,2420.0,4.44,6.863,7018.2,0.01218,0,train
P24,1,3,657.4,16.47,2372.5,3.65,6.873,7004.5,0.01563,0,train
P24,2,1,867.3,18.77,4706.8,4.35,7.011,7017.2,0.02544,0,train
P24,2,2,717.6,17.52,3008.3,5.03,7.028,7006.8,0.03049,0,train
P24,2,3,814.9,23.29,5154.6,4.29,6.997,7011.5,0.04137,0,train
P24,3,1,721.5,20.13,3492.3,4.45,6.81,7026.0,0.04821,0,train
P24,3,2,733.7,18.42,3305.6,4.59,6.829,7036.4,0.0549,0,train
P24,3,3,737.0,16.3,2952.2,3.5,6.834,7040.9,0.06038,0,train
P24,4,1,764.2,15.52,3020.6,4.15,7.002,7008.0,0.06513,0,train
P24,4,2,742.3,21.67,3980.0,2.5,6.983,7006.2,0.0734,0,train
P24,4,3,745.4,17.48,3238.4,2.73,7.02,7009.2,0.07922,0,train
P24,5,1,775.7,12.96,2599.4,4.36,6.898,6986.5,0.08336,0,train
P24,5,2,687.2,17.82,2806.0,5.54,6.897,6991.9,0.08791,0,train
P24,5,3,674.6,20.18,3061.9,5.17,6.904,7013.9,0.09344,0,train
P24,6,1,812.9,14.0,3082.7,4.4,7.04,7010.1,0.09869,0,train
P24,6,2,772.9,18.49,3680.4,4.11,7.016,7008.4,0.10554,0,train
P24,6,3,779.1,14.39,2911.2,4.39,7.028,7008.6,0.1103,0,train
P24,7,1,843.8,16.86,4000.9,4.74,7.002,7000.5,0.11835,0,train
P24,7,2,761.7,17.13,3313.2,5.2,7.021,6965.8,0.12388,0,train
P24,7,3,817.3,21.06,4690.0,2.96,7.026,6994.5,0.13469,0,train
P24,8,1,862.0,16.38,4057.2,5.48,6.834,6987.6,0.14225,0,train
P24,8,2,767.0,12.49,2450.1,4.77,6.843,6986.5,0.1465,0,train
P24,8,3,768.5,18.93,3726.3,6.23,6.849,6989.2,0.15293,0,train
P24,9,1,790.6,17.46,3637.0,4.63,6.828,7007.0,0.15942,0,train
P24,9,2,773.5,15.49,3088.5,3.2,6.804,7003.9,0.16562,0,train
P24,9,3,752.0,17.64,3325.4,5.14,6.802,7006.2,0.1723,0,train
P24,10,1,875.4,16.06,4101.6,7.28,6.683,6986.4,0.17858,0,train
P24,10,2,853.8,23.32,5667.3,5.71,6.717,6986.3,0.19133,0,train
P24,10,3,770.9,17.2,3407.4,5.6,6.704,6980.3,0.19661,0,train
P24,11,1,821.4,20.7,4656.6,5.4,6.821,6994.2,0.20485,0,train
P24,11,2,719.7,18.8,3246.2,5.61,6.797,6976.4,0.21151,0,train
P24,11,3,791.8,13.3,2780.3,5.41,6.816,6949.2,0.21591,0,train
P24,12,1,784.1,21.76,4460.0,4.45,6.879,6993.1,0.22534,0,train
P24,12,2,817.9,20.17,4497.6,3.59,6.862,7004.3,0.23349,0,train
P24,12,3,813.2,21.49,4737.9,3.02,6.855,7014.4,0.24321,0,train
P24,13,1,745.5,18.19,3369.2,6.01,6.828,7004.1,0.24954,0,train
P24,13,2,670.4,18.68,2798.5,6.66,6.832,7004.0,0.25395,0,train
P24,14,1,795.8,17.39,3670.0,5.93,6.843,7007.8,0.26148,0,train
P24,14,2,662.1,16.3,2381.9,8.08,6.806,7003.7,0.26545,0,train
P24,15,1,849.6,19.98,4808.7,5.48,6.752,7026.1,0.27573,0,train
P24,15,2,816.3,16.58,3682.1,4.84,6.787,7003.2,0.28297,0,train
P24,15,3,786.8,16.28,3358.0,3.64,6.759,6994.7,0.28904,0,train
P24,16,1,845.7,18.82,4487.0,6.82,6.751,7018.9,0.29851,0,train
P24,16,2,780.7,18.1,3676.3,6.74,6.781,7022.0,0.305,0,train
P24,17,1,856.4,17.78,4346.7,4.58,6.858,6979.9,0.31532,0,train
P24,17,2,725.9,16.7,2933.6,5.23,6.839,6983.7,0.3207,0,train
P24,17,3,755.9,15.37,2927.8,5.84,6.845,6995.7,0.32587,0,train
P24,18,1,774.4,20.44,4085.5,5.94,6.788,7007.9,0.33292,0,train
P24,18,2,764.0,15.3,2977.2,6.27,6.808,7001.0,0.33794,0,train
P24,18,3,834.1,19.13,4435.6,4.72,6.813,7005.3,0.34682,0,train
P24,19,1,823.9,16.98,3842.7,4.46,6.78,7001.8,0.35433,0,train
P24,19,2,714.3,18.67,3174.9,5.24,6.764,6999.4,0.36017,0,train
P24,19,3,810.2,21.23,4644.5,4.63,6.768,7017.4,0.36806,0,train
P24,20,1,871.5,20.04,5072.8,7.01,6.802,7008.9,0.37837,0,train
P24,20,2,753.5,16.89,3196.7,6.64,6.79,7015.9,0.38421,0,train
P24,21,1,767.8,17.36,3411.7,5.8,6.967,6981.9,0.39076,0,train
P24,21,2,822.5,18.45,4161.5,5.71,6.954,6995.7,0.39947,0,train
P24,22,1,832.7,18.25,4219.1,5.73,6.861,6992.3,0.40834,0,train
P24,22,2,808.4,17.97,3915.8,5.82,6.86,6984.4,0.41647,0,train
P24,22,3,783.9,17.8,3646.9,6.4,6.85,6998.3,0.42404,0,train
P24,23,1,763.5,18.44,3583.5,6.91,6.698,6986.8,0.43092,0,train
P24,23,2,730.9,21.33,3799.4,7.8,6.723,6999.4,0.43831,0,train
P24,24,1,916.8,15.69,4395.2,8.22,6.874,7018.6,0.44683,0,train
P24,24,2,709.7,15.8,2652.0,7.36,6.888,7000.0,0.45211,0,train
P24,25,1,868.2,15.83,3976.8,9.21,6.697,7017.7,0.45984,0,train
P24,25,2,861.8,17.5,4330.8,8.42,6.705,7022.2,0.46738,0,train
P24,26,1,880.1,19.2,4956.0,3.87,6.947,7010.2,0.47929,0,train
P24,26,2,809.6,17.42,3806.8,4.51,6.95,7000.4,0.48689,0,train
P24,26,3,722.5,15.47,2691.3,3.87,6.919,7023.1,0.49118,0,train
P24,27,1,833.8,18.07,4186.4,4.98,6.868,7001.5,0.49888,0,train
P24,27,2,796.1,14.95,3158.3,3.48,6.87,6995.2,0.50566,0,train
P24,27,3,800.8,21.63,4624.1,4.97,6.881,6996.2,0.51513,0,train
P24,28,1,845.6,16.2,3862.2,3.92,6.955,6989.5,0.52276,0,train
P24,28,2,828.5,19.03,4354.3,3.47,6.935,6991.8,0.53234,0,train
P24,28,3,705.1,19.97,3310.4,4.84,6.947,6996.7,0.53714,0,train
P24,29,1,901.8,23.25,6302.4,5.56,6.892,7019.0,0.55177,0,train
P24,29,2,843.8,18.32,4348.4,5.09,6.876,6996.4,0.56162,0,train
P24,29,3,744.4,16.85,3112.2,4.49,6.869,7003.7,0.56711,0,train
P24,30,1,835.3,17.71,4119.4,6.42,6.974,6986.2,0.57731,0,train
P24,30,2,779.9,18.27,3703.4,5.42,6.972,7008.8,0.58515,0,train
P24,30,3,756.7,14.75,2815.4,5.52,6.98,6971.0,0.59027,0,train
P24,31,1,904.5,20.47,5583.6,7.15,6.794,7004.6,0.60263,0,train
P24,31,2,850.8,18.73,4520.2,6.31,6.777,7020.7,0.61128,0,train
P24,32,1,916.7,19.02,5326.1,5.98,6.823,6982.6,0.62342,0,train
P24,32,2,859.3,16.44,4046.8,4.81,6.818,6954.3,0.63332,0,train
P24,32,3,861.9,20.37,5044.0,3.88,6.813,6980.5,0.64387,0,train
P24,33,1,885.4,18.22,4760.6,3.66,6.803,7012.2,0.65406,0,train
P24,33,2,824.4,17.01,3854.7,4.9,6.808,7010.0,0.66084,0,train
P24,33,3,795.3,20.36,4292.1,3.09,6.822,7002.8,0.6711,0,train
P24,34,1,1005.0,19.23,6473.5,5.95,6.86,7017.2,0.68789,0,train
P24,34,2,760.9,18.83,3633.0,5.7,6.873,7001.3,0.69495,0,train
P24,35,1,810.9,13.53,2966.6,6.7,6.876,7013.0,0.70088,0,train
P24,35,2,786.7,20.44,4217.2,6.04,6.882,7025.2,0.70914,0,train
P24,36,1,896.7,15.51,4155.9,4.08,6.766,7036.3,0.7165,0,train
P24,36,2,736.0,19.94,3600.3,4.62,6.768,7021.8,0.72255,0,train
P24,36,3,830.4,15.14,3480.3,4.66,6.774,7035.5,0.73006,0,train
P24,37,1,899.3,14.67,3954.4,5.26,6.866,7032.2,0.73818,0,train
P24,37,2,796.0,13.48,2846.4,3.16,6.875,7016.9,0.74363,0,train
P24,37,3,816.3,15.24,3386.0,5.84,6.9,6999.9,0.75041,0,train
P24,38,1,911.7,14.46,4006.5,5.09,6.899,7014.5,0.7577,0,train
P24,38,2,761.2,17.85,3447.4,7.14,6.917,7000.3,0.76328,0,train
P24,39,1,893.1,17.13,4554.9,8.1,6.872,6996.3,0.77127,0,train
P24,39,2,796.9,17.91,3790.5,5.69,6.878,6979.1,0.77833,0,train
P24,40,1,943.1,17.14,5079.9,4.95,6.925,7005.9,0.789,0,train
P24,40,2,841.7,18.35,4332.9,5.03,6.925,7002.2,0.79903,0,train
P24,40,3,808.1,19.32,4204.9,4.87,6.927,7000.9,0.80689,0,train
P24,41,1,868.8,20.01,5034.0,3.3,6.836,7024.5,0.81792,0,train
P24,41,2,804.9,16.22,3503.2,3.44,6.823,7018.9,0.82417,0,train
P24,41,3,818.4,14.4,3215.0,3.8,6.833,7006.8,0.83104,0,train
P24,42,1,932.2,18.92,5481.0,4.38,6.866,6988.6,0.8421,0,train
P24,42,2,906.5,18.66,5111.1,4.06,6.867,7001.9,0.85432,0,train
P24,42,3,805.4,18.43,3985.5,5.19,6.876,7013.7,0.86286,0,train
P24,43,1,928.6,17.09,4912.2,6.64,6.782,6981.6,0.87371,0,train
P24,43,2,886.6,16.13,4226.1,5.74,6.789,6981.8,0.88158,0,train
P24,43,3,777.2,19.23,3871.1,5.08,6.796,6983.8,0.89093,0,train
P24,44,1,1012.1,20.35,6948.3,6.07,6.726,7003.7,0.90988,0,train
P24,44,2,846.0,14.85,3542.7,5.59,6.72,7005.2,0.91641,0,train
P24,44,3,842.4,16.52,3908.4,5.87,6.708,6989.0,0.9252,0,train
P24,45,1,897.4,16.74,4493.2,7.73,6.715,7004.3,0.93474,0,train
P24,45,2,859.6,14.05,3460.8,6.13,6.696,6997.7,0.94014,0,train
P24,46,1,929.7,13.84,3987.9,5.57,6.824,6994.7,0.94826,0,train
P24,46,2,835.5,16.94,3942.7,6.88,6.837,7008.8,0.95666,0,train
P24,46,3,797.4,16.4,3476.4,3.27,6.844,7037.8,0.96236,0,train
P24,47,1,922.2,16.81,4766.1,7.65,6.845,7009.8,0.97336,0,train
P24,47,2,850.1,16.52,3979.9,5.0,6.81,7035.5,0.98146,0,train
P24,47,3,906.8,22.55,6181.2,7.01,6.828,7016.8,0.99533,0,train
P24,48,1,943.6,17.52,5198.2,4.34,6.731,7026.9,1.0,0,train
P24,48,2,798.4,24.17,5135.8,4.33,6.732,7008.9,1.0,0,train
P24,48,3,898.7,13.59,3658.0,3.82,6.743,7021.5,1.0,1,train
P25,1,1,745.3,19.79,3664.5,6.01,6.813,6987.8,0.00891,0,train
P25,1,2,637.1,17.58,2378.5,7.19,6.791,6988.0,0.01478,0,train
P25,2,1,772.0,16.1,3198.0,6.6,6.921,6960.0,0.02311,0,train
P25,2,2,676.8,15.07,2301.0,3.76,6.931,6938.9,0.02823,0,train
P25,2,3,700.9,17.07,2795.7,2.97,6.926,6951.6,0.03447,0,train
P25,3,1,665.8,18.77,2772.8,8.08,6.938,6951.8,0.0393,0,train
P25,3,2,641.6,16.6,2277.8,7.05,6.926,6944.5,0.04497,0,train
P25,4,1,744.3,19.6,3619.4,7.85,7.008,6950.2,0.05467,0,train
P25,4,2,654.4,20.39,2910.9,9.05,7.002,6965.7,0.06137,0,train
P25,5,1,813.3,18.21,4014.6,7.38,6.833,6956.6,0.07193,0,train
P25,5,2,686.7,16.14,2536.7,6.12,6.841,6964.9,0.07807,0,train
P25,6,1,662.7,14.99,2194.2,6.65,6.773,6964.2,0.08321,0,train
P25,6,2,633.5,14.69,1965.1,6.53,6.78,6950.6,0.08703,0,train
P25,7,1,769.8,18.69,3691.9,6.62,6.813,6976.9,0.09733,0,train
P25,7,2,712.0,21.13,3570.2,7.78,6.828,6970.1,0.1068,0,train
P25,8,1,725.2,20.38,3571.9,5.02,6.961,6959.3,0.11623,0,train
P25,8,2,673.6,19.19,2903.1,4.03,6.951,6954.6,0.12379,0,train
P25,8,3,653.1,14.95,2124.7,4.71,6.934,6965.7,0.12814,0,train
P25,9,1,856.1,19.89,4859.7,6.24,6.808,6979.7,0.1414,0,train
P25,9,2,666.9,18.23,2702.5,7.32,6.796,6954.1,0.14771,0,train
P25,10,1,726.0,19.15,3364.5,4.36,6.803,6962.7,0.15534,0,train
P25,10,2,660.1,20.58,2988.2,6.0,6.8,6958.4,0.16253,0,train
P25,10,3,704.7,20.17,3339.4,5.1,6.783,6962.5,0.17213,0,train
P25,11,1,798.6,20.44,4344.9,6.63,6.698,6970.8,0.18449,0,train
P25,11,2,667.7,17.27,2566.1,5.35,6.694,6967.0,0.19075,0,train
P25,11,3,614.6,22.57,2842.1,4.48,6.722,6954.4,0.19685,0,train
P25,12,1,785.4,17.58,3614.3,3.77,6.762,6987.7,0.20535,0,train
P25,12,2,769.6,21.63,4270.7,5.84,6.746,6970.8,0.21683,0,train
P25,13,1,772.6,16.96,3373.6,8.84,6.878,6953.7,0.22492,0,train
P25,13,2,759.8,18.09,3481.4,7.25,6.875,6967.7,0.2324,0,train
P25,14,1,771.2,19.94,3952.0,4.77,6.829,6931.9,0.24306,0,train
P25,14,2,708.4,17.81,2978.8,6.52,6.804,6945.9,0.25022,0,train
P25,15,1,778.4,17.0,3432.6,3.97,6.961,6996.3,0.26062,0,train
P25,15,2,680.0,18.87,2908.1,6.03,6.962,6981.8,0.26697,0,train
P25,16,1,778.6,19.73,3988.1,6.31,6.813,6944.4,0.27643,0,train
P25,16,2,683.0,18.77,2919.2,6.2,6.783,6952.9,0.28251,0,train
P25,17,1,737.4,19.47,3529.0,7.58,6.761,6953.4,0.28995,0,train
P25,17,2,701.3,17.93,2939.2,7.88,6.78,6973.1,0.29695,0,train
P25,18,1,791.1,17.52,3653.6,8.35,6.887,6939.2,0.30788,0,train
P25,18,2,732.0,20.77,3710.1,9.18,6.909,6937.6,0.31596,0,train
P25,19,1,688.9,19.01,3006.7,4.65,6.757,6945.4,0.32288,0,train
P25,19,2,741.9,13.73,2518.8,6.08,6.796,6943.8,0.32887,0,train
P25,20,1,775.6,20.95,4201.4,5.84,6.892,6977.1,0.33952,0,train
P25,20,2,629.3,15.23,2010.6,6.9,6.919,6975.2,0.344,0,train
P25,21,1,665.1,19.39,2858.2,6.21,6.921,6940.1,0.35025,0,train
P25,21,2,706.1,18.66,3101.9,6.15,6.885,6955.6,0.35758,0,train
P25,22,1,755.4,15.83,3011.5,6.05,6.872,6973.5,0.36463,0,train
P25,22,2,629.0,20.02,2640.0,6.88,6.83,6949.0,0.37129,0,train
P25,23,1,779.1,19.27,3898.2,4.79,6.728,6960.0,0.38181,0,train
P25,23,2,640.9,22.63,3098.0,4.6,6.759,6965.6,0.38777,0,train
P25,23,3,716.6,15.46,2645.6,4.59,6.749,6943.3,0.39491,0,train
P25,24,1,717.2,23.27,3988.5,6.51,6.969,6964.7,0.40633,0,train
P25,24,2,735.4,18.58,3349.7,7.96,6.969,6959.5,0.41402,0,train
P25,25,1,793.4,17.54,3680.0,8.16,6.911,6956.1,0.42409,0,train
P25,25,2,713.3,17.03,2887.6,6.41,6.872,6968.0,0.43175,0,train
P25,26,1,805.2,17.44,3767.8,8.11,6.714,6958.0,0.44366,0,train
P25,26,2,708.9,18.2,3049.3,6.73,6.723,6983.6,0.45108,0,train
P25,27,1,901.9,18.57,5034.1,6.26,6.763,6968.5,0.46671,0,train
P25,27,2,725.5,22.7,3982.5,7.89,6.756,6977.8,0.47799,0,train
P25,28,1,839.3,14.3,3358.4,4.13,6.718,6964.6,0.48684,0,train
P25,28,2,697.1,19.85,3215.6,4.8,6.708,6965.2,0.49477,0,train
P25,28,3,701.7,18.18,2982.7,6.07,6.702,6971.6,0.502,0,train
P25,29,1,838.2,18.93,4434.4,4.75,6.925,6946.1,0.51275,0,train
P25,29,2,717.3,13.38,2294.9,5.07,6.926,6965.7,0.51833,0,train
P25,29,3,764.9,19.68,3839.1,4.67,6.908,6974.6,0.52853,0,train
P25,30,1,827.8,16.55,3779.9,5.64,6.802,6988.0,0.53893,0,train
P25,30,2,715.3,18.26,3113.8,6.39,6.811,6991.5,0.54555,0,train
P25,31,1,827.1,17.03,3883.6,5.87,6.772,6948.1,0.55781,0,train
P25,31,2,667.1,19.63,2911.9,4.81,6.791,6940.5,0.56517,0,train
P25,32,1,787.6,18.08,3738.4,5.39,6.788,6931.5,0.57575,0,train
P25,32,2,750.1,15.73,2949.4,6.0,6.816,6940.3,0.5839,0,train
P25,33,1,859.0,14.28,3511.8,6.97,6.988,6957.1,0.59492,0,train
P25,33,2,741.9,17.02,3122.4,7.41,7.004,6963.5,0.60251,0,train
P25,34,1,777.0,14.15,2848.3,6.78,6.774,6936.3,0.60865,0,train
P25,34,2,761.4,19.01,3672.9,5.87,6.777,6954.6,0.61746,0,train
P26,1,1,974.0,25.55,8079.9,4.06,6.987,7012.5,0.02476,0,test
P26,1,2,775.9,20.12,4037.2,4.85,6.968,7014.5,0.03513,0,test
P26,1,3,954.6,18.89,5735.9,4.33,6.975,7013.8,0.04937,0,test
P26,2,1,1022.1,19.97,6952.5,4.81,6.841,7014.2,0.06899,0,test
P26,2,2,892.4,22.8,6053.3,3.96,6.849,6999.1,0.08621,0,test
P26,2,3,855.9,19.28,4706.9,3.89,6.843,7019.9,0.09544,0,test
P26,3,1,1025.9,16.17,5672.9,4.89,6.884,7044.3,0.11045,0,test
P26,3,2,881.7,19.41,5030.7,5.85,6.885,7018.3,0.12383,0,test
P26,3,3,841.1,18.94,4465.1,5.69,6.896,7031.0,0.13357,0,test
P26,4,1,1012.7,18.21,6224.8,4.43,6.928,6997.1,0.1518,0,test
P26,4,2,877.6,14.86,3815.4,4.17,6.884,7003.5,0.16214,0,test
P26,4,3,854.5,19.62,4774.2,3.04,6.921,7005.9,0.172,0,test
P26,5,1,871.3,13.85,3505.0,7.32,6.87,7026.4,0.17924,0,test
P26,5,2,862.4,18.89,4683.8,6.84,6.888,7008.5,0.18859,0,test
P26,6,1,944.0,17.14,5091.9,5.86,7.032,6978.2,0.20004,0,test
P26,6,2,823.2,20.52,4634.6,6.96,7.026,6952.3,0.21012,0,test
P26,6,3,839.7,15.11,3551.5,7.31,7.02,6983.0,0.21786,0,test
P26,7,1,918.5,20.39,5735.5,7.65,6.949,7034.0,0.23383,0,test
P26,7,2,904.1,21.73,5919.6,6.62,6.93,7009.2,0.25063,0,test
P26,8,1,1018.1,14.02,4845.3,4.29,6.842,6970.0,0.26142,0,test
P26,8,2,763.2,17.31,3360.9,3.9,6.851,6977.6,0.26818,0,test
P26,8,3,869.4,20.01,5040.7,5.46,6.834,6992.1,0.28227,0,test
P26,9,1,919.7,17.05,4808.4,6.62,7.002,7004.4,0.2946,0,test
P26,9,2,874.7,19.05,4858.0,4.35,7.006,7039.0,0.30845,0,test
P26,10,1,906.5,19.16,5248.7,7.07,6.88,7008.2,0.32377,0,test
P26,10,2,922.9,17.17,4874.4,7.53,6.891,7024.9,0.33586,0,test
P26,11,1,902.9,23.3,6333.1,7.21,6.827,7017.5,0.35533,0,test
P26,11,2,866.3,21.84,5464.7,6.07,6.807,6997.4,0.371,0,test
P26,12,1,1051.7,17.14,6321.3,4.98,6.713,6997.8,0.38793,0,test
P26,12,2,845.9,14.57,3475.8,5.11,6.712,7007.0,0.39557,0,test
P26,12,3,854.5,21.53,5238.9,7.82,6.702,7009.2,0.40965,0,test
P26,13,1,981.1,20.56,6597.1,6.59,6.743,7003.5,0.43121,0,test
P26,13,2,904.7,18.36,5008.3,5.56,6.737,6969.8,0.44314,0,test
P26,13,3,887.0,17.99,4717.0,4.96,6.746,6989.7,0.45633,0,test
P26,14,1,970.6,17.74,5569.6,5.57,6.763,7020.1,0.47259,0,test
P26,14,2,791.4,21.31,4449.9,5.26,6.761,7002.3,0.4834,0,test
P26,15,1,971.2,13.33,4190.8,4.75,6.965,6975.9,0.49401,0,test
P26,15,2,976.6,21.89,6959.6,4.38,6.994,6996.1,0.51359,0,test
P26,15,3,1026.3,11.49,4034.5,4.81,6.994,6982.8,0.52304,0,test
P26,16,1,970.5,18.07,5672.3,4.98,6.85,7032.7,0.53891,0,test
P26,16,2,868.9,17.63,4436.2,7.17,6.869,7016.2,0.54839,0,test
P26,17,1,888.0,16.22,4264.6,8.46,6.829,7006.7,0.55763,0,test
P26,17,2,1008.2,20.35,6895.5,9.54,6.82,7002.4,0.57889,0,test
P26,18,1,961.6,12.03,3709.2,5.01,6.688,7024.3,0.5876,0,test
P26,18,2,884.4,21.61,5634.3,5.71,6.701,7019.7,0.60328,0,test
P26,18,3,901.7,16.66,4516.1,4.88,6.719,7017.1,0.61563,0,test
P26,19,1,952.9,18.63,5639.9,6.46,6.924,7023.6,0.63099,0,test
P26,19,2,843.3,13.95,3306.0,7.18,6.916,7027.1,0.63803,0,test
P26,20,1,975.3,20.57,6520.3,7.37,6.827,6978.7,0.65673,0,test
P26,20,2,895.3,12.13,3240.3,6.2,6.839,6987.7,0.66456,0,test
P26,21,1,961.5,13.87,4275.7,3.66,6.9,7008.3,0.67518,0,test
P26,21,2,992.9,15.75,5175.6,4.01,6.9,7023.7,0.6879,0,test
P26,21,3,935.3,14.8,4317.3,5.33,6.905,7001.3,0.69926,0,test
P26,22,1,979.7,21.35,6831.6,4.38,6.845,7010.1,0.71816,0,test
P26,22,2,901.7,17.34,4698.8,5.29,6.854,7002.7,0.72989,0,test
P26,22,3,814.4,21.1,4665.3,5.05,6.851,7017.5,0.74163,0,test
P26,23,1,1019.8,19.7,6830.0,4.01,6.956,6990.9,0.76419,0,test
P26,23,2,876.5,15.71,4022.2,4.21,6.963,6995.9,0.77507,0,test
P26,23,3,849.4,19.86,4776.0,4.64,6.966,7004.2,0.78679,0,test
P26,24,1,1004.6,17.75,5972.3,4.14,6.814,7010.2,0.80478,0,test
P26,24,2,934.8,20.45,5958.2,5.64,6.82,7011.1,0.82303,0,test
P26,24,3,758.9,16.47,3162.4,4.92,6.81,7006.7,0.83014,0,test
P26,25,1,1048.1,13.2,4832.1,4.41,6.78,6982.7,0.84242,0,test
P26,25,2,919.5,19.27,5429.8,3.3,6.79,6994.0,0.85494,0,test
P26,25,3,994.6,22.4,7385.4,3.93,6.778,6979.7,0.88052,0,test
P26,26,1,913.4,16.26,4522.1,7.12,6.823,7013.7,0.89267,0,test
P26,26,2,908.4,18.54,5099.7,6.44,6.817,7010.7,0.90852,0,test
P26,27,1,960.3,15.1,4642.6,6.97,6.872,7013.4,0.91926,0,test
P26,27,2,905.6,20.97,5733.2,6.72,6.869,7019.8,0.93561,0,test
P26,28,1,903.7,21.46,5841.5,4.73,6.851,6982.0,0.94965,0,test
P26,28,2,871.7,17.14,4340.3,5.0,6.891,6994.5,0.95998,0,test
P26,28,3,945.2,20.03,5966.4,4.32,6.864,6987.7,0.9768,0,test
P26,29,1,967.3,16.76,5227.4,4.91,6.711,6981.8,0.99399,0,test
P26,29,2,894.4,14.64,3903.0,4.93,6.692,6976.0,1.0,1,test
P27,1,1,728.9,18.65,3301.8,8.68,6.842,7034.5,0.00879,0,test
P27,1,2,670.0,15.73,2353.7,9.0,6.828,7059.3,0.01501,0,test
P27,2,1,738.7,19.76,3594.5,6.11,6.691,7024.5,0.02516,0,test
P27,2,2,689.7,15.95,2529.5,4.77,6.701,7032.1,0.03322,0,test
P27,2,3,717.7,20.13,3456.6,5.2,6.667,7044.5,0.0438,0,test
P27,3,1,808.3,15.41,3356.1,4.6,6.9,7020.7,0.05232,0,test
P27,3,2,737.2,15.74,2850.7,4.47,6.899,7028.2,0.05864,0,test
P27,3,3,756.6,16.09,3070.5,5.61,6.885,7008.7,0.06673,0,test
P27,4,1,715.8,21.81,3724.8,7.79,7.041,7033.6,0.0787,0,test
P27,4,2,695.0,19.26,3100.9,7.18,7.041,7050.1,0.08618,0,test
P27,5,1,762.3,17.86,3458.4,4.49,6.694,7031.5,0.09612,0,test
P27,5,2,706.8,19.92,3316.8,3.97,6.729,7027.5,0.10493,0,test
P27,5,3,746.9,15.21,2827.1,3.44,6.695,7015.9,0.11303,0,test
P27,6,1,781.0,11.66,2370.4,7.16,6.852,7021.4,0.11987,0,test
P27,6,2,737.5,14.66,2658.9,7.38,6.862,7007.1,0.12634,0,test
P27,7,1,807.9,20.94,4555.3,9.21,6.711,7074.8,0.14122,0,test
P27,7,2,732.8,18.95,3391.7,7.92,6.697,7036.5,0.15057,0,test
P27,8,1,742.5,19.51,3585.9,7.01,6.94,7022.6,0.15998,0,test
P27,8,2,747.1,23.33,4340.2,5.92,6.94,7020.8,0.17217,0,test
P27,8,3,739.6,21.04,3836.9,6.18,6.959,7027.1,0.18359,0,test
P27,9,1,719.9,18.34,3168.6,8.36,6.92,7042.7,0.19162,0,test
P27,9,2,788.2,16.39,3393.5,7.9,6.908,7027.7,0.20136,0,test
P27,10,1,736.2,17.01,3072.9,7.2,6.838,7072.9,0.21049,0,test
P27,10,2,657.6,16.63,2397.1,9.45,6.823,7068.5,0.21596,0,test
P27,11,1,787.0,18.49,3817.7,7.83,6.914,7046.4,0.22641,0,test
P27,11,2,721.8,21.19,3680.2,7.41,6.931,7031.8,0.23669,0,test
P27,12,1,785.7,17.88,3679.4,6.76,6.722,7045.0,0.24789,0,test
P27,12,2,669.7,21.95,3281.4,5.55,6.758,7037.8,0.25577,0,test
P27,13,1,774.8,16.13,3227.1,7.73,6.829,7016.2,0.26485,0,test
P27,13,2,646.1,20.73,2884.8,5.88,6.847,7004.3,0.27329,0,test
P27,14,1,786.3,19.13,3942.1,7.73,6.97,7043.7,0.28602,0,test
P27,14,2,723.7,16.67,2910.6,8.16,6.968,7042.7,0.29415,0,test
P27,15,1,782.6,20.03,4087.9,7.57,6.719,7004.0,0.30574,0,test
P27,15,2,763.3,15.44,2998.9,9.25,6.689,7016.5,0.31374,0,test
P27,16,1,774.5,21.74,4347.2,7.53,6.774,7030.8,0.32771,0,test
P27,16,2,749.2,13.96,2611.4,9.01,6.762,7024.6,0.33417,0,test
P27,17,1,842.8,11.88,2813.8,7.27,6.805,6964.1,0.3407,0,test
P27,17,2,641.8,18.13,2489.4,7.42,6.769,6987.5,0.34611,0,test
P27,18,1,747.4,15.4,2866.9,4.98,6.839,7008.7,0.35305,0,test
P27,18,2,739.4,23.43,4270.7,3.3,6.839,7014.7,0.36619,0,test
P27,18,3,722.1,22.89,3978.8,5.01,6.831,7024.7,0.37769,0,test
P27,19,1,852.7,17.16,4158.1,4.2,6.777,6997.7,0.38868,0,test
P27,19,2,673.4,20.1,3038.6,6.25,6.761,7021.9,0.39574,0,test
P27,19,3,728.3,18.72,3310.0,5.92,6.796,6996.4,0.40414,0,test
P27,20,1,851.3,24.09,5820.1,6.25,6.819,7017.1,0.42251,0,test
P27,20,2,718.3,22.61,3888.1,6.22,6.813,7000.1,0.43421,0,test
P27,21,1,848.0,17.8,4266.8,5.02,6.884,7040.8,0.44635,0,test
P27,21,2,744.4,19.04,3516.7,3.52,6.871,7021.4,0.45694,0,test
P27,21,3,645.1,19.56,2713.7,2.5,6.908,7038.3,0.4648,0,test
P27,22,1,838.8,17.15,4021.8,5.63,6.795,7015.3,0.4774,0,test
P27,22,2,747.2,19.74,3673.8,4.68,6.808,7020.6,0.48812,0,test
P27,22,3,767.7,13.34,2620.3,6.2,6.803,7029.7,0.49456,0,test
P27,23,1,810.0,15.5,3389.3,8.56,6.882,7011.0,0.50534,0,test
P27,23,2,781.4,16.94,3447.8,8.41,6.895,7033.3,0.51469,0,test
P27,24,1,810.4,17.69,3872.1,6.57,6.855,7008.8,0.52603,0,test
P27,24,2,798.0,21.61,4586.6,5.95,6.855,6995.7,0.54136,0,test
P27,25,1,862.0,15.99,3961.4,5.32,6.737,7038.7,0.55076,0,test
P27,25,2,739.1,15.99,2911.0,7.02,6.733,7051.9,0.55657,0,test
P27,25,3,770.5,18.87,3733.7,6.48,6.737,7036.7,0.5673,0,test
P27,26,1,788.7,13.32,2762.5,6.24,6.819,6998.9,0.5742,0,test
P27,26,2,691.5,19.11,3045.9,4.53,6.809,7007.3,0.58142,0,test
P27,26,3,767.7,18.28,3590.0,4.48,6.796,7007.5,0.59015,0,test
P27,27,1,869.4,20.16,5078.9,7.86,6.716,7035.6,0.60543,0,test
P27,27,2,720.9,19.03,3296.3,5.78,6.688,7030.6,0.61544,0,test
P27,28,1,878.7,14.88,3830.1,4.63,6.818,7025.4,0.6264,0,test
P27,28,2,735.2,16.49,2970.5,5.82,6.838,7028.1,0.63325,0,test
P27,29,1,786.3,15.7,3234.7,5.74,6.717,7026.6,0.64041,0,test
P27,29,2,808.4,19.43,4233.3,5.69,6.7,7031.5,0.65308,0,test
P27,29,3,798.9,22.11,4704.1,5.82,6.711,7031.3,0.66897,0,test
P27,30,1,728.8,15.18,2688.2,6.58,6.707,7003.3,0.67643,0,test
P27,30,2,852.6,19.12,4632.1,6.47,6.73,7009.4,0.68828,0,test
P27,31,1,914.9,17.83,4973.5,5.04,6.688,7030.1,0.70413,0,test
P27,31,2,767.0,13.78,2703.4,5.93,6.702,7023.3,0.71152,0,test
P27,31,3,756.7,18.32,3497.1,5.0,6.688,7060.8,0.71985,0,test
P27,32,1,776.3,17.19,3452.6,3.76,6.956,6988.4,0.72979,0,test
P27,32,2,708.1,18.8,3143.1,3.64,6.929,6997.8,0.73888,0,test
P27,32,3,730.2,19.1,3395.3,5.12,6.925,6996.2,0.74842,0,test
P27,33,1,830.0,19.02,4366.4,5.3,6.776,7011.4,0.76239,0,test
P27,33,2,735.3,17.51,3154.6,4.82,6.778,7006.8,0.77153,0,test
P27,33,3,764.3,16.68,3248.6,2.74,6.77,7009.6,0.78068,0,test
P27,34,1,797.3,13.47,2853.5,5.67,6.863,7047.6,0.7885,0,test
P27,34,2,746.9,15.66,2911.8,5.72,6.851,7032.7,0.79658,0,test
P27,34,3,754.3,13.98,2650.4,4.45,6.846,7051.2,0.80362,0,test
P27,35,1,851.7,18.83,4554.3,5.62,6.86,7017.9,0.81909,0,test
P27,35,2,838.6,20.83,4881.9,6.24,6.855,7034.2,0.83055,0,test
P27,36,1,872.7,17.17,4358.4,5.02,6.879,7043.1,0.84343,0,test
P27,36,2,756.1,16.63,3169.6,3.37,6.883,7036.3,0.85199,0,test
P27,36,3,836.2,15.37,3583.3,2.5,6.896,7026.2,0.8629,0,test
P27,37,1,922.7,14.86,4218.5,8.94,6.688,7027.5,0.87546,0,test
P27,37,2,718.0,19.75,3393.4,8.16,6.691,7026.7,0.88492,0,test
P27,38,1,818.1,16.02,3573.4,7.18,6.927,7018.0,0.8957,0,test
P27,38,2,806.7,19.16,4156.6,5.79,6.922,7012.0,0.907,0,test
P27,39,1,884.8,18.97,4949.7,6.86,6.76,7027.3,0.92217,0,test
P27,39,2,781.1,20.62,4192.7,7.56,6.778,7005.8,0.93482,0,test
P27,39,3,832.1,18.79,4337.0,6.23,6.767,7007.0,0.94698,0,test
P27,40,1,918.4,15.74,4425.9,6.95,6.818,7040.4,0.96201,0,test
P27,40,2,774.6,16.37,3274.0,7.17,6.843,7022.6,0.96954,0,test
P27,41,1,834.6,19.01,4413.3,5.67,6.714,7036.6,0.98322,0,test
P27,41,2,825.3,14.91,3385.6,7.7,6.684,7022.6,0.9932,0,test
P27,42,1,829.3,21.15,4848.8,3.71,6.804,7038.3,1.0,0,test
P27,42,2,742.7,16.76,3081.0,4.42,6.823,7043.0,1.0,0,test
P27,42,3,843.3,17.85,4230.0,3.86,6.792,7039.9,1.0,1,test
P28,1,1,710.7,17.67,2975.1,5.82,6.965,7032.3,0.00677,0,train
P28,1,2,688.3,18.75,2961.4,7.38,6.984,7031.7,0.0128,0,train
P28,2,1,716.5,15.46,2646.0,7.75,6.902,7013.8,0.01763,0,train
P28,2,2,600.0,15.91,1909.6,9.7,6.898,7006.0,0.02063,0,train
P28,3,1,741.5,15.05,2758.6,9.29,6.831,7045.7,0.02707,0,train
P28,3,2,662.1,23.9,3492.2,8.61,6.817,7042.6,0.03464,0,train
P28,4,1,752.9,16.84,3182.1,6.72,6.883,7004.5,0.04063,0,train
P28,4,2,694.2,16.03,2575.0,7.43,6.873,7019.1,0.04613,0,train
P28,5,1,737.5,20.05,3634.8,7.28,7.031,7017.2,0.05426,0,train
P28,5,2,709.9,20.1,3375.8,7.58,7.022,7035.8,0.06154,0,train
P28,6,1,797.9,18.08,3836.1,6.06,6.842,7035.3,0.07166,0,train
P28,6,2,684.0,19.29,3008.1,6.22,6.818,7034.7,0.07845,0,train
P28,7,1,699.5,19.48,3177.6,6.01,6.899,7031.4,0.08553,0,train
P28,7,2,714.8,20.85,3550.7,4.98,6.896,7047.3,0.0946,0,train
P28,8,1,761.9,18.18,3517.7,5.43,6.973,7004.3,0.10219,0,train
P28,8,2,663.0,13.56,1986.1,7.82,6.936,7014.4,0.10561,0,train
P28,9,1,720.2,21.08,3644.2,4.66,6.769,7035.1,0.11269,0,train
P28,9,2,654.7,20.62,2946.4,4.3,6.756,7051.0,0.11836,0,train
P28,9,3,645.7,13.4,1862.5,3.96,6.77,7032.2,0.12177,0,train
P28,10,1,823.7,22.73,5141.2,5.44,7.086,7011.5,0.13533,0,train
P28,10,2,662.5,17.79,2602.2,6.23,7.066,7010.0,0.14071,0,train
P28,11,1,816.6,20.67,4594.4,5.79,6.958,7039.3,0.15226,0,train
P28,11,2,654.3,18.29,2610.4,5.06,6.986,7031.0,0.15716,0,train
P28,11,3,695.3,18.97,3057.2,5.64,7.0,7046.1,0.16467,0,train
P28,12,1,668.5,20.25,3017.3,7.03,6.837,7017.4,0.16999,0,train
P28,12,2,702.3,19.83,3261.4,8.91,6.812,6984.9,0.1764,0,train
P28,13,1,797.4,19.17,4064.0,5.57,6.983,6978.5,0.18777,0,train
P28,13,2,690.2,20.85,3310.6,5.89,7.012,7004.5,0.1965,0,train
P28,13,3,679.2,12.96,1993.3,5.26,7.023,7002.1,0.19942,0,train
P28,14,1,748.4,23.14,4320.3,3.63,6.831,7029.0,0.20927,0,train
P28,14,2,745.1,19.75,3654.6,6.46,6.85,7022.6,0.21845,0,train
P28,14,3,657.5,23.48,3383.2,4.4,6.846,7024.8,0.22647,0,train
P28,15,1,728.5,20.56,3638.0,5.21,6.976,6998.3,0.2335,0,train
P28,15,2,719.8,21.1,3644.9,5.39,6.963,7008.2,0.24132,0,train
P28,16,1,809.4,18.38,4013.2,4.8,7.073,7025.3,0.25085,0,train
P28,16,2,749.5,17.09,3199.2,5.21,7.072,7006.8,0.2571,0,train
P28,16,3,668.9,15.84,2363.2,4.71,7.056,7026.4,0.26189,0,train
P28,17,1,729.8,18.41,3269.0,5.55,6.779,7011.7,0.26923,0,train
P28,17,2,709.7,15.96,2678.8,4.18,6.768,7003.7,0.27453,0,train
P28,17,3,649.2,19.8,2780.8,3.84,6.774,7018.9,0.27975,0,train
P28,18,1,833.3,20.21,4677.4,2.93,6.858,7014.8,0.29061,0,train
P28,18,2,756.7,19.94,3807.3,4.5,6.857,7014.3,0.2986,0,train
P28,18,3,646.0,19.54,2718.2,3.53,6.874,7028.5,0.30406,0,train
P28,19,1,755.9,16.29,3103.0,6.45,6.878,7030.2,0.31104,0,train
P28,19,2,760.3,16.39,3157.5,6.31,6.889,7044.2,0.31816,0,train
P28,20,1,793.8,14.08,2958.0,6.66,6.953,7025.3,0.32474,0,train
P28,20,2,740.2,20.0,3651.9,6.14,6.933,7001.0,0.33275,0,train
P28,21,1,807.8,20.87,4539.7,5.62,6.872,7009.5,0.3452,0,train
P28,21,2,749.0,15.42,2883.2,4.05,6.887,7019.6,0.35104,0,train
P28,21,3,636.8,20.69,2796.8,6.42,6.878,7008.6,0.35758,0,train
P28,22,1,726.8,15.65,2755.2,4.34,6.882,7005.1,0.36251,0,train
P28,22,2,714.3,19.27,3277.1,4.8,6.897,7013.0,0.36986,0,train
P28,23,1,776.9,22.61,4548.8,8.17,6.881,7013.5,0.38213,0,train
P28,23,2,651.8,15.49,2193.7,8.81,6.863,7004.5,0.38644,0,train
P28,24,1,819.7,14.1,3157.1,4.86,6.903,7028.9,0.39213,0,train
P28,24,2,699.7,14.25,2326.0,5.05,6.896,7011.0,0.39687,0,train
P28,24,3,704.7,18.44,3053.5,3.29,6.882,7043.6,0.40366,0,train
P28,25,1,768.4,18.37,3615.4,3.15,6.883,6996.6,0.41072,0,train
P28,25,2,739.3,20.67,3765.8,2.5,6.874,7011.1,0.4192,0,train
P28,25,3,753.6,17.41,3295.5,4.48,6.889,7002.5,0.42602,0,train
P28,26,1,823.2,16.48,3721.6,4.1,6.895,7032.3,0.43553,0,train
P28,26,2,736.0,14.2,2563.9,2.57,6.908,7023.8,0.44113,0,train
P28,26,3,690.1,17.12,2716.9,5.44,6.916,7034.3,0.44731,0,train
P28,27,1,815.6,15.46,3427.3,6.45,6.923,7002.9,0.45574,0,train
P28,27,2,713.0,16.59,2810.7,8.98,6.948,7001.5,0.46194,0,train
P28,28,1,795.9,16.58,3500.1,6.33,6.926,6997.6,0.47114,0,train
P28,28,2,729.4,21.98,3897.7,7.37,6.922,7004.3,0.47982,0,train
P28,29,1,767.5,19.65,3857.8,7.24,6.803,7076.6,0.48847,0,train
P28,29,2,754.4,18.96,3596.1,4.49,6.809,7073.5,0.4973,0,train
P28,29,3,731.7,12.04,2148.8,5.12,6.802,7068.6,0.50172,0,train
P28,30,1,877.6,10.82,2778.7,3.84,6.866,7013.4,0.50694,0,train
P28,30,2,759.3,20.25,3891.6,3.71,6.879,6996.2,0.51506,0,train
P28,30,3,717.9,24.69,4241.2,3.71,6.853,7029.0,0.52531,0,train
P28,31,1,839.0,17.76,4168.5,5.81,6.919,7002.0,0.53615,0,train
P28,31,2,740.3,18.97,3464.7,6.55,6.922,6999.9,0.54432,0,train
P28,31,3,772.0,19.71,3914.7,3.9,6.927,7018.0,0.55324,0,train
P28,32,1,828.7,15.67,3588.4,3.87,6.937,7032.8,0.56046,0,train
P28,32,2,741.5,18.62,3411.9,5.45,6.952,7023.8,0.56894,0,train
P28,32,3,728.6,17.71,3134.3,3.52,6.955,7009.6,0.57585,0,train
P28,33,1,856.0,19.08,4659.3,4.65,6.936,7043.3,0.58701,0,train
P28,33,2,772.7,18.15,3611.8,5.39,6.931,7026.5,0.59589,0,train
P28,34,1,789.3,19.88,4128.1,7.58,6.899,7012.9,0.60542,0,train
P28,34,2,730.1,19.41,3448.4,7.09,6.913,7032.6,0.61348,0,train
P28,35,1,789.7,16.48,3424.5,11.0,6.97,7034.7,0.62087,0,train
P28,35,2,773.8,15.7,3133.2,9.82,6.956,7023.1,0.62734,0,train
P28,36,1,802.2,17.25,3701.0,7.26,6.898,7013.0,0.63465,0,train
P28,36,2,715.5,15.46,2637.5,6.17,6.903,7038.0,0.64078,0,train
P28,37,1,863.4,17.89,4445.3,5.53,6.802,7063.0,0.65276,0,train
P28,37,2,682.0,18.56,2878.1,3.69,6.817,7040.8,0.65831,0,train
P28,37,3,739.2,19.62,3572.7,5.6,6.819,7043.7,0.66672,0,train
P28,38,1,740.9,18.31,3350.8,8.11,6.866,6999.6,0.6747,0,train
P28,38,2,713.3,17.78,3015.1,8.5,6.843,7013.8,0.67966,0,train
P28,39,1,781.7,24.22,4933.4,6.59,6.703,7019.0,0.6925,0,train
P28,39,2,779.6,17.19,3483.1,5.5,6.725,7033.3,0.70086,0,train
P28,40,1,915.1,17.88,4989.2,7.17,7.014,7037.5,0.7131,0,train
P28,40,2,673.6,20.35,3077.5,6.79,6.998,7030.5,0.71928,0,train
P28,41,1,884.4,15.25,3975.5,5.79,6.985,7025.7,0.72772,0,train
P28,41,2,776.1,19.17,3849.2,5.65,7.008,7042.1,0.73773,0,train
P28,42,1,915.0,18.4,5133.9,4.14,6.769,7020.5,0.74982,0,train
P28,42,2,743.4,19.03,3506.0,5.1,6.778,7018.8,0.75731,0,train
P28,42,3,771.3,18.06,3581.9,5.15,6.759,7035.4,0.76575,0,train
P28,43,1,864.6,21.78,5428.4,8.15,6.815,7038.3,0.77844,0,train
P28,43,2,760.4,16.24,3131.2,8.14,6.808,7025.9,0.78446,0,train
P28,44,1,870.3,16.46,4156.3,6.56,6.915,7035.8,0.79435,0,train
P28,44,2,774.8,17.64,3529.0,5.9,6.934,7034.1,0.80231,0,train
P28,45,1,920.6,17.66,4989.8,7.48,6.807,7008.3,0.8161,0,train
P28,45,2,790.9,23.73,4947.6,7.22,6.814,6999.3,0.8285,0,train
P28,46,1,859.0,17.04,4190.3,7.02,6.956,7024.3,0.83836,0,train
P28,46,2,732.9,21.22,3798.8,7.13,6.94,6996.3,0.84739,0,train
P28,46,3,818.6,13.78,3078.0,7.24,6.953,7025.2,0.85334,0,train
P28,47,1,892.4,20.38,5409.2,7.93,6.915,7003.4,0.86746,0,train
P28,47,2,793.2,16.22,3402.2,6.75,6.931,6995.1,0.875,0,train
P28,48,1,855.0,14.37,3501.4,5.13,6.724,7012.2,0.88277,0,train
P28,48,2,686.0,15.73,2467.1,7.52,6.728,7017.9,0.8883,0,train
P28,49,1,846.0,17.15,4090.3,7.16,6.851,7027.1,0.89821,0,train
P28,49,2,803.9,17.94,3864.5,9.11,6.844,7033.9,0.90695,0,train
P28,50,1,868.8,17.63,4434.7,6.8,6.756,7031.5,0.91633,0,train
P28,50,2,728.7,19.18,3394.9,5.83,6.735,7024.4,0.92381,0,train
P28,51,1,803.2,22.8,4904.3,7.25,6.951,7014.1,0.93544,0,train
P28,51,2,770.8,16.09,3186.1,5.57,6.947,7004.1,0.94232,0,train
P28,52,1,771.6,15.63,3102.2,6.45,6.814,7030.6,0.94998,0,train
P28,52,2,792.5,14.28,2989.8,5.73,6.811,7044.7,0.95712,0,train
P28,53,1,834.0,16.74,3881.2,3.67,6.833,7025.7,0.96509,0,train
P28,53,2,726.4,20.17,3547.6,4.44,6.834,7015.1,0.97307,0,train
P28,53,3,767.1,15.46,3032.3,4.89,6.834,7005.1,0.98112,0,train
P28,54,1,836.1,15.1,3517.7,5.72,7.075,7051.8,0.98954,0,train
P28,54,2,836.6,17.44,4069.0,4.27,7.056,7065.0,0.9998,0,train
P28,55,1,860.0,15.69,3868.5,4.77,6.82,7037.0,1.0,0,train
P28,55,2,824.7,16.88,3828.3,4.82,6.818,7021.5,1.0,0,train
P28,55,3,739.9,19.78,3610.3,4.34,6.838,7026.0,1.0,1,train
P29,1,1,877.0,13.59,3484.6,4.79,6.771,7040.3,0.008,0,train
P29,1,2,799.0,17.71,3769.7,6.73,6.783,7032.7,0.01584,0,train
P29,2,1,847.9,15.0,3593.8,7.58,6.821,7022.5,0.02425,0,train
P29,2,2,752.6,19.65,3710.3,6.24,6.832,7015.1,0.03253,0,train
P29,2,3,784.5,15.9,3260.9,5.94,6.81,7029.8,0.03827,0,train
P29,3,1,815.7,18.18,4032.7,7.51,6.774,7001.0,0.04702,0,train
P29,3,2,682.3,17.86,2772.3,8.94,6.75,7003.8,0.05292,0,train
P29,4,1,891.1,16.67,4412.9,8.98,6.919,7005.1,0.06578,0,train
P29,4,2,728.4,16.09,2845.5,7.06,6.937,7017.2,0.0725,0,train
P29,5,1,847.7,17.91,4290.8,7.06,7.003,6994.7,0.08105,0,train
P29,5,2,748.8,22.42,4191.0,5.83,7.047,6993.0,0.08981,0,train
P29,6,1,787.9,18.03,3731.2,4.14,6.963,7042.7,0.09776,0,train
P29,6,2,751.8,17.81,3354.5,6.42,6.974,7030.5,0.10465,0,train
P29,6,3,801.9,15.28,3275.9,4.44,6.954,7034.3,0.11185,0,train
P29,7,1,818.1,18.51,4130.0,4.4,6.959,7037.7,0.12133,0,train
P29,7,2,755.5,19.66,3741.0,4.32,6.985,7033.2,0.1293,0,train
P29,7,3,808.8,14.84,3237.0,3.14,6.988,7034.6,0.13404,0,train
P29,8,1,791.3,16.14,3368.2,4.64,6.705,7020.8,0.14031,0,train
P29,8,2,758.3,16.49,3161.2,4.53,6.725,7020.6,0.14695,0,train
P29,8,3,830.0,22.99,5278.9,3.43,6.706,7003.3,0.16146,0,train
P29,9,1,764.8,20.88,4070.8,8.41,6.77,6993.7,0.16994,0,train
P29,9,2,733.6,17.4,3121.5,7.19,6.766,7004.9,0.17631,0,train
P29,10,1,852.3,17.85,4321.4,7.07,6.843,7038.9,0.18584,0,train
P29,10,2,784.3,16.58,3398.8,6.42,6.862,7021.4,0.19376,0,train
P29,11,1,901.0,14.21,3844.7,7.12,6.952,7009.3,0.2032,0,train
P29,11,2,820.0,19.17,4297.4,6.6,6.948,7022.7,0.21247,0,train
P29,12,1,883.8,20.39,5308.5,7.87,6.831,7024.7,0.22257,0,train
P29,12,2,741.9,18.5,3395.1,7.17,6.822,7012.3,0.23081,0,train
P29,13,1,803.3,17.1,3679.1,5.67,6.916,7035.1,0.23812,0,train
P29,13,2,746.3,19.6,3638.8,6.43,6.904,7018.9,0.24565,0,train
P29,13,3,897.1,17.99,4827.7,5.5,6.93,7011.0,0.25778,0,train
P29,14,1,791.1,19.8,4131.1,6.5,6.862,7034.6,0.26638,0,train
P29,14,2,779.1,17.44,3528.2,7.4,6.851,7056.0,0.27349,0,train
P29,15,1,843.3,14.94,3540.4,5.81,6.819,7014.5,0.2815,0,train
P29,15,2,787.7,20.52,4243.9,7.3,6.821,7019.8,0.29231,0,train
P29,16,1,830.3,17.9,4112.8,9.16,6.982,7014.3,0.30165,0,train
P29,16,2,766.0,14.84,2903.0,7.23,6.992,7013.0,0.30845,0,train
P29,17,1,857.6,18.59,4556.3,8.64,6.905,7003.6,0.32088,0,train
P29,17,2,791.9,18.22,3808.6,6.95,6.896,7009.0,0.32851,0,train
P29,18,1,886.8,16.96,4445.3,7.92,6.922,7016.2,0.33858,0,train
P29,18,2,768.0,19.67,3866.5,4.95,6.924,7024.7,0.34689,0,train
P29,19,1,839.1,12.22,2868.5,6.06,7.019,7010.4,0.35374,0,train
P29,19,2,746.8,20.75,3858.4,4.48,6.989,7013.2,0.36257,0,train
P29,20,1,826.5,20.57,4682.8,8.27,6.81,7001.6,0.37527,0,train
P29,20,2,729.8,15.45,2742.5,8.06,6.825,7004.1,0.3816,0,train
P29,21,1,969.6,15.92,4988.8,5.82,6.815,7052.8,0.39476,0,train
P29,21,2,805.8,18.53,4011.1,6.27,6.81,7050.5,0.40405,0,train
P29,21,3,794.7,15.08,3174.5,5.38,6.809,7052.9,0.40988,0,train
P29,22,1,888.5,15.95,4197.4,5.36,6.865,7030.6,0.42091,0,train
P29,22,2,853.7,19.44,4722.7,3.96,6.864,7034.7,0.43127,0,train
P29,22,3,874.5,14.85,3784.9,3.75,6.853,7024.2,0.44005,0,train
P29,23,1,978.6,15.6,4979.1,6.88,6.783,7032.8,0.45262,0,train
P29,23,2,837.7,15.86,3709.2,6.82,6.821,7038.0,0.46027,0,train
P29,24,1,887.1,15.21,3988.9,8.45,6.991,7014.6,0.46988,0,train
P29,24,2,862.1,19.87,4923.1,6.87,6.993,7032.4,0.48193,0,train
P29,25,1,874.8,20.06,5115.6,8.12,6.776,7040.5,0.49502,0,train
P29,25,2,842.3,21.76,5147.3,8.19,6.766,7048.1,0.50721,0,train
P29,26,1,896.1,18.03,4827.6,6.7,6.981,7000.4,0.51881,0,train
P29,26,2,908.8,11.0,3027.7,9.06,6.964,7029.5,0.52408,0,train
P29,27,1,931.3,19.56,5655.7,5.66,6.794,7016.7,0.53844,0,train
P29,27,2,871.0,18.68,4722.4,7.41,6.785,7017.9,0.54983,0,train
P29,28,1,914.1,13.72,3821.7,6.03,6.761,7039.2,0.55801,0,train
P29,28,2,804.9,17.19,3712.8,5.39,6.757,7006.5,0.56531,0,train
P29,29,1,915.7,16.99,4749.5,6.69,6.899,7030.6,0.57833,0,train
P29,29,2,839.4,16.66,3911.5,8.12,6.923,7017.7,0.58608,0,train
P29,30,1,901.7,21.41,5802.8,7.37,7.02,7034.9,0.60155,0,train
P29,30,2,869.6,16.8,4235.4,7.37,7.011,7025.5,0.61122,0,train
P29,31,1,900.1,16.19,4372.1,5.21,6.976,7027.9,0.61956,0,train
P29,31,2,774.2,15.27,3051.5,4.2,6.956,7026.7,0.62693,0,train
P29,31,3,841.0,16.44,3875.0,4.69,6.976,7045.7,0.63595,0,train
P29,32,1,918.9,15.5,4361.5,5.88,6.726,7031.2,0.64698,0,train
P29,32,2,801.7,17.8,3814.2,6.8,6.74,7019.7,0.65575,0,train
P29,33,1,963.9,16.94,5246.4,7.99,6.823,6973.0,0.6698,0,train
P29,33,2,893.3,16.38,4357.7,7.98,6.829,6999.6,0.67932,0,train
P29,34,1,1001.3,16.28,5439.6,6.62,6.722,7017.2,0.69437,0,train
P29,34,2,817.3,17.09,3804.8,7.98,6.741,7033.2,0.7025,0,train
P29,35,1,894.7,15.73,4198.4,4.89,6.891,6994.3,0.71285,0,train
P29,35,2,906.5,17.07,4674.9,7.37,6.884,6997.1,0.72428,0,train
P29,36,1,994.8,20.5,6762.4,5.39,6.789,6978.5,0.74344,0,train
P29,36,2,853.7,20.74,5037.8,7.04,6.799,7033.1,0.75612,0,train
P29,37,1,922.1,15.76,4465.8,6.15,6.836,6998.4,0.76751,0,train
P29,37,2,814.6,18.38,4066.2,4.4,6.847,7002.2,0.77879,0,train
P29,38,1,894.5,14.75,3934.9,6.88,6.801,7023.7,0.78746,0,train
P29,38,2,831.9,18.87,4351.9,8.97,6.835,7004.4,0.79667,0,train
P29,39,1,905.8,15.98,4371.9,8.95,6.766,7039.2,0.8066,0,train
P29,39,2,749.6,18.61,3485.0,8.08,6.752,7024.0,0.81359,0,train
P29,40,1,954.8,17.32,5263.9,4.19,6.771,7003.1,0.82404,0,train
P29,40,2,836.6,22.44,5236.6,3.27,6.776,6994.4,0.83772,0,train
P29,40,3,878.2,21.12,5430.8,3.33,6.764,7002.1,0.85209,0,train
P29,41,1,875.5,18.78,4799.6,6.58,6.744,7052.9,0.86229,0,train
P29,41,2,844.9,17.23,4100.3,7.16,6.766,7013.4,0.87231,0,train
P29,42,1,919.6,23.27,6560.2,6.88,6.803,7025.1,0.89048,0,train
P29,42,2,893.2,20.87,5549.3,6.29,6.784,7060.1,0.90468,0,train
P29,43,1,974.2,21.77,6887.5,7.25,6.963,7013.0,0.92684,0,train
P29,43,2,848.8,15.32,3678.2,5.91,6.963,7032.3,0.93519,0,train
P29,44,1,944.0,17.92,5321.3,8.05,6.745,7021.6,0.94585,0,train
P29,44,2,965.9,15.84,4927.4,7.22,6.706,7011.8,0.95795,0,train
P29,45,1,1032.3,20.03,7113.4,6.66,6.993,7023.8,0.9784,0,train
P29,45,2,907.0,19.91,5457.8,4.2,7.0,7007.5,0.99303,0,train
P29,45,3,864.5,19.1,4758.0,7.43,7.016,7006.3,1.0,1,train
P30,1,1,845.0,19.9,4737.4,5.59,6.829,6980.9,0.01102,0,train
P30,1,2,747.4,15.16,2822.3,5.27,6.863,6998.9,0.01684,0,train
P30,1,3,673.1,18.08,2729.9,5.29,6.849,6981.2,0.02266,0,train
P30,2,1,827.0,17.18,3916.5,7.6,6.93,7007.4,0.03118,0,train
P30,2,2,708.1,15.96,2668.2,7.95,6.914,6996.0,0.03617,0,train
P30,3,1,872.4,19.57,4966.3,5.81,6.781,7011.6,0.04779,0,train
P30,3,2,733.9,19.84,3562.2,7.41,6.787,7015.2,0.05644,0,train
P30,3,3,783.7,18.27,3739.7,5.0,6.763,7030.1,0.06405,0,train
P30,4,1,828.6,16.83,3852.3,4.77,6.757,6986.7,0.07424,0,train
P30,4,2,771.2,15.01,2976.2,5.14,6.753,6997.3,0.07967,0,train
P30,4,3,792.4,21.04,4403.2,4.54,6.749,6990.2,0.08929,0,train
P30,5,1,955.1,18.51,5629.0,6.9,6.98,6995.0,0.10298,0,train
P30,5,2,782.3,18.78,3832.1,7.68,6.964,6982.4,0.11057,0,train
P30,6,1,850.4,14.98,3610.9,4.59,6.909,6969.8,0.11927,0,train
P30,6,2,735.1,15.36,2766.7,5.86,6.894,7007.5,0.12546,0,train
P30,7,1,835.8,19.92,4637.8,4.51,6.957,7011.9,0.13755,0,train
P30,7,2,818.3,19.07,4256.1,7.7,6.965,7001.4,0.14824,0,train
P30,8,1,798.1,12.4,2632.5,6.39,6.836,7011.0,0.15336,0,train
P30,8,2,726.1,17.62,3096.1,6.12,6.851,7012.2,0.15986,0,train
P30,9,1,821.6,14.22,3198.4,6.25,6.922,7005.0,0.16577,0,train
P30,9,2,724.1,19.27,3367.4,6.09,6.924,7032.1,0.17324,0,train
P30,9,3,790.3,14.25,2967.7,5.54,6.905,6999.1,0.17964,0,train
P30,10,1,889.1,16.63,4383.3,5.77,6.979,6966.7,0.1915,0,train
P30,10,2,767.0,19.72,3865.7,6.22,6.987,6996.0,0.19926,0,train
P30,11,1,809.7,21.12,4616.3,6.9,6.822,6975.9,0.21094,0,train
P30,11,2,812.8,13.65,3006.2,5.27,6.797,6996.7,0.21736,0,train
P30,12,1,900.1,15.74,4251.5,6.6,7.015,7007.3,0.22737,0,train
P30,12,2,862.6,20.83,5166.1,7.23,7.003,7004.4,0.24035,0,train
P30,13,1,881.6,18.64,4830.0,8.28,6.92,6992.9,0.25376,0,train
P30,13,2,813.9,17.39,3839.2,6.87,6.958,6963.5,0.26342,0,train
P30,14,1,825.0,23.56,5345.2,5.61,6.87,7008.5,0.27561,0,train
P30,14,2,898.2,21.32,5734.4,7.72,6.845,6989.9,0.28927,0,train
P30,15,1,849.9,18.73,4510.0,5.86,6.995,7003.1,0.29786,0,train
P30,15,2,867.1,18.29,4582.9,5.97,6.989,6980.3,0.30836,0,train
P30,16,1,867.4,17.26,4328.5,7.0,6.918,7018.5,0.31742,0,train
P30,16,2,780.6,17.29,3511.6,6.12,6.913,6992.0,0.32504,0,train
P30,17,1,919.2,21.67,6104.3,7.83,6.958,7004.3,0.34118,0,train
P30,17,2,774.3,19.22,3840.5,9.53,6.947,6989.1,0.34934,0,train
P30,18,1,817.0,19.22,4275.9,5.35,6.874,6987.7,0.3587,0,train
P30,18,2,734.9,20.74,3734.0,4.45,6.853,7003.2,0.36676,0,train
P30,18,3,763.1,15.26,2962.6,5.06,6.874,6997.6,0.37211,0,train
P30,19,1,871.2,21.08,5332.5,4.01,6.967,7031.9,0.38444,0,train
P30,19,2,825.4,17.44,3960.3,6.58,6.983,6996.4,0.39374,0,train
P30,20,1,861.2,18.0,4450.4,6.69,6.947,6993.6,0.4046,0,train
P30,20,2,783.6,17.97,3679.1,7.51,6.936,7006.2,0.41164,0,train
P30,21,1,863.0,15.01,3725.2,8.63,6.875,6991.4,0.41873,0,train
P30,21,2,787.2,16.71,3452.4,9.32,6.865,6984.0,0.42564,0,train
P30,22,1,882.1,17.95,4654.9,5.73,6.97,7007.4,0.43602,0,train
P30,22,2,856.2,16.36,3998.0,6.0,6.989,7023.7,0.44454,0,train
P30,23,1,853.7,19.47,4729.3,5.96,6.7,6998.7,0.45504,0,train
P30,23,2,847.9,17.66,4231.8,5.55,6.708,6985.1,0.46558,0,train
P30,24,1,812.0,20.51,4507.9,5.08,6.983,6988.8,0.47558,0,train
P30,24,2,830.9,18.1,4165.2,5.81,6.969,7029.6,0.48443,0,train
P30,24,3,847.3,15.11,3615.5,3.02,7.001,7006.3,0.49178,0,train
P30,25,1,938.3,16.85,4945.7,7.4,6.943,6971.2,0.504,0,train
P30,25,2,830.6,16.33,3754.1,7.74,6.929,6984.0,0.51279,0,train
P30,26,1,840.7,20.19,4756.7,4.79,6.873,6992.8,0.52356,0,train
P30,26,2,823.4,15.3,3457.8,3.26,6.853,6987.8,0.53015,0,train
P30,26,3,865.7,19.59,4893.3,5.01,6.846,6984.7,0.53968,0,train
P30,27,1,848.4,20.81,4993.2,9.49,6.854,6981.0,0.55168,0,train
P30,27,2,842.3,19.72,4664.2,6.55,6.866,6997.6,0.56265,0,train
P30,28,1,979.8,20.57,6581.4,5.57,6.8,6998.2,0.58253,0,train
P30,28,2,878.3,20.46,5261.7,6.5,6.784,7008.7,0.59498,0,train
P30,28,3,865.3,17.68,4413.7,4.58,6.791,7003.9,0.60497,0,train
P30,29,1,907.9,15.57,4277.8,5.31,6.914,7031.7,0.61463,0,train
P30,29,2,768.0,21.88,4302.9,6.04,6.921,7005.6,0.62367,0,train
P30,30,1,914.8,16.75,4673.0,9.15,6.941,6989.8,0.63522,0,train
P30,30,2,865.1,18.15,4528.4,8.37,6.964,6979.9,0.64616,0,train
P30,31,1,849.0,16.48,3958.9,6.71,6.948,6992.6,0.65465,0,train
P30,31,2,838.4,15.51,3635.3,8.79,6.955,6978.0,0.66298,0,train
P30,32,1,919.1,22.08,6218.1,5.0,6.894,6997.4,0.67914,0,train
P30,32,2,878.9,20.61,5306.1,4.41,6.885,6998.9,0.69315,0,train
P30,33,1,926.0,14.49,4142.2,7.94,6.827,7010.4,0.70135,0,train
P30,33,2,799.4,16.79,3577.6,7.85,6.815,7004.6,0.70937,0,train
P30,34,1,955.7,16.77,5107.4,6.97,6.91,7027.9,0.72224,0,train
P30,34,2,851.1,22.26,5375.6,6.63,6.939,7020.0,0.73826,0,train
