press_id,press_model,cycle_index,ts_start,shift,glue_type,wood_species,wood_moisture_pct,charge_thickness_mm,charge_area_m2,cycle_duration_min,n_activations,t_hf_total_min,u_anode_v_mean,u_anode_v_std,i_anode_a_mean,i_anode_a_max,p_anode_kw,i_prim_rms_a,cos_phi,u_ripple_v,i_inrush_peak_a_max,t_inrush_ms_mean,i2t_cycle_a2s,i2t_cum_a2s,t_hall_c,t_cabinet_c,t_fuse_holder_c,dt_fuse_cabinet_k,r_fuse_est_mohm,press_hours_total,hydraulic_pressure_bar,glue_batch_id,fuse_blown,damage_true,rul_cycles,blow_within_5,censored,split
P01,HFP-3200,1,2025-09-20 19:00,S,PUR,Buche,13.24,30.0,2.685,66.1,3,17.87,7031.4,10.28,6.974,7.024,49.04,85.07,0.9245,60.24,784.7,17.88,10066.8,10066.8,23.63,35.82,35.98,0.16,0.6308,39163.9,172.0,B5561,0,0.02603,35,0,0,test
P01,HFP-3200,2,2025-09-20 20:26,S,PVAc_D3,Eiche,11.01,18.0,2.8,58.3,3,12.4,7021.7,11.07,6.871,6.897,48.25,83.72,0.9243,58.46,832.1,18.45,11132.5,21199.3,23.32,36.25,42.08,5.83,0.5363,39164.9,183.3,B9175,0,0.05264,34,0,0,test
P01,HFP-3200,3,2025-09-20 21:40,S,PVAc_D3,Buche,10.51,18.0,2.425,58.0,2,9.05,7037.0,10.79,6.775,6.803,47.68,83.24,0.9185,58.68,787.4,20.27,8254.3,29453.7,22.22,34.73,36.88,2.15,0.8956,39165.8,189.4,B1581,0,0.07194,33,0,0,test
P01,HFP-3200,4,2025-09-20 22:48,N,PUR,Esche,10.6,18.0,2.545,61.3,2,15.72,7040.4,11.61,6.856,6.89,48.27,84.16,0.9198,56.66,907.3,21.6,11267.4,40721.0,23.05,36.09,39.84,3.75,0.9736,39166.8,181.0,B9435,0,0.10487,32,0,0,test
P01,HFP-3200,5,2025-09-21 00:08,N,PVAc_D4,Buche,12.26,30.0,1.897,64.9,3,12.54,7038.9,6.16,6.878,6.914,48.42,84.1,0.9232,65.27,815.4,20.05,12049.4,52770.5,21.04,32.7,37.87,5.16,0.7501,39167.9,196.0,B3190,0,0.1363,31,0,0,test
P01,HFP-3200,6,2025-09-21 01:31,N,PVAc_D3,Eiche,10.72,30.0,1.588,56.1,3,10.47,7046.6,9.87,6.755,6.784,47.6,83.31,0.9163,57.73,815.7,14.59,8898.2,61668.6,19.58,32.25,35.3,3.05,0.7207,39168.9,175.2,B7037,0,0.15539,30,0,0,test
P01,HFP-3200,7,2025-09-21 02:36,N,PVAc_D4,Eiche,11.32,18.0,2.132,51.4,2,11.14,7026.3,11.69,6.828,6.861,47.98,83.47,0.9218,60.88,787.8,19.65,8122.1,69790.8,19.79,30.72,35.84,5.11,0.8499,39169.7,185.9,B8449,0,0.17625,29,0,0,test
P01,HFP-3200,8,2025-09-21 03:39,N,PVAc_D3,Buche,11.48,38.0,2.749,75.0,2,17.04,7010.7,14.55,6.903,6.927,48.39,84.44,0.9191,64.32,855.3,16.51,7801.5,77592.2,19.73,32.42,34.42,2.0,0.7624,39171.0,171.7,B7742,0,0.19602,28,0,0,test
P01,HFP-3200,9,2025-09-21 05:08,N,PVAc_D4,Eiche,13.97,18.0,2.124,52.8,2,11.81,7060.3,8.17,6.918,6.937,48.84,85.35,0.9178,65.5,854.4,20.72,8597.3,86189.5,21.38,33.77,38.12,4.35,0.6289,39171.9,176.7,B4936,0,0.21868,27,0,0,test
P01,HFP-3200,10,2025-09-21 06:16,F,PUR,Esche,9.38,25.0,2.101,66.2,3,16.08,7036.6,8.55,6.74,6.763,47.42,82.25,0.9247,62.89,791.3,20.13,11114.4,97304.0,20.93,32.74,37.09,4.35,0.8476,39173.0,178.2,B6864,0,0.25091,26,0,0,test
P01,HFP-3200,11,2025-09-21 07:42,F,PVAc_D4,Fichte,11.33,25.0,1.903,55.4,2,12.43,7028.8,8.26,6.856,6.901,48.19,85.09,0.9083,72.71,825.8,18.08,7891.5,105195.4,21.61,34.79,37.03,2.24,0.2671,39173.9,187.6,B2767,0,0.27218,25,0,0,test
P01,HFP-3200,12,2025-09-21 08:52,F,PVAc_D3,Esche,9.48,25.0,1.932,64.5,2,14.08,7038.2,11.23,6.783,6.789,47.74,83.89,0.9126,68.85,782.2,18.8,7648.9,112844.3,21.19,36.1,41.7,5.6,1.2016,39175.0,176.2,B9958,0,0.29331,24,0,0,test
P01,HFP-3200,13,2025-09-21 10:16,F,PVAc_D4,Eiche,11.09,25.0,3.097,62.7,3,13.09,7024.5,8.24,6.821,6.85,47.91,83.35,0.922,66.53,910.3,20.57,14079.4,126923.7,22.6,35.75,42.03,6.28,0.8278,39176.0,172.2,B5897,0,0.33404,23,0,0,test
P01,HFP-3200,14,2025-09-21 11:28,F,PVAc_D4,Buche,11.41,38.0,1.957,69.9,2,14.83,7029.6,7.83,6.87,6.893,48.29,85.11,0.91,65.01,929.2,15.14,7504.3,134428.0,25.2,38.66,47.49,8.82,0.9371,39177.2,183.3,B7595,0,0.35342,22,0,0,test
P01,HFP-3200,15,2025-09-21 12:49,F,PVAc_D4,Eiche,8.15,18.0,2.99,57.1,2,8.73,7061.6,9.88,6.7,6.742,47.31,82.76,0.9169,66.89,859.2,14.58,6863.5,141291.5,24.67,36.2,44.04,7.83,0.7042,39178.1,178.3,B5848,0,0.37027,21,0,0,test
P01,HFP-3200,16,2025-09-21 14:08,S,PVAc_D4,Buche,11.07,22.0,2.141,53.1,3,12.74,7055.8,8.58,6.853,6.878,48.35,83.52,0.9285,63.24,857.5,20.21,13876.9,155168.5,25.21,37.02,41.4,4.38,0.5459,39179.0,182.3,B6363,0,0.40823,20,0,0,test
P01,HFP-3200,17,2025-09-21 15:18,S,PUR,Eiche,9.97,22.0,2.354,59.8,2,14.57,7018.8,10.18,6.795,6.817,47.69,83.36,0.9176,63.51,858.1,16.44,7822.4,162990.8,25.62,38.3,43.43,5.13,0.8224,39180.0,179.3,B3619,0,0.43065,19,0,0,test
P01,HFP-3200,18,2025-09-21 16:35,S,PVAc_D3,Fichte,12.03,38.0,1.83,70.6,3,17.29,7027.9,3.84,6.859,6.869,48.21,84.12,0.919,64.24,946.8,16.53,11887.1,174878.0,24.68,37.0,42.9,5.9,0.6578,39181.2,172.9,B8881,0,0.46443,18,0,0,test
P01,HFP-3200,19,2025-09-21 18:01,S,PVAc_D3,Fichte,9.01,38.0,2.678,72.1,2,17.04,7023.4,12.18,6.727,6.76,47.24,82.29,0.9207,68.21,884.3,20.83,10008.6,184886.6,24.26,36.91,39.82,2.91,1.0173,39182.4,181.6,B5609,0,0.49069,17,0,0,test
P01,HFP-3200,20,2025-09-21 19:31,S,PUR,Fichte,12.33,38.0,2.107,75.0,3,17.44,7053.6,11.33,6.87,6.903,48.46,84.44,0.9204,66.37,854.5,18.91,12540.3,197426.8,23.66,34.5,46.86,12.36,0.7924,39183.6,178.8,B4699,0,0.52625,16,0,0,test
P01,HFP-3200,21,2025-09-21 21:01,S,PUR,Esche,11.2,38.0,2.337,75.0,3,19.29,7028.9,11.59,6.836,6.86,48.05,84.89,0.9077,68.63,958.0,16.29,12405.8,209832.6,23.15,33.81,40.24,6.42,1.0439,39184.9,188.6,B3780,0,0.55884,15,0,0,test
P01,HFP-3200,22,2025-09-21 22:28,N,PVAc_D3,Fichte,11.06,25.0,2.551,59.1,2,12.77,7032.4,7.55,6.826,6.852,48.0,84.35,0.9127,70.4,863.5,18.27,8232.7,218065.3,21.69,34.17,41.28,7.11,0.9951,39185.9,180.6,B9462,0,0.58122,14,0,0,test
P01,HFP-3200,23,2025-09-21 23:48,N,PVAc_D3,Esche,7.8,38.0,2.853,72.5,3,16.47,7041.8,10.5,6.7,6.736,47.18,83.72,0.9037,69.0,883.8,21.04,14929.0,232994.3,20.68,32.82,40.03,7.21,0.8964,39187.1,169.2,B1058,0,0.62441,13,0,0,test
P01,HFP-3200,24,2025-09-22 01:15,N,PVAc_D4,Fichte,9.47,18.0,1.8,53.4,2,10.54,7030.0,8.64,6.7,6.744,47.1,83.02,0.9099,74.11,892.6,21.71,11174.4,244168.6,22.17,34.14,48.34,14.2,0.8098,39188.0,169.1,B5965,0,0.66168,12,0,0,test
P01,HFP-3200,25,2025-09-22 02:29,N,PVAc_D4,Fichte,7.8,38.0,2.933,75.0,2,17.4,7035.3,8.68,6.7,6.717,47.14,82.95,0.9113,73.83,878.0,17.41,8564.5,252733.2,18.81,29.58,43.94,14.36,0.7489,39189.2,176.0,B4462,0,0.68381,11,0,0,test
P01,HFP-3200,26,2025-09-22 03:56,N,PUR,Esche,10.37,18.0,1.89,53.8,3,11.41,7028.9,10.72,6.744,6.783,47.4,83.22,0.9135,70.31,890.3,17.26,11191.0,263924.1,21.68,32.86,42.96,10.1,0.9839,39190.1,174.9,B3271,0,0.71138,10,0,0,test
P01,HFP-3200,27,2025-09-22 05:11,N,PUR,Buche,11.49,38.0,2.677,75.0,3,18.65,7036.9,10.37,6.941,6.982,48.84,86.04,0.9103,76.9,949.9,18.35,14554.1,278478.3,21.02,33.13,40.92,7.79,0.9682,39191.4,187.3,B5857,0,0.75558,9,0,0,test
P01,HFP-3200,28,2025-09-22 06:40,F,PVAc_D4,Esche,9.88,18.0,2.7,52.6,2,10.0,7035.3,9.04,6.768,6.82,47.61,84.27,0.9061,64.86,919.6,16.95,8614.4,287092.7,19.93,31.44,47.34,15.9,1.2131,39192.2,180.4,B9255,0,0.77886,8,0,0,test
P01,HFP-3200,29,2025-09-22 07:51,F,PVAc_D4,Fichte,10.94,30.0,2.529,62.2,3,11.21,7041.4,10.81,6.81,6.827,47.95,85.53,0.8992,67.0,880.4,16.02,10927.5,298020.2,21.32,33.37,52.94,19.57,0.9537,39193.3,185.2,B4208,0,0.80833,7,0,0,test
P01,HFP-3200,30,2025-09-22 09:13,F,PVAc_D4,Buche,12.83,18.0,2.247,54.3,2,10.82,7036.5,12.77,6.921,6.952,48.7,85.15,0.9172,66.27,906.5,15.33,8116.9,306137.1,23.08,33.58,45.57,11.99,1.0192,39194.2,175.6,B6991,0,0.83307,6,0,0,test
P01,HFP-3200,31,2025-09-22 10:27,F,PUR,Esche,9.26,18.0,2.13,59.5,2,15.41,7023.3,13.51,6.796,6.825,47.73,83.18,0.9202,77.26,922.0,18.63,9341.0,315478.2,24.13,36.61,51.08,14.47,0.846,39195.2,188.2,B1853,0,0.85964,5,0,0,test
P01,HFP-3200,32,2025-09-22 11:41,F,PVAc_D4,Fichte,10.81,38.0,2.446,69.8,3,17.39,7017.0,10.5,6.843,6.883,48.02,85.44,0.9013,73.62,886.9,17.69,12043.4,327521.5,23.51,35.82,51.86,16.04,1.0041,39196.3,175.9,B6592,0,0.88993,4,1,0,test
P01,HFP-3200,33,2025-09-22 12:59,F,PVAc_D4,Buche,11.62,22.0,1.794,55.8,2,12.45,7049.1,10.1,6.826,6.872,48.12,85.59,0.9017,76.32,982.1,17.38,9124.1,336645.7,25.15,37.95,50.54,12.59,0.9462,39197.3,182.5,B9701,0,0.91657,3,1,0,test
P01,HFP-3200,34,2025-09-22 14:04,S,PVAc_D4,Buche,8.73,22.0,2.687,58.5,3,12.91,7025.0,9.29,6.7,6.713,47.07,82.18,0.9185,75.03,835.3,20.34,13754.6,350400.3,24.18,35.75,55.02,19.27,0.8659,39198.2,170.5,B5004,0,0.95403,2,1,0,test
P01,HFP-3200,35,2025-09-22 15:23,S,PVAc_D4,Buche,12.29,25.0,2.167,55.6,2,12.29,7040.9,5.06,6.904,6.93,48.61,84.34,0.9244,78.46,918.2,16.68,9265.7,359666.0,24.52,37.49,51.58,14.08,1.0375,39199.2,175.1,B9480,0,0.97758,1,1,0,test
P01,HFP-3200,36,2025-09-22 16:40,S,PVAc_D3,Eiche,8.99,25.0,2.891,62.0,2,11.35,7023.4,8.81,6.731,6.786,47.28,84.28,0.8996,76.76,876.1,18.02,9158.1,368824.1,26.41,37.41,50.24,12.83,0.8437,39200.2,175.0,B2629,1,1.0,0,1,0,test
P02,HFP-2400,1,2025-08-28 17:00,S,PUR,Fichte,11.73,22.0,2.038,54.2,3,13.98,7006.8,8.49,6.845,6.863,47.96,83.33,0.9229,56.26,791.2,19.82,11873.0,11873.0,26.78,36.61,43.07,6.46,0.6001,20051.0,172.6,B7000,0,0.03112,,,1,train
P02,HFP-2400,2,2025-08-28 18:02,S,PUR,Esche,10.78,25.0,1.962,60.6,3,15.59,6994.2,8.77,6.861,6.875,47.98,83.75,0.9189,59.16,939.9,18.56,14618.4,26491.5,25.21,36.42,42.61,6.19,0.6207,20052.0,183.0,B7777,0,0.07176,,,1,train
P02,HFP-2400,3,2025-08-28 19:20,S,PUR,Esche,9.26,25.0,2.498,60.2,2,13.27,6974.1,11.58,6.786,6.807,47.33,82.98,0.9146,62.19,930.6,18.24,8675.0,35166.5,24.52,35.3,44.51,9.22,0.8307,20053.0,168.7,B3548,0,0.09574,,,1,train
P02,HFP-2400,4,2025-08-28 20:33,S,PVAc_D4,Esche,10.57,22.0,1.715,58.3,2,12.81,6998.7,10.9,6.809,6.823,47.65,81.98,0.9322,58.42,861.8,17.24,8344.8,43511.3,25.2,36.75,44.11,7.36,0.4873,20054.0,182.4,B2398,0,0.11574,,,1,train
P02,HFP-2400,5,2025-08-28 21:42,S,PUR,Esche,10.49,22.0,2.126,61.1,2,15.24,6985.6,9.14,6.832,6.866,47.72,83.46,0.9171,65.2,938.4,17.34,9190.7,52702.0,24.32,35.6,42.54,6.94,0.6163,20055.0,165.1,B2430,0,0.14043,,,1,train
P02,HFP-2400,6,2025-08-28 23:04,N,PVAc_D4,Esche,13.22,25.0,1.955,61.9,3,13.2,6998.5,5.67,6.926,6.932,48.47,84.61,0.9188,62.24,1024.2,16.08,13052.4,65754.4,22.97,33.31,42.03,8.72,0.5675,20056.1,176.8,B9949,0,0.17671,,,1,train
P02,HFP-2400,7,2025-08-29 00:16,N,PVAc_D4,Esche,12.27,38.0,2.381,71.1,3,16.89,6952.6,8.45,6.942,6.991,48.26,84.03,0.9211,61.7,896.0,16.12,11361.6,77116.0,22.76,33.89,41.68,7.8,0.5569,20057.2,172.0,B9495,0,0.20562,,,1,train
P02,HFP-2400,8,2025-08-29 01:39,N,PUR,Fichte,11.48,22.0,2.304,58.9,2,15.04,7000.4,10.65,6.836,6.862,47.86,83.76,0.9163,66.11,897.7,17.36,8979.0,86095.0,22.07,32.64,45.47,12.83,0.6116,20058.2,175.5,B1908,0,0.23021,,,1,train
P02,HFP-2400,9,2025-08-29 02:55,N,PUR,Esche,9.04,22.0,2.32,64.8,2,15.82,6995.3,8.36,6.736,6.749,47.12,81.73,0.9246,58.43,866.6,16.43,7634.4,93729.4,21.9,31.91,41.88,9.97,0.7199,20059.3,179.6,B6160,0,0.24925,,,1,train
P02,HFP-2400,10,2025-08-29 04:13,N,PVAc_D3,Buche,12.37,18.0,2.367,53.9,2,11.18,6958.2,11.94,6.964,6.984,48.46,84.27,0.9222,60.4,921.0,15.72,7689.7,101419.1,23.48,35.26,43.37,8.12,0.9052,20060.2,173.7,B5993,0,0.26945,,,1,train
P02,HFP-2400,11,2025-08-29 05:28,N,PVAc_D4,Fichte,8.38,38.0,2.208,66.9,3,16.68,6987.9,12.35,6.749,6.769,47.16,81.7,0.9258,66.11,836.5,20.31,14019.7,115438.8,22.25,32.51,40.65,8.14,0.3387,20061.3,179.2,B9537,0,0.30954,,,1,train
P02,HFP-2400,12,2025-08-29 06:43,F,PVAc_D4,Esche,9.86,30.0,2.127,65.4,3,14.95,6999.0,12.59,6.743,6.752,47.2,83.0,0.9119,60.91,885.2,19.76,13840.3,129279.1,23.87,34.34,44.69,10.35,0.7761,20062.4,184.7,B1197,0,0.34996,,,1,train
P02,HFP-2400,13,2025-08-29 08:03,F,PVAc_D3,Esche,9.89,22.0,2.181,59.1,3,10.19,6995.6,9.96,6.791,6.823,47.51,82.99,0.9181,64.7,935.1,21.29,16454.5,145733.6,24.57,34.2,43.39,9.19,0.861,20063.4,183.9,B7221,0,0.39987,,,1,train
P02,HFP-2400,14,2025-08-29 09:15,F,PVAc_D3,Esche,8.97,18.0,2.011,53.6,2,11.03,7015.9,6.89,6.7,6.72,47.01,81.89,0.9206,68.58,960.5,16.13,7899.5,153633.1,24.91,35.38,47.25,11.88,0.7288,20064.3,164.1,B4177,0,0.41737,,,1,train
P02,HFP-2400,15,2025-08-29 10:18,F,PUR,Fichte,10.54,22.0,2.602,59.7,2,13.7,7001.3,10.62,6.84,6.866,47.89,83.86,0.9158,70.59,847.1,18.26,8460.6,162093.7,25.77,36.37,45.56,9.19,0.471,20065.3,178.9,B3269,0,0.43856,,,1,train
P02,HFP-2400,16,2025-08-29 11:28,F,PUR,Fichte,8.63,18.0,2.662,52.4,2,11.92,6997.3,9.22,6.719,6.744,47.02,82.24,0.9168,62.51,932.3,17.73,8796.8,170890.6,27.78,36.03,45.69,9.65,0.6462,20066.1,181.4,B2830,0,0.46259,,,1,train
P02,HFP-2400,17,2025-08-29 12:36,F,PVAc_D4,Fichte,10.07,22.0,2.285,60.1,2,13.77,6960.2,9.99,6.745,6.771,46.95,81.92,0.9192,65.45,925.7,17.8,10125.6,181016.2,26.8,37.88,49.93,12.05,0.8728,20067.1,175.0,B4110,0,0.49028,,,1,train
P02,HFP-2400,18,2025-08-29 13:52,F,PVAc_D3,Buche,11.33,22.0,2.578,60.7,2,13.22,7007.0,11.59,6.82,6.86,47.78,83.61,0.9166,66.3,932.6,18.97,9513.3,190529.5,27.77,40.11,51.52,11.41,0.9504,20068.2,181.6,B3074,0,0.51257,,,1,train
P02,HFP-2400,19,2025-08-29 15:11,S,PVAc_D4,Eiche,13.06,22.0,3.075,60.8,3,13.26,6991.9,5.31,6.979,7.001,48.8,86.35,0.9064,64.55,948.9,17.95,14471.7,205001.2,28.24,39.61,53.33,13.72,0.8922,20069.2,182.8,B3076,0,0.54924,,,1,train
P02,HFP-2400,20,2025-08-29 16:28,S,PUR,Esche,8.68,18.0,2.658,56.3,3,12.72,6996.3,9.69,6.749,6.794,47.22,83.01,0.9123,60.4,969.1,19.15,14664.5,219665.7,26.57,37.28,50.54,13.25,0.9289,20070.1,175.6,B7217,0,0.593,,,1,train
P02,HFP-2400,21,2025-08-29 17:32,S,PUR,Esche,10.18,22.0,2.336,61.8,2,12.68,6979.6,12.02,6.799,6.804,47.46,82.91,0.918,73.03,979.8,18.6,11461.3,231127.0,25.45,35.48,47.58,12.1,0.668,20071.1,172.2,B1093,0,0.62839,,,1,train
P02,HFP-2400,22,2025-08-29 18:50,S,PVAc_D4,Buche,10.75,30.0,1.847,67.3,3,13.9,6989.7,6.24,6.812,6.852,47.62,83.93,0.9099,63.53,890.8,17.41,12492.2,243619.2,27.37,37.67,52.05,14.38,0.9715,20072.3,177.2,B1830,0,0.66228,,,1,train
P03,HFP-3200,1,2025-04-10 15:00,S,PVAc_D4,Buche,11.16,30.0,2.414,61.9,3,11.79,6974.0,7.1,6.984,7.015,48.7,84.95,0.9195,48.71,815.3,18.2,10201.2,10201.2,21.47,28.67,35.33,6.66,0.6735,11348.9,170.7,B7063,0,0.02225,46,0,0,test
P03,HFP-3200,2,2025-04-10 16:14,S,PVAc_D3,Esche,8.79,18.0,2.27,51.2,2,11.45,6989.4,6.64,6.83,6.857,47.74,82.76,0.9252,52.53,828.9,15.48,6166.5,16367.7,21.31,31.63,31.38,-0.25,0.5512,11349.7,168.9,B9652,0,0.03441,45,0,0,test
P03,HFP-3200,3,2025-04-10 17:20,S,PVAc_D3,Fichte,12.64,18.0,2.529,53.3,3,13.17,6973.6,10.88,7.058,7.08,49.22,85.3,0.9255,52.03,732.8,18.61,9544.4,25912.1,22.61,31.3,36.01,4.7,0.5278,11350.6,189.6,B8729,0,0.0569,44,0,0,test
P03,HFP-3200,4,2025-04-10 18:28,S,PUR,Esche,10.95,18.0,1.55,50.4,3,14.04,6961.1,8.36,6.985,7.034,48.63,84.7,0.9207,50.99,758.0,16.54,8125.0,34037.1,20.04,29.05,32.92,3.86,0.78,11351.5,180.1,B6515,0,0.07502,43,0,0,test
P03,HFP-3200,5,2025-04-10 19:39,S,PUR,Fichte,11.02,25.0,1.876,65.5,3,16.65,6997.6,10.89,6.935,6.959,48.53,85.12,0.9143,49.09,767.4,16.48,8590.0,42627.0,21.39,29.78,33.89,4.11,0.6145,11352.6,185.5,B2425,0,0.09282,42,0,0,test
P03,HFP-3200,6,2025-04-10 21:05,S,PVAc_D3,Eiche,13.63,18.0,2.513,53.8,2,10.96,6992.3,10.8,7.15,7.18,49.99,87.71,0.9141,53.5,783.1,18.16,7168.4,49795.4,19.2,31.1,32.38,1.28,0.4533,11353.4,182.6,B7190,0,0.11071,41,0,0,test
P03,HFP-3200,7,2025-04-10 22:14,N,PVAc_D4,Buche,8.4,22.0,2.656,64.3,2,12.71,7004.1,11.48,6.839,6.859,47.9,83.21,0.9233,52.16,810.9,15.08,6131.2,55926.6,16.44,22.92,28.97,6.05,0.6348,11354.5,174.4,B9805,0,0.12522,40,0,0,test
P03,HFP-3200,8,2025-04-10 23:28,N,PVAc_D4,Eiche,9.74,30.0,2.097,67.2,3,17.76,6979.1,12.06,6.88,6.921,48.02,83.89,0.918,51.95,755.0,15.55,8497.5,64424.2,17.34,26.26,32.14,5.88,0.4611,11355.6,183.6,B9416,0,0.14299,39,0,0,test
P03,HFP-3200,9,2025-04-11 00:54,N,PVAc_D3,Esche,9.64,22.0,2.747,63.4,2,12.35,6971.4,10.22,7.017,7.03,48.92,86.29,0.9092,51.94,807.4,20.52,8114.2,72538.3,18.39,26.72,29.52,2.8,0.6363,11356.7,175.1,B9913,0,0.16511,38,0,0,test
P03,HFP-3200,10,2025-04-11 02:10,N,PVAc_D4,Buche,8.94,18.0,2.122,49.5,2,11.42,6971.8,13.52,6.855,6.874,47.79,82.26,0.9317,57.57,762.6,18.77,6864.1,79402.4,14.92,24.14,26.55,2.41,0.6755,11357.5,170.1,B4261,0,0.1825,37,0,0,test
P03,HFP-3200,11,2025-04-11 03:09,N,PUR,Eiche,10.49,38.0,2.503,75.0,3,17.0,6996.9,10.19,6.992,7.012,48.92,85.86,0.9138,53.9,802.4,17.34,9497.4,88899.8,16.44,27.26,27.67,0.41,0.8496,11358.8,180.2,B2683,0,0.20057,36,0,0,test
P03,HFP-3200,12,2025-04-11 04:33,N,PVAc_D4,Buche,10.15,18.0,2.177,49.5,2,9.69,6978.3,10.16,6.904,6.944,48.18,83.97,0.9202,55.3,769.5,16.31,6042.7,94942.5,16.31,25.19,32.44,7.25,0.6575,11359.6,196.0,B7189,0,0.21407,35,0,0,test
P03,HFP-3200,13,2025-04-11 05:35,N,PVAc_D4,Eiche,10.98,18.0,1.822,53.9,3,11.8,6974.8,12.35,6.961,6.977,48.55,83.98,0.9271,58.87,739.1,18.59,9132.2,104074.8,17.69,24.26,29.08,4.82,0.5399,11360.5,178.8,B4668,0,0.23274,34,0,0,test
P03,HFP-3200,14,2025-04-11 06:43,F,PVAc_D4,Fichte,11.47,22.0,2.405,55.5,2,13.86,6961.4,9.42,7.019,7.042,48.86,85.31,0.9186,58.81,751.3,18.86,7044.3,111119.0,18.99,26.47,31.93,5.46,0.7052,11361.4,178.9,B7304,0,0.24847,33,0,0,test
P03,HFP-3200,15,2025-04-11 07:54,F,PVAc_D4,Fichte,10.03,18.0,2.752,53.0,2,10.53,6991.5,7.35,6.944,6.981,48.55,84.48,0.9217,50.21,789.7,16.71,6460.0,117579.0,15.2,23.7,26.21,2.51,0.5934,11362.3,175.4,B9986,0,0.26286,32,0,0,test
P03,HFP-3200,16,2025-04-11 08:56,F,PVAc_D3,Fichte,10.02,38.0,2.229,70.6,3,15.36,7008.4,8.18,6.901,6.927,48.37,84.68,0.916,60.34,750.8,16.9,8941.3,126520.2,16.99,27.42,29.45,2.03,0.6386,11363.5,178.9,B2397,0,0.28321,31,0,0,test
P03,HFP-3200,17,2025-04-11 10:21,F,PUR,Eiche,10.15,30.0,2.288,72.4,3,17.73,6993.1,8.12,6.985,7.027,48.84,85.09,0.9207,52.23,834.6,18.56,10854.3,137374.5,19.39,26.57,31.03,4.46,0.7591,11364.7,175.1,B6817,0,0.30939,30,0,0,test
P03,HFP-3200,18,2025-04-11 11:43,F,PVAc_D3,Buche,10.21,18.0,1.842,49.5,2,11.09,6981.2,7.11,6.915,6.95,48.28,85.02,0.9107,55.82,794.1,18.42,7659.9,145034.4,17.64,25.21,32.66,7.45,0.6467,11365.5,185.6,B6451,0,0.32682,29,0,0,test
P03,HFP-3200,19,2025-04-11 12:46,F,PVAc_D3,Esche,12.45,30.0,2.202,61.3,3,12.07,6991.7,4.38,7.095,7.145,49.61,86.72,0.9174,55.09,831.6,19.1,11109.1,156143.5,20.02,27.74,32.66,4.92,0.7567,11366.5,178.8,B8416,0,0.35425,28,0,0,test
P03,HFP-3200,20,2025-04-11 13:57,F,PVAc_D4,Eiche,11.91,38.0,2.582,69.6,2,15.87,6991.2,9.5,7.019,7.068,49.07,86.76,0.9071,59.23,832.3,20.89,8587.3,164730.8,20.55,29.07,37.62,8.54,0.7261,11367.7,177.1,B4505,0,0.37384,27,0,0,test
P03,HFP-3200,21,2025-04-11 15:26,S,PUR,Eiche,10.57,22.0,2.698,57.9,3,12.58,6943.1,10.77,6.996,7.026,48.57,85.64,0.9096,68.03,824.5,16.37,9373.3,174104.0,21.34,28.54,36.07,7.53,0.6979,11368.7,167.8,B1700,0,0.39251,26,0,0,test
P03,HFP-3200,22,2025-04-11 16:33,S,PUR,Buche,8.88,25.0,2.403,65.7,2,13.78,6996.2,8.66,6.921,6.942,48.42,85.37,0.9096,58.74,829.0,17.56,7668.2,181772.2,22.71,31.83,36.62,4.78,0.7041,11369.8,169.3,B2225,0,0.41157,25,0,0,test
P03,HFP-3200,23,2025-04-11 17:55,S,PVAc_D4,Esche,8.45,18.0,2.885,55.5,3,9.38,6969.8,8.77,6.844,6.852,47.7,83.6,0.915,64.72,724.4,19.43,9734.3,191506.5,21.64,29.7,36.96,7.26,0.6974,11370.7,181.5,B2785,0,0.43346,24,0,0,test
P03,HFP-3200,24,2025-04-11 19:01,S,PUR,Esche,9.45,30.0,2.799,66.8,3,16.54,6981.4,12.62,6.955,6.996,48.56,84.99,0.9162,59.63,801.4,17.66,10976.1,202482.6,20.7,30.16,36.65,6.48,0.7551,11371.8,176.3,B8823,0,0.45887,23,0,0,test
P03,HFP-3200,25,2025-04-11 20:25,S,PVAc_D4,Eiche,12.0,22.0,1.902,54.2,3,13.23,6981.6,8.26,7.036,7.067,49.12,86.22,0.9137,60.91,843.1,17.09,10620.8,213103.4,20.21,27.44,34.63,7.19,0.8465,11372.7,184.4,B6218,0,0.48374,22,0,0,test
P03,HFP-3200,26,2025-04-11 21:39,S,PVAc_D4,Fichte,10.85,22.0,2.471,56.8,2,13.01,6972.6,10.33,6.953,6.988,48.48,85.66,0.9078,57.66,856.3,15.61,7107.7,220211.1,19.97,29.13,35.91,6.77,0.7972,11373.6,186.0,B3351,0,0.49992,21,0,0,test
P03,HFP-3200,27,2025-04-11 22:53,N,PVAc_D4,Esche,9.39,25.0,2.158,61.2,2,11.22,7009.7,13.22,6.86,6.89,48.09,84.47,0.913,62.82,808.4,17.97,7493.4,227704.5,18.87,28.64,34.5,5.87,0.9687,11374.7,178.3,B2210,0,0.51585,20,0,0,test
P03,HFP-3200,28,2025-04-12 00:14,N,PUR,Buche,12.59,22.0,2.242,65.3,3,13.71,6991.0,6.5,7.045,7.074,49.25,88.31,0.8944,69.61,876.0,15.92,10255.6,237960.1,17.73,26.26,35.89,9.63,0.9671,11375.8,188.3,B2035,0,0.54052,19,0,0,test
P03,HFP-3200,29,2025-04-12 01:41,N,PUR,Fichte,10.9,30.0,2.346,72.5,3,17.86,6985.4,5.81,7.011,7.038,48.98,86.03,0.913,65.46,779.1,19.44,11288.6,249248.7,17.28,27.36,33.84,6.48,0.7828,11377.0,175.8,B7452,0,0.56779,18,0,0,test
P03,HFP-3200,30,2025-04-12 03:05,N,PUR,Eiche,10.26,38.0,1.776,75.0,3,20.2,6997.3,10.55,6.93,6.955,48.49,85.89,0.9055,62.46,776.8,20.34,11561.2,260809.9,16.06,25.87,34.33,8.46,0.7245,11378.2,180.5,B1896,0,0.59421,17,0,0,test
P03,HFP-3200,31,2025-04-12 04:32,N,PVAc_D3,Eiche,9.25,22.0,2.074,59.4,2,12.55,6974.7,10.89,6.899,6.929,48.12,84.5,0.9132,65.81,874.8,18.53,8957.9,269767.7,15.27,23.02,34.28,11.25,0.6176,11379.2,176.9,B4744,0,0.61795,16,0,0,test
P03,HFP-3200,32,2025-04-12 05:46,N,PVAc_D3,Buche,12.53,38.0,2.582,75.0,2,15.47,6990.2,7.43,7.107,7.153,49.68,87.31,0.9125,63.9,891.0,15.13,7589.3,277357.0,16.73,27.41,37.22,9.81,0.9152,11380.5,182.2,B5301,0,0.63835,15,0,0,test
P03,HFP-3200,33,2025-04-12 07:10,F,PUR,Eiche,7.8,30.0,2.467,71.0,3,16.81,6981.0,8.11,6.86,6.89,47.89,83.06,0.9246,59.22,794.4,14.98,8928.8,286285.8,18.72,26.18,35.27,9.09,0.8105,11381.6,176.9,B6717,0,0.65787,14,0,0,test
P03,HFP-3200,34,2025-04-12 08:33,F,PVAc_D4,Eiche,13.14,25.0,2.234,63.9,2,12.57,6981.8,7.81,7.091,7.123,49.51,87.84,0.9038,56.97,845.1,15.26,7112.2,293398.0,19.36,27.07,34.82,7.75,0.6551,11382.7,177.0,B8103,0,0.67498,13,0,0,test
P03,HFP-3200,35,2025-04-12 09:58,F,PVAc_D3,Fichte,11.06,25.0,2.362,60.5,3,13.9,6982.5,11.28,7.005,7.037,48.92,86.6,0.9058,71.56,848.9,18.57,11838.2,305236.2,17.74,26.09,37.73,11.64,0.7771,11383.7,167.3,B9586,0,0.70195,12,0,0,test
P03,HFP-3200,36,2025-04-12 11:08,F,PVAc_D3,Eiche,8.1,18.0,2.25,54.5,2,11.1,6977.9,4.9,6.859,6.875,47.86,84.57,0.9076,60.43,865.3,18.7,8920.2,314156.4,20.24,29.11,39.11,10.0,0.9154,11384.6,169.1,B3949,0,0.72362,11,0,0,test
P03,HFP-3200,37,2025-04-12 12:11,F,PUR,Eiche,10.93,30.0,2.194,68.1,2,16.89,6979.2,9.74,6.985,7.024,48.75,86.37,0.9052,58.69,875.8,17.07,8424.9,322581.3,21.74,30.15,40.67,10.52,1.1043,11385.8,179.7,B7388,0,0.74365,10,0,0,test
P03,HFP-3200,38,2025-04-12 13:34,F,PVAc_D4,Esche,10.44,38.0,2.056,68.0,3,15.31,6983.8,5.22,6.917,6.925,48.31,85.83,0.9026,57.98,835.9,18.43,11773.5,334354.8,20.68,28.3,40.61,12.3,0.9058,11386.9,183.2,B1793,0,0.773,9,0,0,test
P03,HFP-3200,39,2025-04-12 14:56,S,PVAc_D3,Eiche,10.62,25.0,2.919,56.8,3,12.37,6991.0,5.53,6.999,7.036,48.93,87.43,0.8975,68.98,881.4,18.58,12112.5,346467.3,22.62,32.01,43.72,11.71,0.8936,11387.8,174.4,B2318,0,0.80386,8,0,0,test
P03,HFP-3200,40,2025-04-12 16:09,S,PVAc_D3,Buche,11.16,25.0,2.134,60.9,2,11.81,6980.7,7.29,6.979,6.983,48.72,85.87,0.9098,65.12,924.1,16.45,7547.1,354014.3,21.72,31.09,42.65,11.56,0.9392,11388.8,175.8,B3727,0,0.82202,7,0,0,test
P03,HFP-3200,41,2025-04-12 17:23,S,PVAc_D4,Fichte,9.87,38.0,2.572,75.0,3,16.49,6998.3,10.23,6.917,6.937,48.41,85.91,0.9037,64.21,906.0,16.09,10598.0,364612.3,20.94,30.16,44.06,13.9,1.0667,11390.1,175.3,B9936,0,0.84375,6,0,0,test
P03,HFP-3200,42,2025-04-12 18:48,S,PVAc_D3,Buche,10.18,25.0,2.476,57.9,3,11.69,6981.0,9.97,6.959,6.978,48.58,85.86,0.9075,68.57,911.4,19.02,14060.9,378673.2,21.85,28.77,44.38,15.61,0.9351,11391.1,190.3,B5656,0,0.8806,5,0,0,test
P03,HFP-3200,43,2025-04-12 20:01,S,PUR,Esche,8.07,22.0,2.678,62.4,2,14.32,6971.8,11.03,6.824,6.851,47.58,84.24,0.9057,65.54,850.4,15.88,6600.3,385273.6,19.19,28.26,41.79,13.53,0.8235,11392.1,182.3,B6180,0,0.89567,4,1,0,test
P03,HFP-3200,44,2025-04-12 21:25,S,PUR,Buche,11.06,25.0,1.719,61.7,3,18.19,6988.7,6.51,7.016,7.03,49.03,86.14,0.9129,68.11,835.8,18.89,13048.0,398321.6,17.36,25.72,41.49,15.77,0.9411,11393.1,182.7,B3683,0,0.92872,3,1,0,test
P03,HFP-3200,45,2025-04-12 22:48,N,PVAc_D4,Buche,9.63,38.0,2.226,73.3,3,17.09,6999.8,7.83,6.956,6.988,48.69,86.77,0.8999,63.47,914.7,17.66,12264.7,410586.3,18.33,27.76,42.87,15.11,0.8563,11394.4,177.8,B8507,0,0.95428,2,1,0,test
P03,HFP-3200,46,2025-04-13 00:16,N,PUR,Buche,9.22,30.0,2.387,72.2,3,16.51,6967.8,12.45,6.871,6.919,47.88,84.31,0.9107,61.25,894.4,18.76,12686.7,423273.0,18.28,27.08,42.86,15.78,0.9703,11395.6,186.5,B2994,0,0.98284,1,1,0,test
P03,HFP-3200,47,2025-04-13 01:42,N,PUR,Fichte,10.83,18.0,2.516,64.2,2,14.06,6984.6,8.21,7.029,7.082,49.1,88.45,0.8902,64.05,892.8,18.45,8858.7,432131.7,18.09,27.11,42.17,15.06,1.0726,11396.6,167.1,B6118,1,1.0,0,1,0,test
P04,HFP-2400,1,2025-09-13 17:00,S,PVAc_D3,Fichte,11.48,30.0,2.516,61.9,3,13.29,6992.6,10.43,7.01,7.033,49.02,85.15,0.9232,85.55,951.2,16.92,14352.0,14352.0,26.53,39.63,49.13,9.5,0.6614,24166.5,172.6,B9663,0,0.05203,22,0,0,train
P04,HFP-2400,2,2025-09-13 18:12,S,PVAc_D3,Eiche,11.77,22.0,2.315,52.8,2,11.91,7023.2,11.56,7.052,7.074,49.53,86.55,0.9178,85.11,955.7,18.39,9930.2,24282.1,25.38,38.65,49.94,11.3,0.4481,24167.4,189.0,B8892,0,0.08945,21,0,0,train
P04,HFP-2400,3,2025-09-13 19:20,S,PVAc_D3,Fichte,11.36,38.0,2.52,68.4,3,13.73,7005.3,4.0,6.891,6.929,48.28,84.12,0.9204,85.89,997.2,15.92,14154.1,38436.3,25.36,38.2,44.62,6.42,0.5532,24168.5,174.1,B9454,0,0.1363,20,0,0,train
P04,HFP-2400,4,2025-09-13 20:43,S,PUR,Fichte,11.65,38.0,2.088,74.9,3,19.75,7008.4,8.77,6.998,7.026,49.05,86.07,0.9139,75.95,947.6,17.42,13851.2,52287.5,25.2,37.77,51.67,13.9,0.5871,24169.8,184.4,B3815,0,0.18141,19,0,0,train
P04,HFP-2400,5,2025-09-13 22:07,N,PUR,Buche,9.67,18.0,2.043,57.1,2,14.22,7012.0,7.88,6.841,6.862,47.97,84.44,0.9111,80.39,950.6,19.12,10792.6,63080.1,22.61,34.87,47.06,12.19,0.4507,24170.7,178.1,B9759,0,0.21709,18,0,0,train
P04,HFP-2400,6,2025-09-13 23:21,N,PVAc_D4,Fichte,12.13,38.0,2.577,65.2,3,13.6,6974.9,10.95,6.97,6.988,48.61,84.74,0.92,80.99,904.6,17.55,13956.6,77036.6,21.66,37.13,43.78,6.65,0.6767,24171.8,180.7,B4922,0,0.26642,17,0,0,train
P04,HFP-2400,7,2025-09-14 00:37,N,PVAc_D3,Buche,7.8,22.0,1.984,55.4,3,14.17,6983.8,10.28,6.739,6.774,47.06,82.09,0.9195,81.87,946.0,18.51,16271.7,93308.3,22.18,34.92,47.7,12.78,0.8973,24172.7,186.1,B3289,0,0.31997,16,0,0,train
P04,HFP-2400,8,2025-09-14 01:51,N,PVAc_D3,Esche,13.6,18.0,2.26,48.8,2,10.16,7018.3,7.21,7.094,7.135,49.79,86.54,0.9227,86.58,923.4,18.68,9813.4,103121.7,20.42,33.46,43.15,9.69,0.7401,24173.5,172.9,B7114,0,0.35418,15,0,0,train
P04,HFP-2400,9,2025-09-14 02:55,N,PVAc_D4,Buche,9.5,22.0,2.708,58.1,3,13.0,6983.9,12.14,6.821,6.84,47.64,83.56,0.9143,85.09,978.9,17.78,15807.4,118929.0,21.59,35.6,44.09,8.49,0.8632,24174.5,165.3,B8071,0,0.40835,14,0,0,train
P04,HFP-2400,10,2025-09-14 04:03,N,PVAc_D4,Esche,9.8,18.0,2.238,55.7,2,10.02,7000.5,7.0,6.896,6.897,48.27,84.07,0.9209,84.54,992.2,19.07,11736.8,130665.8,21.47,35.72,50.87,15.15,0.6089,24175.4,173.8,B1970,0,0.45012,13,0,0,train
P04,HFP-2400,11,2025-09-14 05:16,N,PVAc_D3,Eiche,10.46,30.0,2.606,62.8,2,14.95,7023.9,10.99,6.872,6.908,48.27,85.21,0.9085,81.03,972.6,17.5,9911.4,140577.2,21.39,35.59,48.11,12.52,0.6,24176.5,183.1,B9505,0,0.48555,12,0,0,train
P04,HFP-2400,12,2025-09-14 06:41,F,PVAc_D3,Eiche,10.86,38.0,2.02,70.1,3,15.92,6990.9,8.8,6.911,6.931,48.32,85.11,0.9104,87.14,1004.8,18.59,15407.5,155984.7,22.55,34.51,47.77,13.26,0.6046,24177.6,171.9,B8396,0,0.53606,11,0,0,train
P04,HFP-2400,13,2025-09-14 08:00,F,PUR,Buche,8.91,38.0,2.446,72.5,3,17.62,6992.8,9.76,6.791,6.818,47.49,83.57,0.9114,85.23,1003.2,18.7,16841.0,172825.7,24.97,37.78,49.57,11.79,0.7426,24178.9,164.2,B9017,0,0.59434,10,0,0,train
P04,HFP-2400,14,2025-09-14 09:25,F,PUR,Eiche,11.67,22.0,2.336,62.4,2,15.24,7008.8,12.03,7.0,7.01,49.06,85.68,0.9183,85.16,1070.9,14.94,9885.8,182711.5,22.46,35.58,48.09,12.5,0.7318,24179.9,175.4,B6232,0,0.62711,9,0,0,train
P04,HFP-2400,15,2025-09-14 10:48,F,PUR,Eiche,11.31,38.0,3.021,75.0,2,18.6,7028.6,8.04,6.959,6.984,48.92,84.96,0.9233,85.46,959.5,17.3,10263.0,192974.5,25.46,38.23,53.07,14.85,0.8766,24181.1,173.8,B1776,0,0.66375,8,0,0,train
P04,HFP-2400,16,2025-09-14 12:15,F,PVAc_D3,Fichte,8.29,38.0,1.982,71.1,2,14.3,7008.7,8.58,6.795,6.819,47.63,83.59,0.9137,91.59,1003.2,18.33,11411.7,204386.1,26.23,39.11,57.5,18.39,0.7744,24182.3,180.7,B4274,0,0.69936,7,0,0,train
P04,HFP-2400,17,2025-09-14 13:36,F,PUR,Esche,7.8,22.0,2.121,56.0,3,14.06,7007.5,7.37,6.797,6.82,47.63,84.03,0.9091,83.93,1040.0,18.14,16800.1,221186.2,25.88,39.31,49.24,9.93,0.9493,24183.3,172.4,B1442,0,0.75516,6,0,0,train
P04,HFP-2400,18,2025-09-14 14:50,S,PVAc_D3,Esche,12.76,30.0,2.251,63.8,3,12.16,7008.4,8.55,6.994,7.011,49.02,85.09,0.9239,83.27,1064.5,19.05,16964.4,238150.6,26.51,37.55,55.99,18.44,0.7111,24184.3,163.1,B2485,0,0.81341,5,0,0,train
P04,HFP-2400,19,2025-09-14 16:14,S,PVAc_D3,Fichte,8.89,18.0,2.164,53.3,2,11.01,6997.9,4.66,6.755,6.797,47.27,82.61,0.9176,80.19,1000.7,19.04,11971.1,250121.7,24.85,39.41,57.73,18.33,0.615,24185.2,167.6,B5539,0,0.8606,4,1,0,train
P04,HFP-2400,20,2025-09-14 17:17,S,PUR,Fichte,9.79,22.0,2.547,59.7,3,14.1,7002.9,5.38,6.92,6.94,48.46,85.01,0.9143,88.17,990.6,14.58,13006.0,263127.7,24.52,39.31,64.7,25.39,0.8638,24186.2,179.6,B5020,0,0.90339,3,1,0,train
P04,HFP-2400,21,2025-09-14 18:27,S,PUR,Eiche,9.96,30.0,2.397,69.4,3,19.71,7008.2,2.77,6.93,6.932,48.57,84.48,0.922,87.31,998.8,16.81,14685.7,277813.4,23.62,36.76,55.84,19.08,1.0159,24187.4,192.7,B5388,0,0.94967,2,1,0,train
P04,HFP-2400,22,2025-09-14 19:55,S,PVAc_D4,Fichte,11.29,22.0,2.56,52.8,2,10.72,7010.3,7.76,6.932,6.98,48.59,85.39,0.9127,84.03,1066.2,19.67,12193.9,290007.3,25.5,37.59,60.12,22.53,0.8855,24188.2,186.6,B8039,0,0.99963,1,1,0,train
P04,HFP-2400,23,2025-09-14 21:00,S,PVAc_D4,Esche,12.74,18.0,2.257,54.3,2,10.48,7007.9,8.38,7.034,7.07,49.29,87.01,0.9085,89.56,1012.6,14.27,8698.1,298705.4,22.57,34.33,56.56,22.23,0.6766,24189.2,182.1,B2077,1,1.0,0,1,0,train
P05,HFP-3200,1,2025-07-25 18:00,S,PVAc_D4,Buche,11.46,38.0,2.519,75.0,3,16.39,7012.5,4.06,6.903,6.944,48.41,85.54,0.9076,56.99,875.7,19.55,13516.6,13516.6,27.5,40.43,40.19,-0.24,0.5474,28616.5,179.6,B1484,0,0.03428,32,0,0,train
P05,HFP-3200,2,2025-07-25 19:27,S,PUR,Fichte,9.33,25.0,1.55,57.6,3,16.23,6991.9,9.76,6.813,6.821,47.63,83.82,0.9114,59.38,999.9,17.95,13393.9,26910.4,28.19,41.1,44.09,2.99,0.4003,28617.5,175.5,B4230,0,0.0679,31,0,0,train
P05,HFP-3200,3,2025-07-25 20:41,S,PVAc_D4,Buche,8.2,25.0,2.071,65.3,2,12.51,6989.1,8.53,6.7,6.716,46.83,81.28,0.924,59.26,905.0,20.04,10084.1,36994.5,28.39,40.5,40.81,0.31,0.6949,28618.5,176.4,B5144,0,0.09358,30,0,0,train
P05,HFP-3200,4,2025-07-25 21:56,S,PVAc_D4,Buche,9.85,38.0,2.263,71.0,3,15.46,7014.7,10.85,6.824,6.857,47.87,83.12,0.9235,59.08,871.6,16.43,11274.3,48268.8,26.18,36.35,37.51,1.16,0.3935,28619.7,171.8,B5306,0,0.11957,29,0,0,train
P05,HFP-3200,5,2025-07-25 23:29,N,PVAc_D3,Fichte,10.28,22.0,2.2,55.9,3,12.07,7017.3,8.22,6.84,6.855,48.0,83.26,0.9246,58.99,906.6,17.89,13312.8,61581.6,25.47,37.6,40.32,2.71,0.5636,28620.7,178.8,B7466,0,0.1547,28,0,0,train
P05,HFP-3200,6,2025-07-26 00:35,N,PVAc_D4,Fichte,12.36,18.0,2.109,52.9,3,9.7,6992.3,7.26,6.889,6.91,48.17,84.26,0.9168,56.41,888.5,17.7,11199.4,72781.0,23.74,33.75,35.33,1.58,0.6517,28621.5,177.3,B1542,0,0.18026,27,0,0,train
P05,HFP-3200,7,2025-07-26 01:42,N,PVAc_D3,Buche,9.93,30.0,2.019,62.5,3,13.46,7018.1,10.97,6.833,6.853,47.95,84.14,0.914,64.62,914.1,17.32,12156.0,84937.1,25.77,39.36,43.18,3.82,0.3901,28622.6,182.3,B9061,0,0.21229,26,0,0,train
P05,HFP-3200,8,2025-07-26 03:02,N,PVAc_D3,Fichte,7.8,25.0,1.981,58.0,3,13.76,6982.4,8.9,6.7,6.723,46.78,81.0,0.9262,54.14,942.7,17.21,12883.8,97820.8,24.98,36.1,37.97,1.87,0.5382,28623.5,178.2,B2062,0,0.24274,25,0,0,train
P05,HFP-3200,9,2025-07-26 04:18,N,PUR,Eiche,11.67,18.0,1.797,50.0,3,14.86,7019.4,6.61,6.894,6.949,48.39,84.33,0.9202,67.15,937.3,19.28,14499.0,112319.8,23.81,36.47,36.29,-0.18,0.7637,28624.4,163.9,B8650,0,0.27831,24,0,0,train
P05,HFP-3200,10,2025-07-26 05:20,N,PUR,Fichte,12.99,18.0,2.513,55.4,2,14.33,6988.1,6.44,7.01,7.039,48.98,84.76,0.9268,64.91,963.5,17.54,10785.0,123104.8,23.39,34.68,37.96,3.27,0.6326,28625.3,173.6,B5661,0,0.30623,23,0,0,train
P05,HFP-3200,11,2025-07-26 06:31,F,PUR,Eiche,11.86,18.0,1.913,52.5,2,14.33,6985.9,8.33,6.895,6.92,48.17,84.92,0.9097,59.7,930.9,15.33,7308.8,130413.6,24.57,34.74,38.27,3.53,0.6682,28626.2,172.6,B5828,0,0.32307,22,0,0,train
P05,HFP-3200,12,2025-07-26 07:38,F,PUR,Fichte,9.46,18.0,2.134,50.6,2,11.1,7015.4,7.88,6.811,6.833,47.78,84.0,0.9123,59.93,854.5,17.64,7811.3,138224.9,25.35,37.12,43.35,6.23,0.5714,28627.0,166.7,B1896,0,0.34156,21,0,0,train
P05,HFP-3200,13,2025-07-26 08:49,F,PVAc_D4,Esche,12.05,22.0,2.298,55.5,2,15.31,7000.8,11.44,6.946,6.972,48.63,86.07,0.9061,61.11,920.8,15.26,8311.4,146536.3,25.3,36.06,40.11,4.05,0.5572,28627.9,178.7,B5931,0,0.36364,20,0,0,train
P05,HFP-3200,14,2025-07-26 10:06,F,PVAc_D4,Esche,13.63,38.0,1.877,71.9,3,19.05,6987.8,9.03,7.018,7.055,49.04,86.53,0.9089,63.98,919.8,16.51,12431.1,158967.3,27.87,41.4,43.65,2.24,0.8415,28629.1,177.5,B2814,0,0.39526,19,0,0,train
P05,HFP-3200,15,2025-07-26 11:35,F,PUR,Buche,12.83,22.0,2.204,55.1,3,14.58,7015.0,11.87,6.986,7.01,49.01,85.62,0.918,63.26,927.4,19.27,14728.2,173695.6,29.09,42.6,48.78,6.18,0.6845,28630.1,180.7,B4431,0,0.43496,18,0,0,train
P05,HFP-3200,16,2025-07-26 12:47,F,PVAc_D4,Fichte,14.0,25.0,2.174,65.3,2,12.91,7008.2,8.13,7.002,7.024,49.07,85.92,0.916,61.85,924.1,16.78,9056.2,182751.8,29.92,42.94,49.71,6.77,0.6986,28631.2,174.5,B7889,0,0.45646,17,0,0,train
P05,HFP-3200,17,2025-07-26 14:12,S,PVAc_D3,Fichte,10.33,25.0,2.231,58.2,3,12.31,6989.3,10.84,6.825,6.846,47.7,84.53,0.905,65.99,939.2,15.08,11914.7,194666.4,29.62,41.51,46.34,4.83,1.0412,28632.1,191.7,B5927,0,0.48431,16,0,0,train
P05,HFP-3200,18,2025-07-26 15:22,S,PVAc_D4,Buche,10.08,22.0,1.762,53.2,3,12.3,7002.7,9.21,6.773,6.809,47.43,82.54,0.9216,66.21,934.3,19.56,15658.7,210325.1,30.05,44.14,49.73,5.59,0.8487,28633.0,187.8,B9882,0,0.52318,15,0,0,train
P05,HFP-3200,19,2025-07-26 16:31,S,PVAc_D3,Buche,12.02,38.0,2.045,71.4,3,16.03,7013.5,11.21,6.949,6.968,48.74,85.15,0.918,68.5,962.2,18.29,14540.6,224865.7,30.06,43.54,49.87,6.33,0.6742,28634.2,188.8,B2015,0,0.55747,14,0,0,train
P05,HFP-3200,20,2025-07-26 18:02,S,PVAc_D4,Esche,10.54,18.0,2.286,55.2,3,12.06,7016.5,7.56,6.828,6.86,47.91,84.14,0.9132,68.11,986.1,16.61,14975.4,239841.1,30.59,43.2,51.01,7.81,0.847,28635.1,174.4,B1869,0,0.59224,13,0,0,train
P05,HFP-3200,21,2025-07-26 19:12,S,PVAc_D4,Buche,8.37,30.0,2.838,65.7,2,13.68,6991.2,12.79,6.789,6.813,47.46,84.05,0.9056,68.08,982.5,19.35,12223.4,252064.4,27.47,41.09,44.02,2.93,0.8278,28636.2,173.0,B1270,0,0.62587,12,0,0,train
P05,HFP-3200,22,2025-07-26 20:34,S,PVAc_D4,Buche,10.48,22.0,2.236,56.2,3,10.48,7001.3,9.53,6.808,6.82,47.66,82.89,0.9222,67.79,977.7,20.85,18428.5,270493.0,28.94,44.18,51.4,7.22,0.9324,28637.2,181.4,B6218,0,0.67494,11,0,0,train
P05,HFP-3200,23,2025-07-26 21:45,S,PVAc_D3,Esche,10.21,22.0,2.309,55.2,2,13.82,7001.9,6.69,6.751,6.788,47.27,83.4,0.909,63.72,895.3,17.01,8273.8,278766.8,27.6,40.17,47.65,7.48,0.6451,28638.1,169.2,B9513,0,0.69515,10,0,0,train
P05,HFP-3200,24,2025-07-26 22:55,N,PUR,Fichte,9.0,22.0,2.509,66.1,3,16.48,7021.9,5.49,6.828,6.85,47.95,84.27,0.9125,67.96,920.4,16.23,12160.1,290926.9,25.57,37.77,45.51,7.74,0.8844,28639.2,180.5,B1864,0,0.72521,9,0,0,train
P05,HFP-3200,25,2025-07-27 00:18,N,PVAc_D4,Esche,10.93,18.0,2.557,55.3,2,12.26,7006.5,11.28,6.941,6.969,48.63,84.35,0.9246,58.4,922.1,17.66,9244.8,300171.6,26.25,38.37,50.35,11.98,0.7083,28640.1,174.3,B4592,0,0.74677,8,0,0,train
P05,HFP-3200,26,2025-07-27 01:24,N,PUR,Buche,12.26,25.0,1.982,61.3,2,13.12,7017.6,12.49,6.962,6.991,48.86,85.83,0.9129,65.13,922.5,17.29,9524.3,309695.9,23.83,38.15,45.9,7.76,0.8482,28641.1,171.8,B9648,0,0.77222,7,0,0,train
P05,HFP-3200,27,2025-07-27 02:38,N,PVAc_D4,Esche,12.0,25.0,2.503,61.4,2,13.48,6974.0,15.35,6.9,6.921,48.12,84.35,0.9149,59.71,1017.2,17.38,10172.5,319868.4,24.2,38.83,48.3,9.47,0.7338,28642.1,180.5,B6846,0,0.79514,6,0,0,train
P05,HFP-3200,28,2025-07-27 03:53,N,PUR,Buche,8.94,18.0,2.199,57.0,2,14.28,7010.2,12.83,6.778,6.804,47.52,83.95,0.9078,61.96,985.5,19.43,12383.6,332252.0,23.59,36.19,46.69,10.5,0.6129,28643.1,171.4,B4995,0,0.83334,5,0,0,train
P05,HFP-3200,29,2025-07-27 04:59,N,PUR,Eiche,11.1,25.0,2.227,59.1,3,17.68,7002.4,13.34,6.839,6.872,47.89,84.77,0.906,70.78,993.8,18.85,15273.2,347525.2,24.26,35.88,50.78,14.91,0.8222,28644.1,180.2,B1074,0,0.87214,4,1,0,train
P05,HFP-3200,30,2025-07-27 06:12,F,PUR,Esche,8.9,25.0,2.566,61.7,2,15.03,7021.1,14.24,6.738,6.765,47.31,82.84,0.9159,69.76,1054.0,15.13,9512.0,357037.3,25.47,37.29,47.39,10.1,1.0346,28645.1,178.3,B5985,0,0.897,3,1,0,train
P05,HFP-3200,31,2025-07-27 07:28,F,PUR,Esche,10.99,25.0,2.133,56.4,2,13.79,7031.3,8.6,6.844,6.873,48.12,84.58,0.9125,65.23,949.4,21.65,12816.9,369854.1,25.03,38.01,49.74,11.73,0.756,28646.0,192.9,B2071,0,0.93047,2,1,0,train
P05,HFP-3200,32,2025-07-27 08:38,F,PUR,Fichte,9.14,30.0,2.146,66.9,3,16.39,7005.3,11.7,6.762,6.797,47.37,83.45,0.9104,73.86,1002.7,16.54,14724.3,384578.4,26.69,38.47,54.76,16.29,0.8564,28647.2,174.4,B1279,0,0.96906,1,1,0,train
P05,HFP-3200,33,2025-07-27 09:56,F,PVAc_D3,Eiche,10.75,30.0,2.568,62.3,3,12.13,7018.9,10.79,6.868,6.907,48.21,85.62,0.903,72.73,1073.4,16.66,14826.2,399404.6,26.69,38.54,53.07,14.53,0.7113,28648.2,161.1,B2736,1,1.0,0,1,0,train
P06,HFP-2400,1,2025-10-31 13:00,F,PVAc_D4,Buche,10.19,22.0,2.768,58.4,2,13.16,7013.1,7.21,6.87,6.9,48.18,83.93,0.9206,36.84,721.2,20.88,6637.6,6637.6,19.91,31.37,34.7,3.34,0.7833,8335.8,169.5,B5980,0,0.0172,49,0,0,train
P06,HFP-2400,2,2025-10-31 14:18,S,PVAc_D4,Buche,10.57,25.0,2.6,61.4,2,14.99,6985.2,9.8,6.894,6.9,48.16,84.14,0.9179,44.91,645.4,16.67,4557.9,11195.5,19.65,30.39,32.08,1.69,0.5723,8336.8,175.9,B7802,0,0.02797,48,0,0,train
P06,HFP-2400,3,2025-10-31 15:35,S,PUR,Fichte,8.89,18.0,2.535,54.5,3,13.72,7006.1,10.67,6.83,6.878,47.85,82.45,0.9308,41.73,754.0,16.46,8048.0,19243.5,20.49,30.56,33.38,2.82,0.62,8337.7,184.9,B2302,0,0.0484,47,0,0,train
P06,HFP-2400,4,2025-10-31 16:46,S,PVAc_D3,Eiche,10.84,38.0,1.811,70.0,3,15.14,7016.9,8.8,6.901,6.93,48.42,84.23,0.922,47.24,717.1,20.19,8789.5,28033.0,20.33,32.23,37.39,5.16,0.4698,8338.9,170.8,B2727,0,0.07228,46,0,0,train
P06,HFP-2400,5,2025-10-31 18:08,S,PVAc_D4,Eiche,11.46,30.0,2.417,65.7,3,15.8,6989.4,10.84,6.963,6.98,48.67,83.81,0.9313,44.17,651.6,18.54,7561.3,35594.3,19.76,29.95,35.57,5.62,0.8423,8340.0,175.3,B3206,0,0.09088,45,0,0,train
P06,HFP-2400,6,2025-10-31 19:26,S,PUR,Esche,10.54,18.0,2.509,55.3,2,13.41,6988.8,8.76,6.873,6.896,48.03,83.74,0.9199,42.76,766.5,19.69,6802.0,42396.3,19.11,29.71,37.38,7.67,0.6782,8340.9,173.8,B8935,0,0.10928,44,0,0,train
P06,HFP-2400,7,2025-10-31 20:30,S,PVAc_D4,Esche,10.44,25.0,1.89,54.6,2,10.55,7033.3,10.46,6.86,6.888,48.25,84.42,0.9165,43.69,735.9,18.55,6251.2,48647.4,18.23,28.22,38.16,9.95,0.7254,8341.8,182.6,B3077,0,0.12491,43,0,0,train
P06,HFP-2400,8,2025-10-31 21:35,S,PVAc_D3,Buche,12.08,30.0,2.233,64.4,2,13.82,7000.3,12.09,6.992,7.019,48.95,85.78,0.9151,47.56,705.8,15.36,4884.2,53531.6,16.48,27.8,33.35,5.55,0.6625,8342.9,178.1,B2407,0,0.13589,42,0,0,train
P06,HFP-2400,9,2025-10-31 22:47,N,PVAc_D4,Fichte,10.94,22.0,2.783,49.1,2,11.45,7019.3,11.71,6.894,6.917,48.39,84.3,0.9206,48.26,765.1,19.19,6601.7,60133.4,17.24,27.24,36.44,9.2,0.7898,8343.7,178.6,B8943,0,0.15104,41,0,0,train
P06,HFP-2400,10,2025-10-31 23:58,N,PUR,Esche,11.84,22.0,2.424,64.5,2,15.47,6995.0,7.89,6.919,6.966,48.4,84.43,0.9193,44.14,714.7,16.96,5394.2,65527.6,17.75,25.73,30.3,4.56,0.8004,8344.8,183.8,B5268,0,0.1645,40,0,0,train
P06,HFP-2400,11,2025-11-01 01:22,N,PUR,Eiche,8.8,30.0,2.428,59.1,3,15.29,6984.6,7.09,6.762,6.792,47.23,82.16,0.9219,48.02,719.0,18.48,8385.3,73912.9,15.71,25.53,31.34,5.81,0.7194,8345.8,175.2,B1398,0,0.18423,39,0,0,train
P06,HFP-2400,12,2025-11-01 02:38,N,PVAc_D4,Buche,10.95,22.0,2.14,53.4,3,10.57,7007.2,9.11,6.872,6.903,48.15,83.95,0.9198,48.32,769.5,18.06,9021.9,82934.9,15.76,25.72,34.59,8.87,0.5765,8346.7,174.6,B9880,0,0.20774,38,0,0,train
P06,HFP-2400,13,2025-11-01 03:43,N,PVAc_D4,Eiche,11.16,38.0,2.049,62.7,3,14.39,7016.2,4.02,6.908,6.934,48.47,85.33,0.9109,43.32,731.4,17.17,8536.1,91471.0,13.89,25.01,30.29,5.28,0.7547,8347.7,180.2,B8948,0,0.22797,37,0,0,train
P06,HFP-2400,14,2025-11-01 04:59,N,PVAc_D3,Esche,8.49,22.0,2.213,51.8,2,12.23,7026.3,15.37,6.768,6.805,47.56,83.17,0.9171,44.46,739.7,15.91,5541.6,97012.5,15.52,26.83,37.7,10.86,0.6585,8348.6,182.4,B2707,0,0.24389,36,0,0,train
P06,HFP-2400,15,2025-11-01 06:04,F,PUR,Eiche,9.57,38.0,2.696,74.4,2,20.94,7022.7,9.34,6.84,6.87,48.04,84.36,0.9133,42.89,729.9,16.32,5019.9,102032.4,15.75,23.43,29.43,5.99,0.6587,8349.8,173.7,B5188,0,0.25502,35,0,0,train
P06,HFP-2400,16,2025-11-01 07:38,F,PVAc_D3,Esche,9.36,30.0,2.029,59.9,3,15.46,6989.9,9.87,6.827,6.862,47.72,83.29,0.9189,47.03,782.0,17.77,10393.2,112425.6,15.25,26.06,38.02,11.96,0.7329,8350.8,179.6,B4350,0,0.28256,34,0,0,train
P06,HFP-2400,17,2025-11-01 08:57,F,PVAc_D3,Fichte,8.64,30.0,2.882,60.9,3,12.96,6988.9,9.52,6.854,6.874,47.9,83.34,0.9218,49.88,884.4,19.67,11221.2,123646.8,16.76,29.45,33.2,3.75,0.9012,8351.8,174.8,B4564,0,0.3119,33,0,0,train
P06,HFP-2400,18,2025-11-01 10:16,F,PVAc_D3,Esche,12.67,22.0,2.339,60.9,2,11.75,6974.2,11.99,6.988,7.027,48.73,85.16,0.9178,43.38,808.8,15.39,6033.9,129680.6,18.85,29.88,37.03,7.15,0.7065,8352.8,174.8,B6323,0,0.32898,32,0,0,train
P06,HFP-2400,19,2025-11-01 11:28,F,PVAc_D4,Esche,12.83,22.0,1.787,48.9,3,12.92,7004.3,10.34,6.971,6.98,48.83,85.99,0.9106,45.13,768.5,16.3,8303.2,137983.9,18.55,30.1,37.8,7.71,0.7743,8353.7,180.2,B8278,0,0.347,31,0,0,train
P06,HFP-2400,20,2025-11-01 12:31,F,PUR,Eiche,8.39,30.0,1.679,68.0,3,16.63,7022.8,11.7,6.7,6.731,47.05,82.29,0.917,49.65,737.8,16.41,8023.0,146006.9,18.57,30.71,35.39,4.68,0.894,8354.8,186.3,B2380,0,0.36575,30,0,0,train
P06,HFP-2400,21,2025-11-01 13:56,F,PVAc_D4,Eiche,13.21,18.0,2.161,54.1,2,11.21,6992.7,7.22,7.048,7.079,49.28,85.7,0.9223,47.1,765.0,15.98,5930.3,151937.2,20.78,31.24,41.02,9.79,0.85,8355.7,182.4,B7911,0,0.37988,29,0,0,train
P06,HFP-2400,22,2025-11-01 15:00,S,PVAc_D3,Esche,9.56,30.0,1.865,64.2,3,14.47,7016.2,8.66,6.802,6.825,47.72,83.46,0.917,48.47,747.6,18.91,10213.0,162150.2,21.2,31.36,38.89,7.53,0.6147,8356.8,193.2,B7436,0,0.40931,28,0,0,train
P06,HFP-2400,23,2025-11-01 16:20,S,PUR,Buche,11.36,18.0,2.194,63.4,2,15.8,7013.5,4.07,6.904,6.919,48.42,84.55,0.9184,47.4,695.5,16.01,4765.1,166915.3,18.37,26.38,40.13,13.75,0.6251,8357.8,178.3,B7698,0,0.41973,27,0,0,train
P06,HFP-2400,24,2025-11-01 17:36,S,PVAc_D4,Eiche,11.51,18.0,1.806,52.7,2,11.95,6986.4,10.32,6.914,6.935,48.3,83.66,0.926,43.14,788.4,19.22,7360.6,174275.9,19.01,28.01,38.46,10.46,0.6965,8358.7,185.2,B3697,0,0.43898,26,0,0,train
P06,HFP-2400,25,2025-11-01 18:48,S,PUR,Fichte,14.0,38.0,2.724,75.0,3,20.41,7013.6,6.09,7.1,7.119,49.79,87.67,0.9109,47.92,797.2,16.73,8588.0,182863.9,19.75,28.12,41.28,13.16,0.86,8360.0,178.2,B9124,0,0.45798,25,0,0,train
P06,HFP-2400,26,2025-11-01 20:16,S,PVAc_D4,Eiche,7.8,30.0,2.948,65.1,2,14.18,7005.4,9.86,6.739,6.77,47.21,82.99,0.9124,45.68,758.2,18.66,6808.3,189672.2,18.76,27.23,39.55,12.32,0.8307,8361.0,176.3,B2747,0,0.47417,24,0,0,train
P06,HFP-2400,27,2025-11-01 21:29,S,PUR,Buche,11.84,18.0,2.486,59.3,2,15.61,6988.7,9.41,6.956,6.982,48.61,85.97,0.9068,55.11,748.8,17.73,6046.7,195718.9,17.34,25.95,38.56,12.61,0.6776,8362.0,175.4,B9214,0,0.49031,23,0,0,train
P06,HFP-2400,28,2025-11-01 22:49,N,PVAc_D3,Esche,11.77,22.0,2.136,53.4,2,12.69,6996.3,10.64,6.91,6.936,48.34,85.58,0.906,48.81,773.5,15.11,5611.8,201330.7,16.85,26.02,37.18,11.15,0.9441,8362.9,171.0,B3410,0,0.50486,22,0,0,train
P06,HFP-2400,29,2025-11-01 23:58,N,PVAc_D4,Fichte,9.22,22.0,2.434,60.0,2,12.98,6992.8,7.61,6.733,6.759,47.08,83.38,0.9056,44.99,789.4,16.21,5984.1,207314.9,16.21,25.9,36.12,10.22,0.7961,8363.9,174.5,B9217,0,0.51884,21,0,0,train
P06,HFP-2400,30,2025-11-02 01:14,N,PVAc_D3,Eiche,9.62,18.0,2.055,59.4,2,12.86,7001.9,9.9,6.777,6.813,47.45,84.04,0.9056,54.77,795.1,17.35,6982.7,214297.6,15.31,24.75,33.42,8.67,0.5512,8364.9,189.3,B4197,0,0.53601,20,0,0,train
P06,HFP-2400,31,2025-11-02 02:28,N,PVAc_D4,Fichte,11.04,18.0,2.381,50.1,3,11.04,7038.5,8.13,6.886,6.931,48.47,84.83,0.9164,47.58,781.8,20.15,10793.5,225091.0,15.95,25.85,40.75,14.9,0.7989,8365.7,178.3,B6784,0,0.56331,19,0,0,train
P06,HFP-2400,32,2025-11-02 03:35,N,PVAc_D4,Eiche,12.12,38.0,2.111,64.6,3,14.76,7003.2,9.33,6.952,6.978,48.68,86.56,0.9019,47.55,782.7,15.51,8763.9,233854.9,14.16,23.59,38.91,15.32,0.8009,8366.8,168.0,B8045,0,0.58659,18,0,0,train
P06,HFP-2400,33,2025-11-02 04:57,N,PVAc_D3,Esche,12.36,30.0,2.062,60.1,2,13.91,7004.7,8.32,6.958,6.983,48.74,86.42,0.9045,49.52,752.6,16.62,6193.7,240048.6,14.89,22.82,39.06,16.24,0.7596,8367.8,175.3,B8462,0,0.60276,17,0,0,train
P06,HFP-2400,34,2025-11-02 06:10,F,PUR,Fichte,8.22,38.0,1.815,68.5,3,18.29,6972.2,8.76,6.73,6.737,46.92,82.32,0.9142,54.13,816.7,16.29,9025.0,249073.5,14.49,21.81,36.19,14.39,0.9202,8369.0,184.0,B1720,0,0.62547,16,0,0,train
P06,HFP-2400,35,2025-11-02 07:40,F,PVAc_D4,Fichte,11.88,25.0,1.853,60.4,2,13.34,6998.2,7.5,6.934,6.962,48.53,84.82,0.9176,53.48,824.9,18.49,7261.0,256334.6,17.16,24.09,43.99,19.9,0.9051,8370.0,185.6,B8972,0,0.64608,15,0,0,train
P06,HFP-2400,36,2025-11-02 09:02,F,PVAc_D4,Esche,9.95,18.0,2.273,54.9,2,11.68,7007.5,10.39,6.817,6.839,47.77,83.6,0.9163,55.96,815.7,19.06,7842.0,264176.6,17.83,27.67,40.13,12.46,1.0125,8370.9,191.1,B9724,0,0.66659,14,0,0,train
P06,HFP-2400,37,2025-11-02 10:13,F,PVAc_D3,Esche,10.53,22.0,2.092,51.3,2,10.52,6976.6,5.48,6.834,6.862,47.68,84.18,0.9083,55.78,811.2,18.73,7521.5,271698.2,17.68,24.73,38.18,13.45,0.7621,8371.7,174.9,B9343,0,0.68707,13,0,0,train
P06,HFP-2400,38,2025-11-02 11:25,F,PVAc_D4,Eiche,13.21,18.0,2.467,56.6,2,10.39,6995.8,9.19,7.004,7.005,49.0,85.88,0.915,56.81,802.0,21.01,8882.9,280581.1,17.3,26.34,41.95,15.61,0.8967,8372.7,180.0,B3909,0,0.71392,12,0,0,train
P06,HFP-2400,39,2025-11-02 12:31,F,PVAc_D4,Eiche,10.39,30.0,1.55,62.4,2,14.76,7006.4,9.88,6.759,6.796,47.35,83.54,0.909,60.56,812.3,16.26,6833.4,287414.5,19.05,26.92,38.8,11.88,0.7395,8373.7,182.0,B6849,0,0.73107,11,0,0,train
P06,HFP-2400,40,2025-11-02 13:42,F,PUR,Esche,10.39,22.0,2.145,58.9,2,15.85,6975.1,11.49,6.905,6.926,48.17,84.85,0.9104,50.31,728.6,17.85,6077.7,293492.2,19.62,29.05,45.33,16.28,1.1238,8374.7,166.7,B6642,0,0.74507,10,0,0,train
P06,HFP-2400,41,2025-11-02 14:49,S,PVAc_D4,Eiche,12.87,25.0,2.664,54.6,2,13.72,7007.0,8.74,7.025,7.068,49.22,87.04,0.9069,55.67,842.7,17.74,7207.4,300699.6,19.02,29.27,41.35,12.08,0.9051,8375.6,175.5,B1946,0,0.76495,9,0,0,train
P06,HFP-2400,42,2025-11-02 16:04,S,PVAc_D4,Eiche,10.55,22.0,2.489,56.1,3,11.23,7001.8,10.45,6.878,6.925,48.16,85.52,0.903,56.39,810.8,16.05,9657.0,310356.6,18.81,28.5,44.78,16.28,0.8106,8376.6,183.8,B8431,0,0.78938,8,0,0,train
P06,HFP-2400,43,2025-11-02 17:21,S,PVAc_D4,Buche,9.62,22.0,2.575,55.3,2,9.73,7014.7,4.15,6.82,6.858,47.84,84.59,0.907,54.19,800.1,18.86,7752.7,318109.3,17.05,26.23,40.69,14.46,0.8532,8377.5,189.8,B9528,0,0.80849,7,0,0,train
P06,HFP-2400,44,2025-11-02 18:37,S,PVAc_D4,Buche,13.43,38.0,2.359,68.0,3,14.09,6987.9,6.92,6.983,7.012,48.8,87.16,0.898,59.49,817.1,16.72,9607.9,327717.2,20.1,30.29,50.05,19.76,0.9999,8378.6,162.3,B5575,0,0.83458,6,0,0,train
P06,HFP-2400,45,2025-11-02 20:03,S,PVAc_D4,Eiche,11.78,38.0,2.877,68.9,3,16.94,7021.1,10.7,6.99,7.017,49.08,87.57,0.8989,53.48,846.6,20.61,11750.0,339467.2,18.63,29.89,42.34,12.45,0.861,8379.8,186.7,B9708,0,0.86925,5,0,0,train
P06,HFP-2400,46,2025-11-02 21:29,S,PVAc_D4,Esche,12.92,30.0,2.337,59.0,3,12.55,7024.6,11.71,7.022,7.056,49.33,87.48,0.9043,58.22,822.7,19.61,11243.9,350711.1,17.75,29.92,47.77,17.85,0.9303,8380.7,191.6,B9923,0,0.90036,4,1,0,train
P06,HFP-2400,47,2025-11-02 22:42,N,PVAc_D3,Buche,10.68,38.0,2.147,69.6,3,14.67,7023.9,7.71,6.878,6.908,48.31,86.07,0.9002,56.51,859.6,18.45,12495.9,363207.0,15.17,23.7,46.78,23.08,0.9134,8381.9,169.1,B5085,0,0.93159,3,1,0,train
P06,HFP-2400,48,2025-11-03 00:06,N,PUR,Eiche,10.22,30.0,1.816,65.7,3,16.0,6996.7,6.25,6.847,6.866,47.9,84.28,0.9116,59.26,829.3,17.01,10805.1,374012.1,14.46,24.61,44.45,19.83,0.9185,8383.0,180.5,B9940,0,0.96205,2,1,0,train
P06,HFP-2400,49,2025-11-03 01:30,N,PVAc_D4,Fichte,9.35,18.0,2.13,58.6,2,13.54,7028.1,8.56,6.762,6.778,47.52,84.42,0.9028,53.24,816.0,18.77,8182.7,382194.7,15.37,24.51,49.71,25.21,0.868,8384.0,177.0,B6291,0,0.98578,1,1,0,train
P06,HFP-2400,50,2025-11-03 02:38,N,PVAc_D3,Buche,10.16,38.0,2.113,74.5,2,14.91,6987.9,9.27,6.807,6.825,47.57,83.94,0.9089,57.14,824.9,17.04,7480.8,389675.6,13.53,23.43,48.09,24.67,0.7955,8385.2,172.7,B9058,1,1.0,0,1,0,train
P07,HFP-3200,1,2025-03-20 07:00,F,PUR,Eiche,12.39,30.0,1.937,67.4,3,18.09,7007.3,7.84,6.912,6.932,48.44,84.49,0.9194,41.3,692.6,17.96,7974.8,7974.8,14.62,23.96,33.86,9.9,0.5905,20910.4,189.6,B6929,0,0.01589,49,0,0,train
P07,HFP-3200,2,2025-03-20 08:19,F,PVAc_D4,Esche,11.17,22.0,2.595,54.5,2,11.11,6994.5,11.09,6.878,6.912,48.11,84.0,0.9184,38.12,681.4,18.94,5801.9,13776.7,15.19,24.2,32.85,8.64,0.3886,20911.3,169.5,B8520,0,0.0292,48,0,0,train
P07,HFP-3200,3,2025-03-20 09:24,F,PVAc_D4,Esche,10.9,38.0,1.72,69.8,2,17.03,6970.2,10.58,6.773,6.8,47.21,82.72,0.9154,47.48,732.5,18.17,5987.4,19764.0,17.24,27.74,33.95,6.21,0.7167,20912.5,173.0,B1036,0,0.04364,47,0,0,train
P07,HFP-3200,4,2025-03-20 10:50,F,PUR,Eiche,11.75,18.0,2.309,56.7,2,15.65,6967.0,6.41,6.839,6.874,47.65,82.77,0.9232,40.75,740.8,16.74,5502.3,25266.3,16.78,29.26,33.95,4.68,0.7459,20913.4,179.5,B2407,0,0.05723,46,0,0,train
P07,HFP-3200,5,2025-03-20 12:00,F,PUR,Esche,10.01,18.0,2.698,58.5,2,14.88,6982.3,12.57,6.777,6.809,47.32,82.4,0.9209,38.06,700.9,19.28,6254.6,31520.9,19.08,27.37,36.39,9.02,0.9259,20914.4,172.5,B4033,0,0.07306,45,0,0,train
P07,HFP-3200,6,2025-03-20 13:11,F,PUR,Eiche,12.41,38.0,2.395,75.0,2,20.24,6991.8,9.47,6.944,6.988,48.55,85.38,0.912,46.39,762.1,17.95,6249.0,37769.9,17.64,29.51,37.49,7.98,0.676,20915.6,185.1,B4106,0,0.08936,44,0,0,train
P07,HFP-3200,7,2025-03-20 14:39,S,PUR,Fichte,12.12,18.0,2.248,60.1,2,14.33,7025.7,12.29,6.905,6.91,48.52,84.89,0.9166,42.06,702.7,16.09,5052.2,42822.1,17.75,30.09,36.96,6.87,0.619,20916.6,175.2,B5865,0,0.1011,43,0,0,train
P07,HFP-3200,8,2025-03-20 15:58,S,PVAc_D3,Fichte,9.41,22.0,2.226,57.0,2,13.01,6966.3,14.31,6.73,6.746,46.88,81.6,0.9215,38.72,756.2,18.08,6110.9,48933.0,17.75,27.71,36.9,9.2,0.5961,20917.6,177.5,B7405,0,0.11662,42,0,0,train
P07,HFP-3200,9,2025-03-20 17:14,S,PUR,Fichte,12.28,22.0,2.086,62.5,3,14.4,6981.0,13.54,6.887,6.914,48.08,83.72,0.921,39.02,769.9,18.44,9224.0,58157.0,18.4,30.27,33.51,3.24,0.6538,20918.6,180.0,B1215,0,0.13928,41,0,0,train
P07,HFP-3200,10,2025-03-20 18:25,S,PUR,Eiche,10.19,30.0,2.599,64.2,3,16.15,6991.5,12.29,6.812,6.828,47.63,83.25,0.9176,45.89,763.1,17.44,8831.3,66988.2,16.95,28.51,34.09,5.57,0.7601,20919.7,178.4,B5400,0,0.15969,40,0,0,train
P07,HFP-3200,11,2025-03-20 19:41,S,PVAc_D4,Esche,10.08,30.0,2.846,63.5,2,15.43,6975.8,5.27,6.814,6.857,47.54,83.66,0.9113,43.48,805.1,17.72,6815.2,73803.4,17.96,27.26,34.27,7.01,0.8529,20920.7,188.1,B4661,0,0.17695,39,0,0,train
P07,HFP-3200,12,2025-03-20 20:53,S,PVAc_D3,Buche,9.18,22.0,2.304,57.8,2,13.93,7007.0,7.49,6.7,6.735,46.95,81.68,0.9218,43.99,755.1,20.32,6716.6,80520.0,16.98,29.44,32.4,2.96,0.3111,20921.7,177.0,B1987,0,0.19448,38,0,0,train
P07,HFP-3200,13,2025-03-20 22:11,N,PVAc_D3,Eiche,12.66,22.0,2.673,53.1,2,11.29,7009.2,9.61,6.93,6.971,48.57,85.25,0.9138,40.09,764.2,20.46,7039.7,87559.7,14.1,23.79,31.66,7.86,0.7262,20922.6,177.7,B9050,0,0.21253,37,0,0,train
P07,HFP-3200,14,2025-03-20 23:13,N,PVAc_D4,Esche,10.68,22.0,2.482,54.0,2,10.94,7011.5,4.85,6.783,6.821,47.56,83.77,0.9106,41.31,670.4,14.8,4356.1,91915.8,14.07,26.12,33.16,7.04,0.8087,20923.5,174.6,B1311,0,0.22072,36,0,0,train
P07,HFP-3200,15,2025-03-21 00:22,N,PVAc_D3,Fichte,9.95,18.0,2.371,60.0,3,14.74,6998.3,12.73,6.738,6.761,47.15,82.99,0.9112,39.56,706.5,18.65,9181.1,101096.8,15.07,23.71,32.3,8.59,0.3679,20924.5,180.7,B1984,0,0.24044,35,0,0,train
P07,HFP-3200,16,2025-03-21 01:30,N,PVAc_D4,Eiche,11.91,25.0,1.55,53.7,3,13.05,7003.9,3.11,6.845,6.875,47.94,84.53,0.9096,43.35,764.8,17.68,9088.0,110184.8,15.01,24.42,35.41,10.99,0.6811,20925.4,180.7,B2280,0,0.26405,34,0,0,train
P07,HFP-3200,17,2025-03-21 02:38,N,PUR,Buche,10.53,22.0,2.266,59.7,3,17.06,7018.0,9.71,6.825,6.843,47.9,83.94,0.9151,39.7,732.0,16.46,8033.3,118218.1,13.72,23.45,29.62,6.17,0.7759,20926.4,166.3,B2153,0,0.28248,33,0,0,train
P07,HFP-3200,18,2025-03-21 03:48,N,PVAc_D3,Buche,11.56,30.0,2.456,54.9,2,13.93,6990.0,10.42,6.867,6.91,48.0,84.47,0.9113,41.19,710.3,15.18,4492.2,122710.3,14.9,27.82,34.13,6.32,0.9149,20927.3,170.5,B2478,0,0.29242,32,0,0,train
P07,HFP-3200,19,2025-03-21 04:55,N,PVAc_D3,Eiche,11.09,25.0,2.998,62.2,2,14.44,6980.7,13.46,6.846,6.874,47.79,84.37,0.9084,46.85,720.6,14.95,5097.6,127807.9,14.82,26.06,33.85,7.79,0.6852,20928.3,191.6,B7073,0,0.3034,31,0,0,train
P07,HFP-3200,20,2025-03-21 06:12,F,PVAc_D4,Esche,11.31,22.0,2.526,56.7,3,11.87,7008.9,11.72,6.816,6.839,47.78,83.79,0.9145,45.61,754.2,17.67,9448.0,137255.9,14.02,25.29,33.44,8.15,0.3988,20929.3,175.0,B8601,0,0.32592,30,0,0,train
P07,HFP-3200,21,2025-03-21 07:29,F,PVAc_D3,Fichte,10.99,38.0,2.097,66.6,3,15.57,6991.0,9.78,6.818,6.867,47.67,84.61,0.9035,46.22,777.2,18.96,10255.2,147511.1,14.97,24.97,34.32,9.35,0.7416,20930.4,185.6,B9552,0,0.35241,29,0,0,train
P07,HFP-3200,22,2025-03-21 08:45,F,PVAc_D3,Fichte,10.92,22.0,2.339,59.0,2,11.68,6969.1,10.26,6.81,6.851,47.46,83.43,0.9123,48.71,691.7,13.72,4069.3,151580.4,15.29,24.01,34.46,10.45,0.3076,20931.4,180.8,B8220,0,0.36105,28,0,0,train
P07,HFP-3200,23,2025-03-21 09:58,F,PVAc_D4,Esche,8.24,18.0,2.181,56.8,3,11.48,6990.9,8.83,6.7,6.741,46.84,81.86,0.9177,45.73,814.7,18.47,10675.5,162255.8,14.53,26.49,33.41,6.91,0.5555,20932.3,176.1,B5388,0,0.38666,27,0,0,train
P07,HFP-3200,24,2025-03-21 11:08,F,PVAc_D4,Eiche,11.91,22.0,2.051,62.2,2,12.01,7015.7,9.13,6.84,6.85,47.99,84.3,0.9129,46.49,697.4,19.71,6128.3,168384.1,16.04,26.3,35.25,8.95,0.7223,20933.4,173.6,B1521,0,0.40211,26,0,0,train
P07,HFP-3200,25,2025-03-21 12:22,F,PUR,Eiche,8.63,22.0,2.186,54.6,2,14.61,6994.9,10.24,6.7,6.715,46.87,81.35,0.9239,47.5,761.2,20.23,7668.3,176052.4,18.35,29.09,34.62,5.53,0.8093,20934.3,186.0,B2101,0,0.42167,25,0,0,train
P07,HFP-3200,26,2025-03-21 13:33,F,PVAc_D3,Buche,10.14,22.0,2.113,58.4,2,12.42,6986.3,13.19,6.797,6.831,47.49,82.99,0.9177,52.15,846.1,17.69,8053.1,184105.5,19.98,30.26,40.3,10.04,0.7019,20935.2,174.7,B8201,0,0.44328,24,0,0,train
P07,HFP-3200,27,2025-03-21 14:41,S,PVAc_D3,Eiche,10.69,25.0,2.547,61.3,2,10.79,6990.1,8.62,6.817,6.818,47.65,83.92,0.9107,44.97,767.2,17.01,6166.9,190272.4,17.44,26.79,38.25,11.46,0.6668,20936.3,179.2,B9729,0,0.46029,23,0,0,train
P07,HFP-3200,28,2025-03-21 16:03,S,PUR,Fichte,9.56,38.0,2.338,75.0,3,17.82,6981.3,8.52,6.734,6.753,47.02,82.69,0.9118,45.27,798.9,18.42,9972.8,200245.2,18.93,31.0,40.07,9.07,0.4237,20937.5,176.7,B6159,0,0.48734,22,0,0,train
P07,HFP-3200,29,2025-03-21 17:33,S,PUR,Esche,8.65,25.0,2.273,67.5,2,15.97,6962.0,8.14,6.715,6.736,46.75,82.74,0.9062,49.42,818.0,18.95,7628.1,207873.3,19.2,27.59,37.83,10.25,0.8775,20938.6,177.2,B4466,0,0.50591,21,0,0,train
P07,HFP-3200,30,2025-03-21 18:53,S,PVAc_D4,Buche,11.44,22.0,2.515,55.6,2,12.37,6998.2,10.42,6.858,6.883,47.99,84.02,0.916,45.75,739.7,17.82,6197.6,214070.9,18.27,28.04,39.9,11.87,0.7231,20939.6,180.2,B5564,0,0.52131,20,0,0,train
P07,HFP-3200,31,2025-03-21 20:10,S,PVAc_D3,Eiche,11.35,30.0,2.307,65.6,2,14.02,6985.2,12.16,6.877,6.904,48.04,84.87,0.9079,49.19,878.3,17.38,7017.4,221088.2,17.13,26.21,36.85,10.64,1.1902,20940.7,176.2,B2958,0,0.53849,19,0,0,train
P07,HFP-3200,32,2025-03-21 21:37,S,PVAc_D4,Fichte,13.16,30.0,2.709,63.8,3,13.65,6992.0,9.85,6.926,6.96,48.43,85.45,0.9089,46.51,768.6,20.46,11478.9,232567.1,17.35,28.06,36.72,8.66,0.8996,20941.7,169.8,B7609,0,0.56923,18,0,0,train
P07,HFP-3200,33,2025-03-21 22:51,N,PVAc_D3,Esche,8.71,30.0,1.958,63.1,2,13.03,7001.9,10.54,6.7,6.734,46.91,83.8,0.8978,46.73,800.2,16.61,6555.2,239122.4,14.93,23.33,36.11,12.77,0.7942,20942.8,172.9,B1071,0,0.58619,17,0,0,train
P07,HFP-3200,34,2025-03-22 00:08,N,PVAc_D4,Eiche,10.45,38.0,2.092,63.7,2,15.38,6980.9,9.16,6.77,6.803,47.26,83.47,0.9081,47.48,774.0,18.18,6684.8,245807.1,15.54,23.7,37.04,13.34,0.4135,20943.8,173.2,B4972,0,0.60438,16,0,0,train
P07,HFP-3200,35,2025-03-22 01:25,N,PVAc_D3,Buche,12.96,38.0,2.124,67.5,2,15.27,7005.0,10.9,6.86,6.892,48.06,83.29,0.9253,51.04,824.6,16.76,7269.8,253076.9,14.79,27.08,36.45,9.37,0.8833,20945.0,184.0,B8137,0,0.62327,15,0,0,train
P07,HFP-3200,36,2025-03-22 02:51,N,PUR,Buche,12.29,30.0,2.311,71.1,3,17.24,6998.8,7.44,6.84,6.869,47.87,84.71,0.9064,58.75,821.1,17.77,10907.1,263984.0,13.77,24.01,33.37,9.36,0.846,20946.1,172.7,B3216,0,0.65008,14,0,0,train
P07,HFP-3200,37,2025-03-22 04:16,N,PUR,Esche,11.27,18.0,2.3,55.4,2,13.87,6987.3,8.48,6.838,6.859,47.78,83.75,0.9149,54.74,808.7,17.21,7301.5,271285.5,15.37,25.6,38.3,12.7,0.9467,20947.1,192.6,B5197,0,0.66838,13,0,0,train
P07,HFP-3200,38,2025-03-22 05:31,N,PUR,Esche,11.65,38.0,2.438,72.8,3,17.42,7002.8,6.17,6.903,6.924,48.34,85.35,0.9083,58.47,815.8,20.65,13155.5,284441.0,14.6,23.71,38.86,15.15,0.8275,20948.3,185.7,B7258,0,0.70408,12,0,0,train
P07,HFP-3200,39,2025-03-22 07:01,F,PVAc_D4,Fichte,11.03,18.0,2.495,57.0,2,11.76,6989.4,9.28,6.885,6.923,48.12,84.87,0.9094,50.76,829.2,16.41,7037.0,291478.0,15.23,25.74,38.91,13.17,0.9138,20949.2,175.3,B3993,0,0.72033,11,0,0,train
P07,HFP-3200,40,2025-03-22 08:18,F,PVAc_D4,Eiche,11.36,38.0,2.424,67.0,3,13.82,6982.5,6.67,6.825,6.828,47.65,84.11,0.9087,58.53,818.4,16.3,10051.2,301529.2,15.22,26.46,39.41,12.95,0.858,20950.3,172.0,B9483,0,0.74442,10,0,0,train
P07,HFP-3200,41,2025-03-22 09:41,F,PVAc_D4,Buche,8.68,22.0,2.591,57.0,2,13.28,6962.9,9.01,6.766,6.79,47.11,83.8,0.9016,52.25,804.5,18.84,7489.9,309019.1,16.32,26.12,40.32,14.2,0.6489,20951.3,179.3,B9875,0,0.76334,9,0,0,train
P07,HFP-3200,42,2025-03-22 10:49,F,PVAc_D4,Eiche,12.57,25.0,2.721,64.6,2,13.01,7013.9,11.52,6.878,6.904,48.24,85.72,0.9025,54.13,893.0,19.2,8972.9,317992.0,16.08,26.94,41.12,14.17,0.8663,20952.4,179.0,B8537,0,0.79246,8,0,0,train
P07,HFP-3200,43,2025-03-22 12:14,F,PUR,Buche,11.09,30.0,2.256,62.2,2,16.18,6993.4,12.08,6.726,6.743,47.04,83.65,0.9018,57.46,790.5,17.65,7251.6,325243.5,17.99,28.16,42.33,14.16,1.0142,20953.4,176.2,B8687,0,0.80971,7,0,0,train
P07,HFP-3200,44,2025-03-22 13:32,F,PVAc_D4,Eiche,11.75,38.0,2.57,70.4,2,14.46,6987.0,9.31,6.897,6.924,48.19,85.66,0.9022,57.12,880.0,19.76,9209.4,334453.0,18.28,28.14,42.97,14.83,0.8539,20954.6,177.4,B3857,0,0.83334,6,0,0,train
P07,HFP-3200,45,2025-03-22 14:51,S,PVAc_D4,Esche,10.3,22.0,2.796,55.9,2,10.61,7007.6,10.89,6.788,6.823,47.57,84.39,0.9041,52.67,830.6,17.95,7980.1,342433.1,17.73,27.23,41.71,14.47,0.6613,20955.5,186.3,B4746,0,0.85401,5,0,0,train
P07,HFP-3200,46,2025-03-22 15:57,S,PVAc_D4,Fichte,8.86,22.0,1.884,53.2,2,12.63,7005.7,7.42,6.7,6.723,46.94,82.77,0.9094,53.8,854.9,17.3,7900.6,350333.7,19.44,28.87,47.71,18.84,0.7487,20956.4,179.9,B6361,0,0.87877,4,1,0,train
P07,HFP-3200,47,2025-03-22 17:04,S,PVAc_D3,Eiche,7.8,25.0,2.102,59.2,2,12.77,7030.3,6.57,6.7,6.721,47.1,83.58,0.9039,50.44,851.5,16.42,7792.5,358126.2,18.56,30.09,43.82,13.73,0.8824,20957.4,171.3,B4575,0,0.9006,3,1,0,train
P07,HFP-3200,48,2025-03-22 18:21,S,PUR,Buche,11.03,30.0,3.1,71.1,3,18.33,7012.4,10.87,6.844,6.875,47.99,85.91,0.8959,54.02,895.8,16.43,11714.7,369840.9,18.31,28.88,44.87,15.98,0.8691,20958.6,175.9,B4406,0,0.93114,2,1,0,train
P07,HFP-3200,49,2025-03-22 19:49,S,PVAc_D3,Fichte,13.27,18.0,2.476,50.8,3,9.85,6990.1,10.89,6.908,6.933,48.29,85.97,0.9009,52.15,927.0,20.03,12973.8,382814.6,15.88,23.85,45.79,21.94,0.9411,20959.4,184.7,B8930,0,0.96485,1,1,0,train
P07,HFP-3200,50,2025-03-22 20:52,S,PVAc_D4,Esche,9.52,38.0,2.019,67.1,3,18.48,6976.2,8.06,6.7,6.745,46.74,82.92,0.904,56.88,856.7,19.47,12969.2,395783.8,18.45,27.33,44.27,16.94,0.7874,20960.5,178.2,B1920,1,1.0,0,1,0,train
P08,HFP-2400,1,2025-03-25 12:00,F,PUR,Eiche,9.02,30.0,1.939,72.1,3,18.44,7003.9,8.88,6.7,6.711,46.93,82.08,0.9169,58.62,732.9,19.79,10302.7,10302.7,17.93,28.22,34.81,6.6,0.4172,29184.0,185.0,B1839,0,0.02771,43,0,0,train
P08,HFP-2400,2,2025-03-25 13:32,F,PUR,Eiche,10.44,25.0,2.506,66.8,2,15.74,7016.0,8.75,6.752,6.765,47.38,83.02,0.9152,50.14,787.5,15.62,5848.8,16151.5,18.45,29.26,37.41,8.15,0.4834,29185.1,183.0,B9329,0,0.04289,42,0,0,train
P08,HFP-2400,3,2025-03-25 15:01,S,PVAc_D4,Esche,9.41,30.0,2.202,61.6,2,14.13,7025.6,10.44,6.7,6.731,47.07,82.2,0.9184,49.77,760.7,18.44,6472.4,22623.9,19.52,29.2,38.08,8.89,0.3879,29186.1,181.9,B7473,0,0.05907,41,0,0,train
P08,HFP-2400,4,2025-03-25 16:22,S,PUR,Fichte,9.29,38.0,2.538,75.0,3,20.72,7025.2,7.9,6.76,6.785,47.49,83.01,0.9175,48.76,757.1,16.17,8643.8,31267.7,18.53,29.64,34.82,5.18,0.5602,29187.4,183.6,B9124,0,0.08024,40,0,0,train
P08,HFP-2400,5,2025-03-25 17:57,S,PUR,Fichte,11.7,30.0,1.702,62.8,2,17.78,7007.1,6.96,6.88,6.912,48.21,83.98,0.9206,52.58,800.2,19.81,8032.7,39300.4,17.27,28.3,36.34,8.04,0.3872,29188.4,178.4,B2642,0,0.09802,39,0,0,train
P08,HFP-2400,6,2025-03-25 19:18,S,PVAc_D3,Esche,9.85,22.0,2.395,61.2,2,12.54,6977.0,12.12,6.719,6.743,46.88,81.55,0.9219,57.24,728.2,16.62,5768.0,45068.4,17.86,29.36,35.15,5.79,0.3782,29189.5,184.8,B1150,0,0.1123,38,0,0,train
P08,HFP-2400,7,2025-03-25 20:39,S,PVAc_D4,Buche,12.09,25.0,1.902,57.2,2,12.82,6991.2,8.1,6.864,6.89,47.99,83.51,0.9216,58.92,792.2,16.33,6743.6,51812.0,16.96,26.88,34.72,7.84,0.4504,29190.4,176.7,B4678,0,0.12805,37,0,0,train
P08,HFP-2400,8,2025-03-25 21:58,S,PUR,Fichte,11.48,22.0,1.917,59.5,2,15.89,6999.0,11.65,6.794,6.839,47.55,83.96,0.9084,52.65,804.0,18.53,7329.3,59141.2,17.32,27.73,36.61,8.89,0.6503,29191.4,175.1,B6067,0,0.147,36,0,0,train
P08,HFP-2400,9,2025-03-25 23:14,N,PUR,Buche,9.54,22.0,2.356,55.8,2,12.93,7007.0,8.03,6.761,6.784,47.37,83.87,0.9059,52.54,794.3,19.23,7208.0,66349.2,15.92,27.62,35.49,7.87,0.7072,29192.3,185.7,B1522,0,0.16664,35,0,0,train
P08,HFP-2400,10,2025-03-26 00:20,N,PUR,Esche,9.27,25.0,1.845,62.7,2,15.23,7047.4,8.99,6.708,6.74,47.27,83.43,0.9087,53.59,781.3,15.33,5825.8,72175.0,14.07,24.35,32.68,8.33,0.613,29193.4,173.6,B1958,0,0.18259,34,0,0,train
P08,HFP-2400,11,2025-03-26 01:38,N,PVAc_D4,Buche,12.51,18.0,2.195,54.8,2,11.47,7006.9,9.61,6.876,6.898,48.18,83.98,0.9201,60.61,858.7,19.54,7928.6,80103.6,13.6,24.88,33.4,8.52,0.3905,29194.3,173.5,B1008,0,0.20733,33,0,0,train
P08,HFP-2400,12,2025-03-26 02:48,N,PVAc_D4,Buche,9.45,30.0,1.787,63.5,2,14.91,6986.0,8.25,6.704,6.725,46.84,82.25,0.9132,58.83,818.4,14.14,5986.0,86089.6,15.01,24.3,31.95,7.65,0.5288,29195.3,165.2,B2289,0,0.22497,32,0,0,train
P08,HFP-2400,13,2025-03-26 04:13,N,PVAc_D4,Eiche,10.96,30.0,2.276,64.3,3,13.51,6986.9,6.08,6.766,6.781,47.27,82.3,0.9212,56.72,807.2,19.73,11629.3,97718.9,14.21,24.23,31.94,7.71,0.4563,29196.4,176.4,B4084,0,0.2572,31,0,0,train
P08,HFP-2400,14,2025-03-26 05:28,N,PUR,Buche,9.44,38.0,2.444,71.1,2,19.23,7017.8,10.0,6.703,6.729,47.04,82.87,0.9103,58.8,805.6,18.89,7773.2,105492.0,14.94,27.21,36.13,8.92,0.6839,29197.6,180.4,B1139,0,0.27955,30,0,0,train
P08,HFP-2400,15,2025-03-26 06:50,F,PVAc_D4,Esche,10.58,38.0,2.065,66.1,3,16.41,7008.3,7.04,6.778,6.784,47.5,82.51,0.9233,62.7,809.9,19.58,12046.8,117538.8,14.43,24.96,30.91,5.95,0.5169,29198.7,171.2,B3890,0,0.31222,29,0,0,train
P08,HFP-2400,16,2025-03-26 08:16,F,PVAc_D4,Buche,10.66,22.0,2.391,55.4,2,10.26,7010.3,5.02,6.821,6.863,47.82,83.3,0.9206,56.45,823.7,21.11,8932.5,126471.3,15.98,27.56,35.41,7.85,0.6027,29199.6,179.8,B5491,0,0.33868,28,0,0,train
P08,HFP-2400,17,2025-03-26 09:33,F,PVAc_D4,Eiche,11.68,30.0,1.869,57.2,2,12.71,7028.6,7.98,6.793,6.836,47.75,83.18,0.9205,56.24,843.7,17.63,7447.9,133919.2,16.67,29.57,37.76,8.19,0.509,29200.6,169.5,B8813,0,0.36017,27,0,0,train
P08,HFP-2400,18,2025-03-26 10:45,F,PUR,Eiche,12.1,25.0,2.327,60.1,2,15.2,6999.9,15.89,6.889,6.939,48.23,85.17,0.9081,63.74,809.7,20.78,8204.7,142123.9,16.86,27.04,38.06,11.02,0.6359,29201.6,175.6,B6160,0,0.38408,26,0,0,train
P08,HFP-2400,19,2025-03-26 12:02,F,PVAc_D4,Fichte,10.51,18.0,2.983,61.1,2,11.77,7016.5,13.23,6.769,6.808,47.5,83.63,0.9109,58.36,791.6,16.13,6276.0,148399.9,18.0,28.85,36.51,7.66,0.6229,29202.6,187.5,B4655,0,0.39897,25,0,0,train
P08,HFP-2400,20,2025-03-26 13:15,F,PUR,Esche,8.6,25.0,2.76,61.3,2,16.98,7020.1,9.39,6.7,6.708,47.03,82.16,0.9181,53.89,777.3,19.68,7847.2,156247.1,18.91,29.43,42.14,12.71,0.7261,29203.6,174.4,B9720,0,0.42212,24,0,0,train
P08,HFP-2400,21,2025-03-26 14:35,S,PVAc_D4,Buche,10.3,25.0,2.306,60.0,2,12.4,7020.8,11.24,6.777,6.808,47.58,83.43,0.9147,62.03,786.4,21.79,8395.7,164642.8,19.38,30.21,41.36,11.15,0.6329,29204.6,174.3,B6344,0,0.44519,23,0,0,train
P08,HFP-2400,22,2025-03-26 15:46,S,PVAc_D4,Esche,13.3,18.0,2.341,57.1,2,12.44,7008.6,13.64,6.952,6.986,48.73,85.35,0.9156,60.07,861.7,18.74,9179.4,173822.3,20.19,27.73,43.01,15.28,0.7195,29205.6,181.6,B7178,0,0.47074,22,0,0,train
P08,HFP-2400,23,2025-03-26 17:01,S,PUR,Fichte,10.36,22.0,2.228,56.9,2,14.01,7033.3,10.73,6.781,6.785,47.69,83.53,0.9157,53.64,827.7,16.64,7502.8,181325.1,19.35,31.23,41.21,9.98,0.5587,29206.5,179.5,B6345,0,0.49396,21,0,0,train
P08,HFP-2400,24,2025-03-26 18:11,S,PVAc_D3,Fichte,10.97,22.0,2.041,55.4,2,13.31,7001.3,9.33,6.762,6.792,47.34,83.46,0.9097,55.03,836.2,18.66,7894.7,189219.8,18.18,30.38,39.16,8.78,0.5964,29207.4,168.7,B1052,0,0.5164,20,0,0,train
P08,HFP-2400,25,2025-03-26 19:25,S,PVAc_D4,Buche,9.6,22.0,1.683,61.6,2,14.33,7011.2,9.23,6.704,6.745,47.0,83.07,0.9074,54.81,824.2,17.96,7120.8,196340.6,18.0,30.13,38.93,8.79,0.655,29208.5,165.9,B4154,0,0.53559,19,0,0,train
P08,HFP-2400,26,2025-03-26 20:35,S,PVAc_D3,Eiche,11.6,25.0,2.273,60.0,2,14.1,7008.7,9.1,6.857,6.873,48.06,83.3,0.9252,59.04,827.5,21.19,9490.9,205831.5,18.58,27.69,42.49,14.81,0.7761,29209.5,201.0,B3122,0,0.56492,18,0,0,train
P08,HFP-2400,27,2025-03-26 21:48,S,PUR,Fichte,8.88,22.0,2.502,64.8,2,15.97,7010.1,7.49,6.734,6.754,47.21,83.56,0.906,58.23,772.6,17.65,6946.7,212778.2,16.27,24.54,41.18,16.64,0.5664,29210.5,172.8,B2256,0,0.58397,17,0,0,train
P08,HFP-2400,28,2025-03-26 23:08,N,PVAc_D3,Buche,12.07,25.0,1.962,52.7,2,13.35,6994.9,8.99,6.839,6.882,47.84,83.89,0.9146,57.84,867.6,19.5,9093.8,221872.0,16.09,28.12,42.35,14.22,0.6368,29211.4,170.9,B6915,0,0.60921,16,0,0,train
P08,HFP-2400,29,2025-03-27 00:20,N,PUR,Esche,9.15,38.0,1.993,75.0,2,18.23,7005.5,7.61,6.7,6.714,46.94,82.94,0.9076,65.12,785.5,19.76,7032.3,228904.3,16.86,25.23,36.82,11.59,0.8488,29212.7,180.5,B7134,0,0.62795,15,0,0,train
P08,HFP-2400,30,2025-03-27 01:45,N,PVAc_D3,Fichte,9.39,18.0,1.925,56.3,2,11.59,7014.5,3.66,6.7,6.723,47.0,83.01,0.908,57.71,858.9,15.03,7209.5,236113.8,14.99,25.56,41.15,15.6,0.6315,29213.6,180.5,B4277,0,0.64676,14,0,0,train
P08,HFP-2400,31,2025-03-27 03:00,N,PVAc_D4,Buche,9.33,22.0,2.578,59.4,2,11.89,7018.6,11.94,6.737,6.782,47.28,83.45,0.9087,55.41,851.5,21.9,10083.3,246197.1,15.55,26.51,44.08,17.57,0.5418,29214.6,191.9,B4818,0,0.67804,13,0,0,train
P08,HFP-2400,32,2025-03-27 04:13,N,PVAc_D4,Buche,11.51,18.0,1.809,58.3,2,10.31,7011.8,9.31,6.785,6.823,47.57,83.59,0.9128,60.19,856.3,19.52,8675.6,254872.7,16.26,26.76,43.22,16.46,0.5699,29215.6,179.0,B7581,0,0.7017,12,0,0,train
P08,HFP-2400,33,2025-03-27 05:25,N,PVAc_D3,Eiche,10.81,25.0,2.214,58.3,2,11.63,6985.1,10.07,6.796,6.827,47.47,83.24,0.9145,65.82,835.1,21.47,9239.1,264111.7,16.61,28.41,44.32,15.91,0.7208,29216.5,163.4,B5978,0,0.73132,11,0,0,train
P08,HFP-2400,34,2025-03-27 06:37,F,PVAc_D3,Buche,9.64,38.0,2.192,68.5,2,14.51,7018.7,10.31,6.735,6.769,47.27,83.38,0.9092,63.51,861.8,15.92,7086.3,271198.1,15.54,25.44,41.19,15.75,0.7544,29217.7,187.0,B7626,0,0.75068,10,0,0,train
P08,HFP-2400,35,2025-03-27 07:59,F,PUR,Fichte,10.81,30.0,1.914,73.2,2,17.64,7015.3,6.72,6.837,6.865,47.96,83.64,0.9196,59.71,911.1,19.72,8418.6,279616.7,16.25,25.13,43.49,18.37,1.044,29218.9,179.1,B4634,0,0.77328,9,0,0,train
P08,HFP-2400,36,2025-03-27 09:26,F,PVAc_D3,Eiche,10.24,38.0,2.315,70.5,3,17.11,7004.3,9.37,6.783,6.82,47.51,83.52,0.9124,63.48,810.8,15.47,9254.4,288871.1,18.51,29.8,46.74,16.94,0.665,29220.1,186.8,B5579,0,0.79942,8,0,0,train
P08,HFP-2400,37,2025-03-27 10:55,F,PVAc_D4,Buche,11.8,18.0,2.737,62.6,2,11.91,7004.9,12.35,6.889,6.901,48.25,85.08,0.9096,63.0,919.1,18.01,8891.5,297762.6,17.71,29.16,46.31,17.15,0.5832,29221.1,179.3,B4282,0,0.82473,7,0,0,train
P08,HFP-2400,38,2025-03-27 12:08,F,PVAc_D4,Eiche,13.75,22.0,2.169,53.2,2,10.68,7010.2,8.97,6.909,6.917,48.44,85.65,0.907,59.6,870.7,19.45,9721.1,307483.7,19.64,29.67,49.27,19.61,0.8769,29222.0,173.7,B5791,0,0.85348,6,0,0,train
P08,HFP-2400,39,2025-03-27 13:22,F,PUR,Esche,10.6,25.0,2.079,57.4,2,14.84,7005.5,12.28,6.776,6.808,47.47,84.47,0.9013,61.55,884.1,21.97,10138.0,317621.6,19.71,29.77,49.63,19.86,0.6388,29223.0,179.0,B5980,0,0.88175,5,0,0,train
P08,HFP-2400,40,2025-03-27 14:29,S,PVAc_D4,Esche,12.14,22.0,2.138,57.9,2,12.53,6994.7,6.76,6.802,6.839,47.58,84.86,0.8991,66.2,820.1,15.3,6804.2,324425.8,18.65,30.75,50.28,19.53,0.6654,29223.9,171.8,B4692,0,0.90036,4,1,0,train
P08,HFP-2400,41,2025-03-27 15:38,S,PUR,Fichte,10.03,18.0,2.178,59.4,2,16.09,7002.3,8.6,6.764,6.766,47.36,83.8,0.9064,69.74,854.0,19.1,8896.7,333322.4,20.3,32.15,50.19,18.04,0.8835,29224.9,176.9,B5183,0,0.9286,3,1,0,train
P08,HFP-2400,42,2025-03-27 16:49,S,PVAc_D4,Eiche,9.01,22.0,2.062,57.1,2,13.32,7013.8,6.69,6.742,6.771,47.29,84.25,0.9001,63.11,909.3,17.62,8733.2,342055.6,20.21,31.04,51.46,20.42,0.7727,29225.9,174.6,B8676,0,0.95696,2,1,0,train
P08,HFP-2400,43,2025-03-27 18:01,S,PVAc_D4,Fichte,12.3,38.0,2.196,68.7,2,15.75,7017.0,11.06,6.88,6.905,48.28,84.73,0.9138,65.13,944.4,17.02,9069.9,351125.5,18.61,29.9,52.97,23.07,0.92,29227.0,181.5,B1937,0,0.98369,1,1,0,train
P08,HFP-2400,44,2025-03-27 19:18,S,PVAc_D3,Fichte,8.54,18.0,2.288,53.6,2,11.67,6995.0,10.88,6.7,6.74,46.87,82.77,0.9081,65.97,971.4,18.06,10020.1,361145.6,17.12,27.15,48.38,21.23,0.9674,29227.9,183.6,B8033,1,1.0,0,1,0,train
P09,HFP-3200,1,2025-09-22 21:00,S,PVAc_D4,Buche,13.0,18.0,2.219,54.5,2,10.22,6975.2,10.13,6.887,6.914,48.04,84.38,0.913,67.3,915.7,17.03,9147.0,9147.0,21.32,27.84,45.74,17.9,0.6679,35659.7,178.8,B7899,0,0.02419,34,0,0,train
P09,HFP-3200,2,2025-09-22 22:08,N,PVAc_D3,Eiche,7.8,30.0,1.677,62.1,2,14.88,6980.0,11.63,6.7,6.721,46.77,81.96,0.9152,65.4,886.1,21.73,10402.7,19549.7,22.35,33.52,46.66,13.14,0.7872,35660.8,183.5,B9806,0,0.04847,33,0,0,train
P09,HFP-3200,3,2025-09-22 23:20,N,PUR,Esche,11.31,38.0,2.685,75.0,2,16.74,6964.5,11.37,6.874,6.904,47.87,83.02,0.9248,70.14,964.4,16.11,9002.0,28551.7,19.57,27.63,47.72,20.09,0.871,35662.0,181.0,B6315,0,0.07148,32,0,0,train
P09,HFP-3200,4,2025-09-23 00:47,N,PVAc_D3,Buche,8.87,38.0,2.645,75.0,3,15.96,6954.8,6.21,6.7,6.717,46.6,81.28,0.9194,76.82,972.4,15.84,13545.1,42096.8,19.53,27.39,46.7,19.31,0.747,35663.3,172.8,B7248,0,0.10681,31,0,0,train
P09,HFP-3200,5,2025-09-23 02:10,N,PVAc_D3,Buche,8.63,38.0,2.13,67.5,3,14.42,6956.8,11.35,6.7,6.732,46.61,81.54,0.9168,72.68,921.7,18.75,14049.1,56145.9,18.1,27.75,41.84,14.08,0.8927,35664.4,182.4,B5459,0,0.13993,30,0,0,train
P09,HFP-3200,6,2025-09-23 03:39,N,PVAc_D3,Fichte,11.99,18.0,2.868,60.5,2,10.33,6975.5,7.84,6.923,6.987,48.29,83.17,0.9312,71.39,943.4,18.54,10194.0,66339.9,20.1,29.03,45.49,16.46,0.5933,35665.4,166.0,B7139,0,0.16281,29,0,0,train
P09,HFP-3200,7,2025-09-23 04:53,N,PUR,Fichte,9.51,25.0,1.919,61.1,2,17.12,6982.8,6.78,6.754,6.78,47.16,82.07,0.9216,67.83,958.7,16.58,8600.8,74940.8,19.47,30.1,49.32,19.22,0.7848,35666.4,176.1,B5101,0,0.18117,28,0,0,train
P09,HFP-3200,8,2025-09-23 06:08,F,PVAc_D4,Eiche,11.03,25.0,2.413,55.4,2,12.4,6952.3,5.4,6.845,6.877,47.59,83.95,0.9091,69.56,1016.2,18.9,11820.0,86760.8,19.86,28.56,41.57,13.01,0.535,35667.3,184.2,B8193,0,0.21554,27,0,0,train
P09,HFP-3200,9,2025-09-23 07:13,F,PVAc_D3,Eiche,9.27,38.0,2.18,66.5,3,16.01,6971.6,6.51,6.727,6.761,46.9,81.44,0.9234,69.59,960.5,18.06,13650.4,100411.1,21.89,30.29,45.95,15.66,0.6532,35668.4,174.4,B2967,0,0.25045,26,0,0,train
P09,HFP-3200,10,2025-09-23 08:33,F,PVAc_D3,Esche,9.13,25.0,2.771,61.5,2,11.74,6970.7,6.01,6.725,6.748,46.88,82.89,0.907,71.41,932.5,20.34,11466.9,111878.1,21.69,31.94,50.9,18.96,0.6996,35669.5,176.2,B3578,0,0.27937,25,0,0,train
P09,HFP-3200,11,2025-09-23 09:47,F,PUR,Fichte,13.01,25.0,2.493,59.5,2,14.3,6960.3,13.62,6.974,7.022,48.54,85.43,0.9113,70.14,880.8,18.16,9083.0,120961.1,21.64,32.75,50.73,17.98,0.7248,35670.5,166.5,B2295,0,0.30072,24,0,0,train
P09,HFP-3200,12,2025-09-23 11:01,F,PVAc_D3,Eiche,11.06,22.0,2.099,55.2,2,13.97,6983.3,9.28,6.768,6.779,47.26,82.06,0.9237,72.2,934.0,17.38,9959.4,130920.5,21.63,31.1,51.02,19.92,0.8107,35671.4,178.6,B1343,0,0.32533,23,0,0,train
P09,HFP-3200,13,2025-09-23 12:07,F,PVAc_D3,Buche,9.79,22.0,2.581,57.3,2,11.84,6977.3,5.7,6.74,6.786,47.03,83.15,0.907,65.49,986.5,17.92,10371.7,141292.2,27.0,35.43,56.55,21.12,0.6582,35672.3,184.1,B5285,0,0.351,22,0,0,train
P09,HFP-3200,14,2025-09-23 13:18,F,PVAc_D4,Fichte,9.56,30.0,2.316,64.4,2,13.64,6989.8,8.66,6.754,6.794,47.21,82.45,0.9184,69.6,974.8,17.27,9828.8,151120.9,25.5,34.68,51.75,17.08,0.8803,35673.4,178.4,B7126,0,0.37408,21,0,0,train
P09,HFP-3200,15,2025-09-23 14:33,S,PVAc_D3,Buche,10.28,38.0,2.424,63.7,2,16.81,6992.4,6.64,6.744,6.775,47.16,82.8,0.9134,72.44,948.0,21.22,11818.7,162939.6,24.56,34.17,55.0,20.84,0.7535,35674.5,185.9,B2098,0,0.40727,20,0,0,train
P09,HFP-3200,16,2025-09-23 15:49,S,PVAc_D4,Esche,11.24,38.0,2.978,74.1,3,16.17,6948.9,8.91,6.828,6.833,47.45,83.99,0.906,72.98,966.7,18.04,15171.4,178111.0,25.3,36.05,54.78,18.73,0.7249,35675.7,176.4,B2756,0,0.4436,19,0,0,train
P09,HFP-3200,17,2025-09-23 17:12,S,PVAc_D3,Eiche,9.89,38.0,2.31,71.2,3,16.53,6987.0,7.92,6.7,6.746,46.81,81.4,0.9223,76.72,970.6,17.85,15020.7,193131.8,23.28,33.97,51.34,17.37,0.8354,35676.9,186.5,B2338,0,0.48507,18,0,0,train
P09,HFP-3200,18,2025-09-23 18:38,S,PUR,Esche,7.88,25.0,2.046,58.9,2,16.41,6974.8,5.65,6.7,6.705,46.73,81.48,0.9198,82.73,1003.9,18.17,11258.0,204389.8,23.48,31.34,50.81,19.48,0.7021,35677.9,174.5,B7710,0,0.51625,17,0,0,train
P09,HFP-3200,19,2025-09-23 19:52,S,PUR,Eiche,8.84,18.0,2.388,58.0,2,14.71,6966.6,9.65,6.7,6.735,46.68,82.2,0.9106,72.46,1085.3,14.13,9257.5,213647.2,22.6,31.19,51.41,20.21,1.088,35678.8,181.1,B1380,0,0.54025,16,0,0,train
P09,HFP-3200,20,2025-09-23 21:06,S,PVAc_D4,Buche,12.36,25.0,2.328,60.1,2,11.18,6952.9,9.94,6.901,6.928,47.98,83.7,0.9194,79.82,951.5,17.81,10138.2,223785.4,23.18,33.25,53.8,20.55,0.741,35679.8,174.4,B9487,0,0.56442,15,0,0,train
P09,HFP-3200,21,2025-09-23 22:24,N,PUR,Esche,12.87,30.0,2.345,58.1,2,17.69,6963.1,5.18,6.924,6.955,48.21,84.88,0.9109,79.82,950.4,16.31,8654.2,232439.6,22.85,31.8,56.08,24.28,1.0228,35680.8,171.7,B5706,0,0.58563,14,0,0,train
P09,HFP-3200,22,2025-09-23 23:42,N,PUR,Fichte,11.27,38.0,2.186,72.2,3,17.96,6961.9,7.06,6.818,6.857,47.47,84.29,0.9031,75.24,1060.3,17.35,14399.3,246838.9,20.95,32.52,51.24,18.73,0.9664,35682.0,173.3,B7914,0,0.61988,13,0,0,train
P09,HFP-3200,23,2025-09-24 01:07,N,PVAc_D3,Esche,10.9,18.0,2.641,54.7,2,10.93,6953.8,8.35,6.816,6.838,47.4,83.05,0.9152,71.1,909.5,19.35,9960.0,256798.9,21.51,29.24,51.73,22.49,0.8487,35682.9,176.6,B3198,0,0.64485,12,0,0,train
P09,HFP-3200,24,2025-09-24 02:20,N,PVAc_D3,Buche,12.8,25.0,2.615,62.3,2,12.69,6998.8,8.4,6.913,6.936,48.38,85.39,0.9088,80.3,968.6,21.24,13088.7,269887.6,20.44,30.38,57.01,26.63,0.9344,35684.0,174.4,B9182,0,0.68227,11,0,0,train
P09,HFP-3200,25,2025-09-24 03:35,N,PUR,Fichte,11.13,30.0,2.458,67.2,3,17.88,6979.0,10.95,6.868,6.904,47.93,83.97,0.9155,85.63,919.7,15.98,12768.1,282655.7,20.04,30.65,55.58,24.93,0.8461,35685.1,172.6,B9585,0,0.71033,10,0,0,train
P09,HFP-3200,26,2025-09-24 05:03,N,PVAc_D4,Fichte,8.84,25.0,2.444,62.5,2,11.68,6966.5,11.01,6.7,6.738,46.68,82.3,0.9095,76.99,878.6,19.15,9107.9,291763.6,19.42,28.97,54.07,25.11,0.7175,35686.1,172.8,B9209,0,0.72997,9,0,0,train
P09,HFP-3200,27,2025-09-24 06:23,F,PUR,Buche,9.41,18.0,1.711,51.0,2,12.42,6977.2,7.77,6.727,6.756,46.94,82.29,0.9147,80.11,922.6,19.77,11167.2,302930.7,21.87,32.24,55.23,22.99,0.6431,35687.0,174.2,B9761,0,0.7585,8,0,0,train
P09,HFP-3200,28,2025-09-24 07:35,F,PVAc_D4,Esche,10.39,38.0,1.976,69.4,2,16.5,6963.6,9.81,6.749,6.776,47.0,81.75,0.922,80.11,889.5,17.31,8767.9,311698.6,22.07,32.76,57.44,24.68,1.0852,35688.1,177.8,B8404,0,0.78029,7,0,0,train
P09,HFP-3200,29,2025-09-24 08:59,F,PVAc_D3,Eiche,8.96,38.0,2.408,68.3,2,16.59,6967.7,9.76,6.7,6.739,46.68,82.87,0.9035,78.74,1052.6,19.38,12186.6,323885.2,22.47,31.92,56.36,24.44,0.9862,35689.3,175.0,B4687,0,0.81218,6,0,0,train
P09,HFP-3200,30,2025-09-24 10:29,F,PUR,Fichte,13.48,25.0,2.94,61.8,2,16.26,6986.9,5.63,7.001,7.041,48.91,85.97,0.9125,83.48,1003.7,19.66,12856.9,336742.1,22.57,30.12,55.48,25.37,0.8576,35690.3,190.3,B1559,0,0.84429,5,0,0,train
P09,HFP-3200,31,2025-09-24 11:51,F,PVAc_D4,Buche,11.12,38.0,2.295,66.6,2,14.78,6974.7,9.42,6.87,6.888,47.92,84.36,0.9109,75.1,1045.3,15.05,9611.2,346353.3,22.87,29.99,59.64,29.65,0.9611,35691.4,172.6,B7291,0,0.86713,4,1,0,train
P09,HFP-3200,32,2025-09-24 13:12,F,PUR,Fichte,12.89,18.0,2.116,51.4,2,12.02,6963.7,9.23,6.949,6.98,48.39,86.2,0.9003,81.72,1027.8,19.09,12423.9,358777.3,26.33,35.72,63.86,28.14,0.9981,35692.3,174.2,B2715,0,0.89849,3,1,0,train
P09,HFP-3200,33,2025-09-24 14:19,S,PVAc_D4,Eiche,8.56,30.0,2.385,64.9,3,15.04,6979.1,8.03,6.7,6.746,46.76,82.48,0.9092,76.0,917.8,17.55,13689.9,372467.2,25.31,34.79,64.34,29.55,1.2148,35693.3,189.1,B3541,0,0.93051,2,1,0,train
P09,HFP-3200,34,2025-09-24 15:42,S,PVAc_D3,Esche,10.78,22.0,2.778,55.8,3,13.68,6960.4,9.96,6.809,6.845,47.39,84.41,0.9004,83.57,997.7,19.34,17693.1,390160.3,22.92,30.48,57.18,26.7,0.8305,35694.3,188.5,B4428,0,0.96955,1,1,0,train
P09,HFP-3200,35,2025-09-24 16:59,S,PVAc_D3,Eiche,10.91,30.0,2.443,63.8,2,13.62,6967.8,6.49,6.787,6.818,47.29,83.93,0.9037,86.15,973.1,19.92,12293.8,402454.0,23.97,34.35,64.42,30.07,1.0588,35695.3,172.8,B5172,1,1.0,0,1,0,train
P10,HFP-2400,1,2025-01-20 01:00,N,PUR,Fichte,9.52,25.0,1.981,64.1,3,15.12,7019.6,10.37,6.7,6.706,47.03,82.41,0.9153,57.56,749.6,15.79,8226.9,8226.9,10.5,20.42,28.88,8.46,0.5653,8891.3,174.1,B8973,0,0.01418,53,0,0,train
P10,HFP-2400,2,2025-01-20 02:14,N,PVAc_D3,Fichte,11.43,30.0,2.147,64.9,2,13.27,7003.9,9.62,6.743,6.768,47.23,81.97,0.924,59.85,734.4,18.19,6348.7,14575.7,10.14,20.43,29.72,9.29,0.5754,8892.3,174.5,B9347,0,0.02459,52,0,0,train
P10,HFP-2400,3,2025-01-20 03:34,N,PVAc_D3,Buche,12.1,38.0,2.129,69.9,2,16.39,7026.4,9.7,6.852,6.904,48.15,83.51,0.9246,53.4,739.0,19.74,6473.9,21049.5,9.42,21.09,29.31,8.22,0.7986,8893.5,174.5,B3968,0,0.03627,51,0,0,train
P10,HFP-2400,4,2025-01-20 05:04,N,PUR,Eiche,11.22,25.0,2.518,66.5,2,15.67,7016.9,5.85,6.787,6.817,47.63,82.79,0.9226,58.46,764.3,17.95,6745.4,27795.0,11.52,22.94,28.43,5.49,0.7303,8894.6,180.9,B4319,0,0.04816,50,0,0,train
P10,HFP-2400,5,2025-01-20 06:23,F,PVAc_D4,Esche,12.17,22.0,2.076,53.0,3,10.78,7014.3,8.28,6.795,6.812,47.66,82.72,0.9241,51.24,785.0,17.47,9318.8,37113.8,9.96,19.59,28.97,9.37,0.5065,8895.5,179.7,B2939,0,0.06563,49,0,0,train
P10,HFP-2400,6,2025-01-20 07:28,F,PVAc_D4,Esche,10.57,38.0,1.976,75.0,3,15.11,6996.3,8.66,6.724,6.752,47.05,81.67,0.9238,53.17,729.6,17.17,8415.9,45529.7,10.66,22.56,31.88,9.32,0.5579,8896.7,170.8,B3402,0,0.0815,48,0,0,train
P10,HFP-2400,7,2025-01-20 08:57,F,PUR,Fichte,10.71,22.0,2.511,61.7,3,13.23,6994.9,12.79,6.73,6.751,47.07,81.88,0.9221,60.55,769.2,18.1,9889.0,55418.7,12.47,21.21,30.05,8.84,0.7478,8897.8,184.7,B4252,0,0.09689,47,0,0,train
P10,HFP-2400,8,2025-01-20 10:15,F,PUR,Fichte,8.64,22.0,1.96,56.3,3,15.02,6997.7,11.31,6.7,6.729,46.88,82.03,0.9167,55.46,822.2,16.79,9846.4,65265.1,12.81,24.85,34.22,9.36,0.5794,8898.7,173.9,B5761,0,0.11235,46,0,0,train
P10,HFP-2400,9,2025-01-20 11:28,F,PVAc_D4,Esche,8.25,18.0,2.343,54.3,2,12.25,7036.4,9.8,6.7,6.742,47.14,81.99,0.9222,68.24,833.6,17.49,7058.4,72323.4,12.68,23.33,29.28,5.95,0.4725,8899.6,193.9,B4307,0,0.12344,45,0,0,train
P10,HFP-2400,10,2025-01-20 12:43,F,PVAc_D4,Fichte,12.48,30.0,2.088,71.2,2,16.45,7011.0,8.7,6.768,6.781,47.45,83.17,0.9149,57.08,830.5,22.15,8434.1,80757.5,14.08,25.96,29.88,3.92,0.6804,8900.8,181.1,B7487,0,0.1404,44,0,0,train
P10,HFP-2400,11,2025-01-20 14:03,S,PVAc_D4,Fichte,9.93,22.0,1.936,58.4,2,14.02,7003.0,10.19,6.7,6.719,46.92,80.92,0.9299,59.09,841.1,19.45,8374.0,89131.5,14.83,26.49,35.66,9.17,0.5743,8901.8,182.5,B8494,0,0.15797,43,0,0,train
P10,HFP-2400,12,2025-01-20 15:13,S,PUR,Fichte,12.7,25.0,2.329,60.8,3,14.16,7016.0,11.84,6.938,6.973,48.68,85.0,0.9185,58.64,777.7,15.47,8589.5,97721.0,11.6,21.94,31.77,9.83,0.7494,8902.8,176.2,B5255,0,0.17295,42,0,0,train
P10,HFP-2400,13,2025-01-20 16:23,S,PVAc_D3,Fichte,12.71,18.0,2.033,50.9,2,10.53,7017.7,7.28,6.829,6.854,47.92,83.34,0.9222,54.02,779.5,15.82,6098.0,103819.0,15.74,25.7,41.04,15.34,0.5038,8903.6,173.6,B5578,0,0.18338,41,0,0,train
P10,HFP-2400,14,2025-01-20 17:26,S,PVAc_D4,Buche,8.94,25.0,2.476,58.1,2,12.48,7001.2,13.78,6.72,6.759,47.05,81.72,0.9234,61.16,823.3,17.62,7219.5,111038.4,13.65,23.18,30.51,7.33,0.652,8904.6,178.6,B7720,0,0.19702,40,0,0,train
P10,HFP-2400,15,2025-01-20 18:41,S,PVAc_D3,Esche,8.41,18.0,2.208,51.0,3,10.31,7008.1,12.66,6.7,6.729,46.95,82.52,0.9125,54.58,810.0,17.65,10064.6,121103.0,11.57,22.51,26.86,4.35,0.8048,8905.5,182.2,B3867,0,0.21514,39,0,0,train
P10,HFP-2400,16,2025-01-20 19:52,S,PUR,Fichte,11.29,22.0,2.376,55.8,2,14.51,7023.2,10.53,6.842,6.884,48.05,83.23,0.9259,64.93,809.7,16.66,7234.9,128337.9,12.4,22.89,29.73,6.84,0.6026,8906.4,193.5,B5411,0,0.22757,38,0,0,train
P10,HFP-2400,17,2025-01-20 21:07,S,PUR,Buche,11.48,25.0,2.261,64.3,2,15.81,7038.6,9.24,6.773,6.785,47.67,83.86,0.9116,67.65,853.7,19.35,8483.9,136821.8,11.74,23.72,32.85,9.13,0.7957,8907.5,182.1,B6610,0,0.24297,37,0,0,train
P10,HFP-2400,18,2025-01-20 22:21,N,PUR,Esche,10.31,18.0,1.946,52.4,3,14.33,6983.8,11.48,6.708,6.722,46.85,82.24,0.9135,65.12,835.9,17.49,10046.1,146867.9,11.32,22.35,27.49,5.14,0.8553,8908.3,173.0,B6338,0,0.26252,36,0,0,train
P10,HFP-2400,19,2025-01-20 23:33,N,PVAc_D3,Buche,11.46,25.0,1.987,58.2,2,14.85,7005.6,8.23,6.711,6.737,47.02,82.36,0.9155,66.76,804.6,14.63,6023.3,152891.1,11.24,23.52,29.03,5.51,0.5662,8909.3,191.1,B9296,0,0.27299,35,0,0,train
P10,HFP-2400,20,2025-01-21 00:43,N,PVAc_D4,Esche,11.07,25.0,2.715,63.0,3,11.72,6995.1,9.7,6.758,6.768,47.27,83.43,0.9086,60.05,784.9,16.86,9881.4,162772.5,9.58,20.17,20.28,0.11,0.5017,8910.4,173.5,B7786,0,0.29148,34,0,0,train
P10,HFP-2400,21,2025-01-21 01:56,N,PVAc_D4,Esche,9.61,38.0,2.095,62.3,3,11.98,6960.0,9.75,6.7,6.727,46.63,81.42,0.9185,63.66,787.0,16.84,9985.8,172758.3,9.19,18.34,31.47,13.13,0.8094,8911.4,180.7,B9628,0,0.31076,33,0,0,train
P10,HFP-2400,22,2025-01-21 03:12,N,PUR,Buche,10.42,38.0,2.225,71.6,3,19.77,7021.5,9.41,6.726,6.762,47.23,82.32,0.9201,65.49,838.1,16.38,10392.4,183150.7,11.61,21.95,32.69,10.73,0.6766,8912.6,193.6,B8902,0,0.33087,32,0,0,train
P10,HFP-2400,23,2025-01-21 04:43,N,PUR,Eiche,11.2,30.0,2.548,70.3,3,18.09,7007.1,6.87,6.774,6.811,47.47,83.83,0.9081,67.08,834.5,17.92,11415.6,194566.3,10.4,20.83,32.42,11.59,0.707,8913.8,181.8,B6833,0,0.35206,31,0,0,train
P10,HFP-2400,24,2025-01-21 06:07,F,PVAc_D4,Fichte,11.57,25.0,2.583,62.0,2,14.83,7022.7,10.78,6.839,6.854,48.03,84.58,0.9107,61.21,889.1,16.29,7126.0,201692.3,10.89,21.48,33.03,11.55,0.8147,8914.8,179.5,B9795,0,0.3651,30,0,0,train
P10,HFP-2400,25,2025-01-21 07:29,F,PVAc_D3,Eiche,10.01,25.0,2.166,63.7,3,14.78,6991.2,9.24,6.725,6.746,47.02,83.25,0.9057,59.67,762.6,17.44,10010.1,211702.4,11.47,21.22,27.81,6.59,0.8749,8915.9,173.1,B2719,0,0.38,29,0,0,train
P10,HFP-2400,26,2025-01-21 08:50,F,PVAc_D3,Esche,9.82,22.0,2.207,55.0,3,13.24,7023.9,12.37,6.704,6.754,47.08,82.51,0.9152,61.89,942.2,18.46,12798.0,224500.4,11.18,21.76,29.96,8.19,0.7632,8916.8,183.8,B2512,0,0.4077,28,0,0,train
P10,HFP-2400,27,2025-01-21 09:56,F,PUR,Esche,9.79,22.0,1.649,58.0,3,12.99,7019.3,9.32,6.7,6.701,47.03,82.52,0.914,61.46,822.6,18.43,11464.8,235965.2,12.17,24.07,34.78,10.71,0.7404,8917.7,176.1,B9244,0,0.42738,27,0,0,train
P10,HFP-2400,28,2025-01-21 11:10,F,PVAc_D4,Buche,10.2,38.0,1.955,70.0,2,14.16,7021.3,10.45,6.7,6.734,47.04,82.61,0.9132,62.33,871.9,13.9,6277.2,242242.4,14.45,25.33,26.6,1.27,0.6384,8918.9,179.5,B7499,0,0.43874,26,0,0,train
P10,HFP-2400,29,2025-01-21 12:37,F,PVAc_D3,Eiche,9.05,22.0,2.494,59.2,3,12.21,6971.7,10.26,6.7,6.734,46.71,82.78,0.9049,62.24,825.1,17.05,10159.5,252401.9,13.59,24.68,35.08,10.39,0.7436,8919.9,180.6,B5580,0,0.45536,25,0,0,train
P10,HFP-2400,30,2025-01-21 13:48,F,PVAc_D3,Esche,10.58,30.0,1.921,59.8,3,14.8,7001.3,6.67,6.716,6.739,47.02,81.91,0.9207,67.06,882.8,15.06,10687.4,263089.3,13.84,26.49,39.87,13.39,0.72,8920.9,177.7,B4093,0,0.47379,24,0,0,train
P10,HFP-2400,31,2025-01-21 15:00,S,PVAc_D4,Fichte,8.51,30.0,1.811,60.6,3,15.78,7000.0,9.63,6.7,6.711,46.9,83.24,0.9035,63.32,828.2,18.65,11831.8,274921.1,14.55,25.28,36.11,10.82,0.6096,8921.9,184.3,B7186,0,0.49149,23,0,0,train
P10,HFP-2400,32,2025-01-21 16:12,S,PVAc_D4,Fichte,12.59,18.0,2.794,60.3,2,9.88,7018.9,8.43,6.816,6.855,47.84,84.23,0.9109,63.86,873.7,21.05,9970.6,284891.7,14.3,25.04,35.13,10.09,0.8956,8922.9,175.9,B9089,0,0.51193,22,0,0,train
P10,HFP-2400,33,2025-01-21 17:21,S,PUR,Eiche,8.7,30.0,2.048,67.2,3,18.24,7000.3,8.02,6.7,6.739,46.9,82.05,0.9167,63.23,835.9,17.06,10591.9,295483.5,14.06,25.39,36.66,11.27,0.7129,8924.0,185.3,B1882,0,0.53234,21,0,0,train
P10,HFP-2400,34,2025-01-21 18:37,S,PVAc_D4,Fichte,11.56,38.0,2.35,73.8,3,17.13,7029.7,10.29,6.761,6.79,47.53,84.13,0.9061,68.77,892.3,18.47,13123.2,308606.7,13.8,23.19,34.71,11.52,0.9764,8925.3,176.3,B5882,0,0.55809,20,0,0,train
P10,HFP-2400,35,2025-01-21 20:07,S,PUR,Eiche,11.15,22.0,2.616,53.0,2,15.3,7005.3,9.37,6.78,6.811,47.5,83.81,0.909,63.09,837.4,19.53,8921.1,317527.9,12.28,22.78,31.46,8.67,0.7565,8926.1,183.5,B8999,0,0.57676,19,0,0,train
P10,HFP-2400,36,2025-01-21 21:09,S,PVAc_D3,Fichte,9.64,22.0,2.166,53.2,2,11.83,6996.8,9.15,6.71,6.722,46.95,81.91,0.9192,70.11,830.8,16.47,7340.4,324868.2,12.75,23.08,38.34,15.26,0.7892,8927.0,174.5,B6859,0,0.59073,18,0,0,train
P10,HFP-2400,37,2025-01-21 22:20,N,PVAc_D4,Eiche,10.04,30.0,2.942,65.8,3,12.8,7013.3,13.29,6.7,6.72,46.99,83.34,0.9042,70.66,841.3,19.35,12174.7,337043.0,10.98,21.46,32.25,10.78,0.6924,8928.1,174.3,B8824,0,0.61454,17,0,0,train
P10,HFP-2400,38,2025-01-21 23:40,N,PVAc_D3,Buche,11.85,22.0,2.152,59.4,3,11.87,7033.3,8.05,6.785,6.822,47.72,84.25,0.9085,69.66,912.7,17.88,13217.6,350260.5,10.82,21.92,35.28,13.36,0.7017,8929.1,176.9,B3712,0,0.64022,16,0,0,train
P10,HFP-2400,39,2025-01-22 00:54,N,PVAc_D3,Eiche,9.71,38.0,2.331,73.0,3,16.08,7011.7,6.39,6.7,6.729,46.98,82.56,0.9126,60.08,912.7,19.27,13332.7,363593.3,12.27,23.61,35.13,11.52,0.8696,8930.3,175.4,B4867,0,0.66517,15,0,0,train
P10,HFP-2400,40,2025-01-22 02:28,N,PVAc_D3,Esche,10.58,30.0,1.958,63.4,3,15.01,6993.1,10.8,6.7,6.741,46.85,82.57,0.91,71.14,866.8,18.3,12840.2,376433.4,9.16,21.25,32.38,11.13,0.8575,8931.4,180.5,B2137,0,0.68993,14,0,0,train
P10,HFP-2400,41,2025-01-22 03:43,N,PVAc_D4,Buche,11.88,38.0,2.552,72.3,3,17.02,7019.5,7.03,6.826,6.851,47.91,84.31,0.9114,63.45,915.2,19.82,14173.5,390606.9,9.78,21.63,38.15,16.52,0.7716,8932.6,183.1,B6888,0,0.71852,13,0,0,train
P10,HFP-2400,42,2025-01-22 05:08,N,PUR,Esche,7.8,25.0,1.924,58.9,2,14.39,6998.9,9.76,6.7,6.727,46.89,82.9,0.9072,69.03,994.4,20.63,10818.6,401425.5,9.68,21.89,36.94,15.05,0.9349,8933.6,191.1,B4197,0,0.74186,12,0,0,train
P10,HFP-2400,43,2025-01-22 06:17,F,PVAc_D4,Fichte,11.14,18.0,1.873,49.4,3,12.43,6994.9,10.28,6.7,6.736,46.87,82.67,0.9091,70.99,856.0,19.15,13060.5,414486.0,9.05,20.03,32.98,12.94,0.87,8934.4,167.7,B5969,0,0.77016,11,0,0,train
P10,HFP-2400,44,2025-01-22 07:17,F,PUR,Buche,9.56,30.0,2.508,66.8,2,16.56,7012.4,11.69,6.707,6.715,47.04,83.56,0.9028,69.7,895.6,18.03,8519.6,423005.6,11.12,22.77,35.18,12.41,0.664,8935.5,174.8,B8986,0,0.78589,10,0,0,train
P10,HFP-2400,45,2025-01-22 08:35,F,PUR,Buche,10.12,22.0,1.55,51.4,2,13.42,7011.8,9.64,6.7,6.701,46.98,83.48,0.9025,68.18,868.0,15.69,7418.6,430424.2,11.68,23.22,34.39,11.17,0.9667,8936.4,179.2,B1828,0,0.79841,9,0,0,train
P10,HFP-2400,46,2025-01-22 09:39,F,PVAc_D4,Esche,12.05,18.0,2.663,55.4,2,11.46,6999.8,8.66,6.8,6.826,47.6,83.82,0.9107,65.0,887.8,19.58,9676.8,440101.0,12.15,21.68,36.25,14.57,0.8605,8937.3,193.8,B7305,0,0.8201,8,0,0,train
P10,HFP-2400,47,2025-01-22 10:53,F,PVAc_D4,Buche,11.1,18.0,3.008,61.7,2,12.75,7019.3,10.35,6.836,6.864,47.99,85.59,0.8991,67.97,959.3,15.79,8513.9,448615.0,13.9,25.92,41.93,16.01,0.8204,8938.3,174.3,B8639,0,0.83703,7,0,0,train
P10,HFP-2400,48,2025-01-22 12:05,F,PUR,Buche,9.81,22.0,2.23,58.4,3,16.27,7019.9,6.64,6.7,6.736,47.03,82.96,0.9093,66.83,916.9,19.39,13296.7,461911.7,12.46,22.84,39.69,16.85,0.8122,8939.3,169.3,B6054,0,0.86248,6,0,0,train
P10,HFP-2400,49,2025-01-22 13:21,F,PUR,Esche,8.01,18.0,2.404,57.0,3,13.06,7027.0,8.67,6.7,6.733,47.08,83.19,0.9076,73.36,1000.7,17.24,13144.7,475056.4,13.51,24.22,40.19,15.98,0.7615,8940.2,182.2,B3092,0,0.89115,5,0,0,train
P10,HFP-2400,50,2025-01-22 14:32,S,PVAc_D4,Fichte,8.37,30.0,2.999,68.7,2,15.81,7009.8,8.66,6.7,6.716,46.97,83.63,0.9006,69.99,909.4,16.41,8209.0,483265.4,14.62,25.34,43.69,18.34,0.9687,8941.4,172.3,B3976,0,0.90579,4,1,0,train
P10,HFP-2400,51,2025-01-22 16:01,S,PUR,Esche,10.62,22.0,2.219,58.5,3,17.01,7012.4,5.14,6.745,6.789,47.3,83.44,0.9091,68.5,934.8,19.33,15060.0,498325.4,14.08,25.83,41.1,15.26,0.9453,8942.4,184.1,B5697,0,0.93964,3,1,0,train
P10,HFP-2400,52,2025-01-22 17:10,S,PVAc_D3,Fichte,7.8,38.0,2.264,69.5,3,15.83,7039.2,11.83,6.7,6.74,47.16,84.17,0.8986,72.29,954.8,18.47,15049.7,513375.1,13.87,23.74,43.99,20.25,1.0618,8943.5,182.1,B1869,0,0.9709,2,1,0,train
P10,HFP-2400,53,2025-01-22 18:39,S,PVAc_D4,Eiche,12.59,30.0,2.592,68.9,3,13.82,7030.3,9.73,6.844,6.866,48.11,86.51,0.8919,68.86,895.9,17.21,12966.7,526341.8,11.8,22.39,40.85,18.46,0.75,8944.7,165.3,B9785,0,0.995,1,1,0,train
P10,HFP-2400,54,2025-01-22 20:00,S,PUR,Buche,11.96,18.0,1.899,54.3,3,12.56,7020.9,5.92,6.805,6.835,47.78,85.61,0.8949,64.28,902.2,20.51,15111.6,541453.4,11.98,23.29,44.85,21.57,1.1831,8945.6,188.8,B2598,1,1.0,0,1,0,train
P11,HFP-3200,1,2025-05-01 17:00,S,PVAc_D3,Esche,12.51,18.0,2.297,50.0,2,9.67,6958.1,7.87,7.055,7.088,49.09,85.5,0.9208,57.68,916.2,18.19,9072.3,9072.3,24.08,34.56,41.54,6.98,0.3891,20955.1,176.7,B4690,0,0.02019,,,1,train
P11,HFP-3200,2,2025-05-01 17:59,S,PVAc_D3,Buche,7.8,38.0,2.235,68.4,3,13.83,6976.6,11.74,6.798,6.823,47.43,82.77,0.919,59.07,848.0,18.31,12297.5,21369.8,23.76,33.62,43.73,10.11,0.4359,20956.3,186.7,B9335,0,0.05109,,,1,train
P11,HFP-3200,3,2025-05-01 19:24,S,PVAc_D3,Eiche,7.87,38.0,2.092,68.9,3,16.84,7000.4,9.13,6.82,6.845,47.74,83.33,0.9188,55.16,944.3,19.65,15843.2,37213.0,23.85,33.22,43.05,9.83,0.5906,20957.4,172.5,B9853,0,0.09165,,,1,train
P11,HFP-3200,4,2025-05-01 20:43,S,PUR,Fichte,9.89,25.0,2.387,60.0,2,15.34,6959.7,6.45,6.925,6.947,48.19,82.57,0.936,56.87,915.8,20.48,10014.9,47227.9,22.05,33.46,41.94,8.48,0.5791,20958.4,180.8,B2158,0,0.11714,,,1,train
P11,HFP-3200,5,2025-05-01 21:57,S,PUR,Esche,9.26,38.0,2.392,75.0,3,17.77,6976.5,12.63,6.889,6.895,48.06,84.71,0.9099,55.86,913.7,19.74,14972.1,62200.0,22.85,31.21,41.06,9.85,0.5462,20959.7,176.2,B6381,0,0.15917,,,1,train
P11,HFP-3200,6,2025-05-01 23:20,N,PVAc_D4,Esche,9.57,22.0,2.214,58.0,2,13.27,6971.6,10.77,6.854,6.881,47.78,83.28,0.9202,59.5,922.6,17.99,9648.3,71848.3,19.79,28.96,38.08,9.12,0.8313,20960.6,179.4,B4808,0,0.18269,,,1,train
P11,HFP-3200,7,2025-05-02 00:35,N,PVAc_D3,Buche,11.04,18.0,2.178,54.3,2,12.51,6982.5,10.31,7.039,7.092,49.15,85.59,0.921,61.23,927.5,14.57,7537.8,79386.1,19.36,27.14,39.28,12.14,0.6761,20961.5,179.1,B1171,0,0.1995,,,1,train
P11,HFP-3200,8,2025-05-02 01:44,N,PUR,Buche,11.25,25.0,1.96,61.6,2,15.45,7000.1,13.89,6.951,6.971,48.66,85.11,0.9169,65.84,956.1,16.77,9260.5,88646.6,19.14,28.24,43.4,15.16,0.6917,20962.6,185.0,B8918,0,0.22118,,,1,train
P11,HFP-3200,9,2025-05-02 02:59,N,PVAc_D4,Buche,10.86,38.0,1.993,73.2,2,16.74,6981.8,10.35,6.949,6.981,48.51,84.74,0.9182,62.39,865.0,18.7,9191.2,97837.8,19.0,28.83,37.46,8.63,0.6081,20963.8,185.1,B9126,0,0.24431,,,1,train
P11,HFP-3200,10,2025-05-02 04:22,N,PUR,Esche,12.22,38.0,2.381,75.0,2,17.72,6999.1,8.73,7.085,7.104,49.59,86.83,0.9159,59.0,911.3,18.08,8760.7,106598.5,18.08,27.3,41.47,14.17,0.5347,20965.0,187.2,B4274,0,0.26367,,,1,train
P11,HFP-3200,11,2025-05-02 05:52,N,PVAc_D4,Buche,12.01,30.0,2.278,66.8,2,15.18,6969.6,6.88,7.007,7.033,48.83,85.82,0.9126,67.24,927.9,18.16,9248.2,115846.7,17.97,28.18,40.29,12.11,0.7079,20966.1,188.2,B3459,0,0.28438,,,1,train
P11,HFP-3200,12,2025-05-02 07:19,F,PVAc_D4,Fichte,9.97,25.0,1.992,59.4,2,13.44,6977.1,9.01,6.915,6.953,48.25,84.41,0.9167,65.59,990.0,19.23,11324.7,127171.4,18.91,28.92,39.55,10.62,0.6177,20967.1,180.3,B4076,0,0.31279,,,1,train
P11,HFP-3200,13,2025-05-02 08:33,F,PVAc_D3,Buche,12.91,22.0,2.463,58.0,2,14.19,6973.6,4.99,7.088,7.12,49.43,86.21,0.9196,58.8,899.8,16.27,8518.2,135689.6,20.32,29.69,39.55,9.86,0.4197,20968.1,186.5,B8149,0,0.33349,,,1,train
P11,HFP-3200,14,2025-05-02 09:43,F,PUR,Fichte,11.39,18.0,2.372,62.8,2,13.95,6983.4,9.56,6.996,7.027,48.86,85.88,0.9124,73.49,855.4,15.04,7084.7,142774.3,21.47,30.11,43.99,13.88,0.8717,20969.2,190.5,B3145,0,0.34903,,,1,train
P11,HFP-3200,15,2025-05-02 11:07,F,PVAc_D3,Esche,10.61,25.0,1.904,57.6,2,12.62,6940.7,10.48,6.938,6.965,48.15,84.65,0.9123,63.1,982.1,20.85,11484.0,154258.3,24.12,33.22,44.68,11.47,0.7605,20970.1,175.2,B9770,0,0.37982,,,1,train
P11,HFP-3200,16,2025-05-02 12:18,F,PUR,Esche,12.38,18.0,2.46,59.1,2,14.25,6965.0,11.67,7.083,7.101,49.33,87.55,0.9037,69.09,908.3,19.65,9182.1,163440.3,22.43,31.7,45.43,13.73,0.7801,20971.1,173.0,B5936,0,0.40213,,,1,train
P11,HFP-3200,17,2025-05-02 13:28,F,PVAc_D3,Buche,8.83,25.0,2.864,60.3,2,11.47,6958.5,10.32,6.817,6.863,47.43,83.57,0.9103,62.4,896.0,15.91,8280.1,171720.4,23.0,31.09,44.5,13.4,0.6903,20972.1,167.6,B2333,0,0.42152,,,1,train
P11,HFP-3200,18,2025-05-02 14:39,S,PVAc_D3,Eiche,11.01,38.0,2.188,68.8,3,14.58,6992.8,6.7,6.995,7.001,48.92,84.69,0.9264,65.03,904.1,19.67,14630.3,186350.7,25.43,34.17,47.18,13.02,0.8205,20973.2,173.0,B5139,0,0.45818,,,1,train
P11,HFP-3200,19,2025-05-02 16:07,S,PVAc_D4,Buche,11.08,18.0,2.766,59.4,2,11.68,6979.4,8.22,7.039,7.057,49.13,86.27,0.9133,59.61,1002.6,18.06,9824.0,196174.7,23.73,33.13,45.49,12.36,0.7896,20974.2,169.6,B2116,0,0.48193,,,1,train
P11,HFP-3200,20,2025-05-02 17:27,S,PUR,Buche,9.01,22.0,2.833,64.3,2,16.97,6958.8,7.75,6.909,6.962,48.08,84.31,0.9146,62.5,992.7,16.92,10071.0,206245.6,24.32,34.53,44.34,9.81,0.7193,20975.3,189.2,B7158,0,0.50746,,,1,train
P11,HFP-3200,21,2025-05-02 18:45,S,PUR,Fichte,9.16,18.0,2.094,57.4,2,14.44,6981.3,9.33,6.814,6.845,47.57,83.32,0.9156,66.23,977.5,22.3,13400.7,219646.3,23.75,33.01,46.37,13.36,0.7293,20976.3,180.7,B6714,0,0.54631,,,1,train
P11,HFP-3200,22,2025-05-02 19:51,S,PVAc_D4,Esche,11.74,38.0,2.297,65.6,3,13.99,6983.3,4.95,7.0,7.02,48.88,85.7,0.9148,65.15,932.5,18.22,14757.7,234404.1,22.85,32.59,45.6,13.01,0.9011,20977.4,183.1,B4377,0,0.58319,,,1,train
P11,HFP-3200,23,2025-05-02 21:17,S,PVAc_D3,Esche,12.36,25.0,1.901,57.3,2,13.58,7003.7,10.76,7.046,7.081,49.35,86.46,0.9153,73.08,1010.0,20.43,13407.7,247811.7,21.72,31.82,47.08,15.26,0.6792,20978.3,178.8,B6259,0,0.61926,,,1,train
P11,HFP-3200,24,2025-05-02 22:23,N,PUR,Eiche,8.94,18.0,2.678,54.8,2,14.83,6947.6,11.97,6.882,6.904,47.81,83.4,0.9195,61.1,973.5,14.79,8713.7,256525.5,21.47,31.12,47.95,16.83,0.8686,20979.2,169.4,B1880,0,0.63929,,,1,train
P11,HFP-3200,25,2025-05-02 23:35,N,PUR,Buche,10.51,30.0,1.906,60.4,3,16.08,7005.4,10.42,6.898,6.919,48.32,84.07,0.9218,62.49,968.9,14.48,12854.4,269379.9,20.94,31.73,44.05,12.32,0.9228,20980.2,180.8,B5637,0,0.67213,,,1,train
P11,HFP-3200,26,2025-05-03 00:50,N,PUR,Esche,9.16,38.0,2.212,71.8,2,16.62,6987.8,12.31,6.858,6.882,47.92,86.19,0.8917,70.39,909.4,19.41,10321.6,279701.5,20.36,28.52,44.73,16.2,0.664,20981.4,161.0,B3264,0,0.69592,,,1,train
P11,HFP-3200,27,2025-05-03 02:11,N,PUR,Eiche,11.07,38.0,2.135,74.0,3,19.06,6955.4,11.34,7.034,7.068,48.93,85.78,0.9147,61.66,980.4,18.97,16612.3,296313.8,19.24,28.92,41.8,12.88,1.0764,20982.7,165.8,B1232,0,0.73778,,,1,train
P11,HFP-3200,28,2025-05-03 03:42,N,PVAc_D4,Buche,8.7,18.0,2.353,58.7,2,10.46,6980.5,7.71,6.86,6.892,47.89,84.8,0.9057,68.16,917.8,20.36,11293.5,307607.2,19.6,32.02,49.45,17.43,0.9282,20983.6,176.8,B8503,0,0.76545,,,1,train
P11,HFP-3200,29,2025-05-03 04:49,N,PVAc_D4,Eiche,14.0,30.0,2.014,64.5,2,14.87,6962.9,11.79,7.057,7.075,49.14,85.82,0.9183,65.87,925.9,17.48,9733.8,317341.0,18.68,27.34,46.87,19.53,0.8792,20984.7,159.4,B2129,0,0.78832,,,1,train
P12,HFP-2400,1,2025-04-06 00:00,N,PVAc_D3,Fichte,9.91,38.0,2.291,66.9,2,16.04,7004.3,3.84,6.747,6.782,47.26,82.83,0.915,50.83,743.5,18.64,6605.3,6605.3,16.92,28.55,41.54,12.99,0.7105,14290.0,173.6,B6679,0,0.01468,43,0,0,train
P12,HFP-2400,2,2025-04-06 01:22,N,PVAc_D4,Eiche,12.09,22.0,2.357,55.6,2,11.44,7017.2,10.01,6.906,6.93,48.46,84.34,0.9215,48.0,745.8,19.81,7136.9,13742.2,17.44,29.73,37.44,7.71,0.6474,14290.9,181.1,B4920,0,0.03486,42,0,0,train
P12,HFP-2400,3,2025-04-06 02:31,N,PVAc_D4,Eiche,10.19,25.0,2.361,63.0,2,10.95,7028.0,12.0,6.804,6.843,47.82,83.55,0.9178,52.64,708.3,18.09,5549.3,19291.5,18.57,30.06,36.03,5.97,0.8885,14292.0,167.4,B8995,0,0.04951,41,0,0,train
P12,HFP-2400,4,2025-04-06 03:43,N,PVAc_D4,Fichte,9.68,22.0,2.643,59.2,2,12.46,7026.4,14.1,6.837,6.864,48.04,82.91,0.9291,48.98,761.9,19.83,6910.5,26202.0,15.32,27.0,30.59,3.59,0.9254,14292.9,189.6,B4139,0,0.06619,40,0,0,train
P12,HFP-2400,5,2025-04-06 04:56,N,PVAc_D3,Fichte,9.16,18.0,2.543,51.4,2,11.9,7047.5,8.88,6.819,6.834,48.06,83.4,0.9242,52.03,673.2,21.65,6482.7,32684.7,16.98,28.0,36.79,8.79,0.8091,14293.8,170.6,B9623,0,0.08099,39,0,0,train
P12,HFP-2400,6,2025-04-06 06:07,F,PUR,Eiche,11.01,30.0,1.996,66.3,2,15.87,7017.3,7.86,6.818,6.844,47.85,83.18,0.9225,50.47,826.4,22.32,8865.8,41550.5,16.82,26.05,34.26,8.21,0.9179,14294.9,171.5,B2621,0,0.10537,38,0,0,train
P12,HFP-2400,7,2025-04-06 07:29,F,PVAc_D4,Fichte,10.06,18.0,1.964,47.5,2,11.21,6993.2,12.76,6.743,6.764,47.16,81.77,0.9249,52.09,726.5,19.15,6303.2,47853.7,16.23,27.98,37.37,9.39,0.6607,14295.7,178.2,B5449,0,0.12037,37,0,0,train
P12,HFP-2400,8,2025-04-06 08:26,F,PUR,Fichte,8.48,25.0,2.15,60.1,3,15.31,7019.6,9.71,6.7,6.732,47.03,81.75,0.9226,48.67,738.3,18.66,9542.2,57395.9,16.91,25.53,32.06,6.53,0.9064,14296.7,181.4,B9222,0,0.14467,36,0,0,train
P12,HFP-2400,9,2025-04-06 09:41,F,PVAc_D4,Eiche,10.64,38.0,2.92,70.7,3,16.61,7029.1,11.52,6.918,6.955,48.63,85.33,0.914,50.32,755.0,18.3,9420.4,66816.3,17.81,27.14,37.31,10.17,0.5248,14297.9,185.9,B1034,0,0.16749,35,0,0,train
P12,HFP-2400,10,2025-04-06 11:10,F,PUR,Eiche,11.65,38.0,2.125,73.9,3,17.36,7034.9,4.01,6.848,6.857,48.18,83.13,0.9294,46.57,738.7,19.87,10340.0,77156.3,19.81,29.06,39.99,10.93,1.0227,14299.1,180.5,B3821,0,0.19156,34,0,0,train
P12,HFP-2400,11,2025-04-06 12:35,F,PVAc_D3,Esche,8.9,38.0,2.732,75.0,3,14.96,7025.4,7.7,6.75,6.813,47.42,83.73,0.9083,52.03,805.5,20.41,10781.1,87937.4,19.28,30.75,37.36,6.61,0.7485,14300.4,169.6,B3468,0,0.22317,33,0,0,train
P12,HFP-2400,12,2025-04-06 14:04,S,PVAc_D4,Esche,9.17,25.0,2.171,56.9,2,12.64,6983.4,11.54,6.723,6.737,46.95,82.0,0.9182,57.43,747.8,15.36,4925.1,92862.5,20.46,31.19,40.24,9.05,0.5899,14301.3,185.4,B8151,0,0.23599,32,0,0,train
P12,HFP-2400,13,2025-04-06 15:16,S,PUR,Fichte,10.95,25.0,2.447,62.0,3,14.34,7015.8,6.87,6.938,6.976,48.67,84.59,0.9228,47.42,776.3,18.65,9794.8,102657.3,21.3,33.34,39.16,5.82,0.7882,14302.3,185.0,B3159,0,0.26259,31,0,0,train
P12,HFP-2400,14,2025-04-06 16:34,S,PUR,Buche,11.17,18.0,2.48,57.8,2,14.94,7016.7,11.7,6.927,6.957,48.61,84.47,0.9229,43.54,772.9,21.49,7831.1,110488.4,20.61,30.59,41.62,11.03,1.0003,14303.3,188.1,B1659,0,0.28402,30,0,0,train
P12,HFP-2400,15,2025-04-06 17:48,S,PVAc_D3,Esche,8.86,25.0,2.449,60.9,2,13.5,7024.5,8.45,6.751,6.771,47.42,82.56,0.9212,51.05,865.2,17.46,6986.9,117475.3,21.38,31.12,47.93,16.81,1.0222,14304.3,184.2,B5611,0,0.29892,29,0,0,train
P12,HFP-2400,16,2025-04-06 19:07,S,PVAc_D4,Eiche,9.26,22.0,2.304,57.4,3,10.87,7010.8,10.68,6.763,6.788,47.41,82.65,0.92,48.69,772.9,16.2,8973.8,126449.1,19.62,30.18,42.96,12.78,0.8523,14305.3,179.4,B2703,0,0.32263,28,0,0,train
P12,HFP-2400,17,2025-04-06 20:17,S,PVAc_D4,Buche,9.97,30.0,2.494,64.4,2,14.68,7013.9,11.99,6.785,6.808,47.59,83.07,0.9187,54.98,816.0,17.0,7401.9,133851.0,18.04,29.08,42.5,13.42,0.8334,14306.4,176.0,B9735,0,0.34098,27,0,0,train
P12,HFP-2400,18,2025-04-06 21:41,S,PUR,Esche,11.62,18.0,2.199,55.0,2,13.43,7042.5,6.49,6.896,6.922,48.57,85.6,0.9099,53.07,707.7,18.96,6294.9,140145.9,17.69,26.18,38.13,11.94,0.9726,14307.3,184.5,B1117,0,0.35719,26,0,0,train
P12,HFP-2400,19,2025-04-06 22:52,N,PVAc_D4,Buche,11.39,22.0,1.592,55.2,3,9.6,7019.5,11.15,6.88,6.929,48.29,84.62,0.9153,51.44,769.3,17.69,9577.0,149722.9,18.88,29.15,44.32,15.16,0.6725,14308.2,180.8,B9734,0,0.38064,25,0,0,train
P12,HFP-2400,20,2025-04-06 23:56,N,PVAc_D3,Eiche,10.56,18.0,1.713,52.3,2,11.44,7007.2,12.55,6.775,6.805,47.48,83.45,0.9124,52.65,832.0,19.64,8099.0,157821.8,17.83,27.92,38.2,10.28,1.2009,14309.1,172.5,B4352,0,0.40331,24,0,0,train
P12,HFP-2400,21,2025-04-07 01:05,N,PUR,Eiche,10.92,18.0,1.9,58.9,2,14.39,7042.4,9.09,6.873,6.885,48.4,84.94,0.9139,51.56,819.3,17.4,7170.3,164992.1,16.33,25.86,42.07,16.21,0.9394,14310.0,192.7,B7865,0,0.42146,23,0,0,train
P12,HFP-2400,22,2025-04-07 02:20,N,PUR,Buche,9.64,18.0,2.436,57.3,2,14.05,7022.7,12.66,6.786,6.807,47.66,84.69,0.9024,53.65,782.6,15.33,5372.8,170364.9,16.68,29.17,36.34,7.17,0.8989,14311.0,170.3,B8404,0,0.43493,22,0,0,train
P12,HFP-2400,23,2025-04-07 03:39,N,PVAc_D4,Buche,12.38,25.0,2.511,57.1,2,13.76,7024.9,6.9,6.886,6.919,48.37,84.81,0.9147,47.73,845.2,17.88,7533.1,177898.1,16.44,26.29,39.21,12.92,1.0063,14311.9,169.2,B4501,0,0.45532,21,0,0,train
P12,HFP-2400,24,2025-04-07 04:56,N,PVAc_D4,Eiche,9.34,25.0,2.516,62.3,3,12.92,7008.8,6.39,6.758,6.769,47.36,83.64,0.9081,56.22,766.4,18.08,9731.8,187629.8,14.95,24.51,34.39,9.88,1.0533,14313.0,170.6,B3402,0,0.48249,20,0,0,train
P12,HFP-2400,25,2025-04-07 06:17,F,PUR,Eiche,8.72,38.0,2.651,75.0,2,20.84,7008.5,14.71,6.812,6.838,47.74,82.67,0.9262,59.56,788.2,20.02,7673.0,195302.8,16.94,29.04,37.6,8.56,0.9268,14314.2,171.7,B7329,0,0.50115,19,0,0,train
P12,HFP-2400,26,2025-04-07 07:51,F,PVAc_D3,Eiche,10.38,18.0,1.975,51.1,2,10.08,7004.6,8.11,6.782,6.825,47.51,83.42,0.9133,52.71,888.2,18.23,8150.1,203453.0,17.41,26.16,37.81,11.65,0.9083,14315.1,171.8,B1785,0,0.5251,18,0,0,train
P12,HFP-2400,27,2025-04-07 09:01,F,PVAc_D4,Eiche,12.68,22.0,2.427,54.2,2,12.66,7027.1,10.74,6.99,7.017,49.12,85.93,0.9166,54.49,902.6,17.56,7802.2,211255.2,18.62,29.98,40.76,10.78,1.0967,14316.0,174.9,B4080,0,0.54804,17,0,0,train
P12,HFP-2400,28,2025-04-07 10:17,F,PVAc_D4,Fichte,10.27,18.0,2.307,55.4,3,9.56,7020.6,10.0,6.771,6.79,47.53,83.67,0.9111,54.43,836.9,21.09,13620.6,224875.8,18.0,28.01,40.04,12.04,1.1591,14316.9,184.5,B7369,0,0.58675,16,0,0,train
P12,HFP-2400,29,2025-04-07 11:32,F,PVAc_D4,Esche,9.51,30.0,1.874,56.1,2,11.24,7041.9,5.6,6.718,6.753,47.31,83.84,0.905,50.27,758.8,18.79,6885.7,231761.5,20.39,31.44,43.85,12.41,0.6397,14317.9,167.1,B8553,0,0.60695,15,0,0,train
P12,HFP-2400,30,2025-04-07 12:38,F,PUR,Buche,7.8,38.0,2.304,75.0,3,19.07,7008.3,8.32,6.7,6.719,46.96,82.94,0.908,58.95,775.4,18.09,10505.8,242267.3,19.85,29.34,43.04,13.69,0.9804,14319.1,168.4,B2917,0,0.63445,14,0,0,train
P12,HFP-2400,31,2025-04-07 14:11,S,PVAc_D4,Buche,10.64,30.0,1.985,64.7,3,13.1,7017.4,11.35,6.829,6.891,47.92,85.46,0.8993,54.49,811.8,15.87,9946.8,252214.0,21.08,30.65,44.81,14.16,1.1423,14320.2,167.5,B9419,0,0.65763,13,0,0,train
P12,HFP-2400,32,2025-04-07 15:32,S,PVAc_D4,Eiche,9.07,18.0,2.094,51.2,3,9.43,7025.4,8.91,6.7,6.719,47.07,82.7,0.9128,54.11,859.3,15.2,9280.3,261494.3,18.83,29.09,44.65,15.55,0.8819,14321.0,164.7,B2007,0,0.68103,12,0,0,train
P12,HFP-2400,33,2025-04-07 16:40,S,PVAc_D3,Eiche,10.03,18.0,1.962,53.7,2,10.46,7006.4,11.84,6.789,6.81,47.57,83.03,0.9187,58.46,829.0,16.43,7201.8,268696.1,21.62,31.61,48.13,16.52,0.9157,14321.9,180.5,B3534,0,0.69903,11,0,0,train
P12,HFP-2400,34,2025-04-07 17:46,S,PVAc_D3,Buche,11.58,38.0,2.622,69.2,3,15.35,6978.2,10.03,6.918,6.958,48.28,85.43,0.9062,57.61,864.8,14.63,9735.8,278432.0,20.85,30.52,44.03,13.52,0.8867,14323.1,173.2,B5822,0,0.72559,10,0,0,train
P12,HFP-2400,35,2025-04-07 19:12,S,PVAc_D3,Buche,9.94,30.0,2.243,60.0,2,13.09,7038.9,5.58,6.787,6.826,47.77,84.8,0.9035,63.55,774.9,16.74,6456.8,284888.7,17.91,28.87,39.84,10.96,1.0025,14324.1,177.0,B4536,0,0.74261,9,0,0,train
P12,HFP-2400,36,2025-04-07 20:33,S,PVAc_D3,Buche,9.7,18.0,2.31,49.2,2,9.79,7049.8,12.45,6.77,6.809,47.73,83.74,0.9141,52.72,860.6,18.46,8133.1,293021.8,21.21,31.37,49.08,17.71,0.6346,14324.9,160.5,B1089,0,0.76477,8,0,0,train
P12,HFP-2400,37,2025-04-07 21:39,S,PVAc_D4,Eiche,10.45,30.0,2.583,64.7,3,15.05,6999.5,7.53,6.816,6.838,47.71,84.47,0.9058,63.5,864.4,20.36,13844.2,306866.0,17.37,28.2,42.0,13.8,0.9312,14326.0,175.5,B2324,0,0.8092,7,0,0,train
P12,HFP-2400,38,2025-04-07 23:01,N,PUR,Eiche,10.94,38.0,2.5,75.0,3,18.33,7017.4,8.89,6.88,6.89,48.28,85.54,0.9052,57.19,886.5,16.87,11302.8,318168.8,18.29,29.92,50.44,20.52,1.0893,14327.2,181.5,B1101,0,0.84058,6,0,0,train
P12,HFP-2400,39,2025-04-08 00:30,N,PVAc_D3,Buche,9.6,18.0,2.873,55.3,2,11.1,7013.6,14.21,6.779,6.802,47.55,84.28,0.9048,59.15,891.0,17.82,8362.3,326531.1,17.76,29.81,46.6,16.79,0.9682,14328.2,179.9,B6782,0,0.86333,5,0,0,train
P12,HFP-2400,40,2025-04-08 01:42,N,PUR,Buche,9.21,38.0,2.44,75.0,3,19.13,7033.0,10.33,6.859,6.894,48.24,85.61,0.9037,52.1,910.5,19.24,14402.5,340933.5,16.81,27.15,46.85,19.7,0.9483,14329.4,183.4,B1025,0,0.91286,4,1,0,train
P12,HFP-2400,41,2025-04-08 03:06,N,PUR,Buche,10.01,30.0,2.359,66.8,3,17.69,7026.4,10.15,6.823,6.87,47.94,84.37,0.9113,54.08,909.6,18.09,13360.2,354293.7,15.89,26.29,48.43,22.14,1.0444,14330.5,176.2,B2451,0,0.95312,3,1,0,train
P12,HFP-2400,42,2025-04-08 04:24,N,PVAc_D4,Buche,9.79,25.0,2.223,58.9,2,13.84,7011.8,6.45,6.823,6.834,47.84,84.12,0.9121,63.08,818.9,16.48,6839.9,361133.6,16.54,24.54,46.21,21.68,0.9322,14331.5,166.7,B9267,0,0.97362,2,1,0,train
P12,HFP-2400,43,2025-04-08 05:42,N,PVAc_D4,Esche,9.72,22.0,2.182,61.5,2,11.52,6989.6,12.0,6.79,6.829,47.46,83.67,0.9097,64.92,874.3,17.31,7743.2,368876.8,15.85,26.19,47.67,21.47,1.0678,14332.5,183.5,B5402,0,0.99698,1,1,0,train
P12,HFP-2400,44,2025-04-08 06:54,F,PUR,Eiche,8.91,30.0,2.078,63.6,3,17.44,7013.5,8.46,6.729,6.745,47.19,83.86,0.9025,55.07,817.7,18.89,12258.2,381135.0,17.26,27.02,50.21,23.19,1.2914,14333.6,188.1,B9108,1,1.0,0,1,0,train
P13,HFP-3200,1,2025-06-08 20:00,S,PUR,Fichte,11.22,18.0,2.225,52.4,2,13.8,7018.5,9.66,6.968,6.989,48.91,84.84,0.9245,62.45,799.8,21.68,9102.1,9102.1,25.87,37.33,49.13,11.79,0.5957,16946.0,185.3,B5078,0,0.02486,35,0,0,train
P13,HFP-3200,2,2025-06-08 21:04,S,PVAc_D4,Buche,10.85,18.0,2.24,54.9,2,12.86,6975.8,13.04,6.876,6.896,47.96,83.0,0.9268,60.33,869.7,19.02,8915.9,18018.0,25.65,37.01,55.51,18.5,0.7285,16946.9,186.1,B5383,0,0.05074,34,0,0,train
P13,HFP-3200,3,2025-06-08 22:10,N,PVAc_D3,Buche,9.26,18.0,2.985,59.3,2,12.56,7024.4,10.84,6.791,6.838,47.7,83.85,0.9123,62.53,921.2,16.47,8424.2,26442.2,24.91,35.85,48.23,12.39,0.6499,16947.9,187.0,B1927,0,0.07331,33,0,0,train
P13,HFP-3200,4,2025-06-08 23:21,N,PVAc_D3,Esche,11.94,25.0,2.399,62.6,2,14.75,6999.5,9.27,6.943,6.988,48.6,84.53,0.922,61.14,835.9,21.05,9337.6,35779.8,24.72,38.06,50.56,12.5,0.4243,16948.9,178.3,B5747,0,0.10052,32,0,0,train
P13,HFP-3200,5,2025-06-09 00:41,N,PVAc_D3,Fichte,9.82,38.0,2.592,73.9,3,17.74,6996.4,9.49,6.846,6.886,47.89,83.51,0.9197,64.64,879.9,16.57,12406.6,48186.4,23.26,35.37,45.33,9.97,0.6237,16950.2,187.8,B1210,0,0.1337,31,0,0,train
P13,HFP-3200,6,2025-06-09 02:11,N,PVAc_D3,Buche,11.08,22.0,2.503,63.3,2,12.62,6993.8,9.6,6.913,6.96,48.35,83.87,0.9245,56.21,918.1,18.87,9753.4,57939.8,24.13,35.28,45.82,10.53,0.4386,16951.2,177.7,B1794,0,0.16665,30,0,0,train
P13,HFP-3200,7,2025-06-09 03:29,N,PUR,Fichte,11.17,22.0,2.365,65.5,2,14.53,6999.4,13.34,6.933,6.983,48.53,84.97,0.9159,62.82,897.3,17.29,8568.4,66508.1,24.68,35.48,45.98,10.5,0.4175,16952.3,170.6,B9707,0,0.1928,29,0,0,train
P13,HFP-3200,8,2025-06-09 04:52,N,PVAc_D3,Fichte,10.48,38.0,2.771,71.8,2,15.83,7005.9,9.43,6.877,6.917,48.18,84.05,0.9193,63.67,958.4,16.44,8773.9,75282.1,22.21,34.19,47.78,13.59,0.6269,16953.5,185.1,B5699,0,0.21677,28,0,0,train
P13,HFP-3200,9,2025-06-09 06:16,F,PVAc_D3,Fichte,10.94,38.0,2.111,67.3,2,16.19,7013.0,9.47,6.872,6.899,48.2,83.34,0.9275,67.07,828.2,17.99,7989.9,83272.0,23.44,35.92,49.06,13.14,0.4119,16954.6,184.3,B6584,0,0.23886,27,0,0,train
P13,HFP-3200,10,2025-06-09 07:40,F,PUR,Eiche,9.4,25.0,1.92,61.5,2,15.33,6993.4,11.37,6.786,6.818,47.46,82.7,0.9203,64.38,952.4,19.09,9553.1,92825.1,24.66,34.35,46.76,12.41,0.6112,16955.7,181.6,B4889,0,0.26672,26,0,0,train
P13,HFP-3200,11,2025-06-09 09:01,F,PVAc_D3,Eiche,10.51,25.0,2.478,56.0,2,14.09,7010.0,9.71,6.841,6.903,47.95,83.55,0.9205,69.77,908.9,14.55,6962.4,99787.5,23.71,36.18,52.45,16.27,0.5006,16956.6,171.9,B1842,0,0.28501,25,0,0,train
P13,HFP-3200,12,2025-06-09 10:13,F,PUR,Esche,12.54,25.0,1.973,60.8,2,18.47,6994.9,12.9,6.963,6.994,48.71,85.25,0.9162,65.82,899.8,17.69,8575.0,108362.5,26.4,36.9,49.16,12.26,0.4904,16957.6,177.2,B3979,0,0.30908,24,0,0,train
P13,HFP-3200,13,2025-06-09 11:30,F,PVAc_D3,Fichte,10.69,38.0,1.631,64.1,2,15.05,7009.3,12.34,6.826,6.85,47.85,82.96,0.925,65.17,831.5,17.89,8212.4,116574.9,26.17,37.01,52.53,15.52,0.5875,16958.7,183.7,B2503,0,0.33292,23,0,0,train
P13,HFP-3200,14,2025-06-09 12:43,F,PVAc_D4,Buche,10.26,22.0,2.951,57.0,2,12.72,7010.3,10.46,6.877,6.897,48.21,84.62,0.9137,65.78,947.6,19.78,10368.4,126943.4,27.49,39.7,53.11,13.41,0.7489,16959.6,190.0,B4218,0,0.3611,22,0,0,train
P13,HFP-3200,15,2025-06-09 13:55,F,PVAc_D4,Buche,11.07,18.0,2.577,54.5,2,12.22,7027.1,6.16,6.921,6.938,48.64,85.46,0.9127,71.34,969.2,21.15,11533.3,138476.6,27.7,39.38,50.9,11.52,0.6052,16960.5,167.9,B4804,0,0.39989,21,0,0,train
P13,HFP-3200,16,2025-06-09 15:07,S,PVAc_D3,Eiche,9.53,22.0,1.868,50.4,2,14.31,7022.3,6.29,6.792,6.821,47.69,83.89,0.9118,67.07,873.5,16.12,7900.8,146377.5,26.94,37.79,51.9,14.1,0.6751,16961.4,181.5,B4140,0,0.41983,20,0,0,train
P13,HFP-3200,17,2025-06-09 16:13,S,PVAc_D4,Eiche,10.62,18.0,2.524,53.4,2,12.67,7001.4,16.88,6.844,6.876,47.92,84.57,0.9087,71.03,948.2,18.7,9493.1,155870.6,27.54,39.4,52.57,13.17,0.5544,16962.3,174.7,B4111,0,0.44361,19,0,0,train
P13,HFP-3200,18,2025-06-09 17:27,S,PVAc_D4,Buche,11.65,38.0,2.072,68.9,2,15.33,6979.2,9.13,6.889,6.93,48.08,84.77,0.9096,66.11,915.0,22.84,12640.5,168511.0,28.12,40.71,56.19,15.48,0.5645,16963.4,172.4,B2452,0,0.49171,18,0,0,train
P13,HFP-3200,19,2025-06-09 18:51,S,PVAc_D4,Fichte,9.98,38.0,1.977,71.6,2,17.04,7010.8,9.39,6.79,6.81,47.6,84.22,0.9064,68.55,958.3,18.97,10688.6,179199.6,25.23,36.38,51.0,14.62,0.7928,16964.6,175.7,B5275,0,0.52488,17,0,0,train
P13,HFP-3200,20,2025-06-09 20:22,S,PVAc_D4,Esche,10.81,30.0,2.457,61.4,2,14.25,6977.1,10.09,6.894,6.932,48.1,84.39,0.914,67.43,857.8,19.42,9186.5,188386.1,27.39,39.15,50.45,11.3,0.8492,16965.6,182.2,B9189,0,0.55144,16,0,0,train
P13,HFP-3200,21,2025-06-09 21:38,S,PVAc_D4,Buche,11.39,30.0,2.374,67.9,2,15.57,7018.5,6.93,6.924,6.972,48.59,85.64,0.91,71.19,925.8,18.92,10150.4,198536.5,26.0,37.99,52.58,14.59,0.6743,16966.8,182.5,B8023,0,0.58087,15,0,0,train
P13,HFP-3200,22,2025-06-09 22:58,N,PVAc_D4,Fichte,10.87,30.0,2.109,67.0,2,15.61,7007.1,12.22,6.829,6.832,47.85,83.47,0.9194,66.13,870.7,20.32,9694.6,208231.1,25.79,38.68,51.71,13.03,0.8623,16967.9,185.9,B1123,0,0.61173,14,0,0,train
P13,HFP-3200,23,2025-06-10 00:18,N,PVAc_D3,Esche,10.61,38.0,2.384,72.5,2,16.45,7009.4,7.85,6.853,6.89,48.04,83.83,0.9189,72.63,1021.0,16.04,8951.2,217182.2,23.6,37.15,51.61,14.46,0.6492,16969.1,175.7,B2703,0,0.63605,13,0,0,train
P13,HFP-3200,24,2025-06-10 01:39,N,PUR,Buche,10.8,25.0,1.686,56.9,2,16.42,7011.0,11.59,6.842,6.864,47.97,84.99,0.9052,70.66,938.4,15.26,8116.2,225298.4,24.8,36.67,48.56,11.89,0.9367,16970.0,174.5,B5732,0,0.66111,12,0,0,train
P13,HFP-3200,25,2025-06-10 02:52,N,PVAc_D3,Eiche,9.94,22.0,2.019,57.7,2,11.94,6999.2,14.03,6.846,6.874,47.92,84.96,0.9046,74.02,940.6,20.33,11560.1,236858.6,24.88,38.36,48.28,9.92,0.8174,16971.0,176.2,B7529,0,0.69817,11,0,0,train
P13,HFP-3200,26,2025-06-10 03:58,N,PVAc_D3,Fichte,11.76,30.0,2.575,67.6,2,13.18,6994.1,11.57,6.869,6.923,48.04,84.3,0.914,72.16,920.4,16.13,8730.6,245589.1,22.33,35.06,56.16,21.1,0.727,16972.1,174.5,B7121,0,0.72118,10,0,0,train
P13,HFP-3200,27,2025-06-10 05:25,N,PVAc_D3,Eiche,11.26,25.0,2.084,53.0,2,12.68,6993.1,9.65,6.93,6.959,48.46,86.15,0.9022,63.53,952.4,15.06,8000.9,253590.1,23.53,37.41,51.18,13.77,0.7347,16973.0,177.2,B2033,0,0.74498,9,0,0,train
P13,HFP-3200,28,2025-06-10 06:35,F,PUR,Esche,11.04,22.0,2.535,58.8,2,14.65,7029.1,10.69,6.902,6.925,48.51,85.39,0.9111,72.65,942.9,17.96,9336.6,262926.7,24.74,37.46,55.31,17.85,0.9267,16974.0,177.0,B1672,0,0.76797,8,0,0,train
P13,HFP-3200,29,2025-06-10 07:43,F,PVAc_D3,Fichte,11.15,18.0,1.727,53.1,2,11.28,6984.8,7.0,6.84,6.875,47.77,82.94,0.9238,70.6,1020.6,17.78,12148.7,275075.3,23.13,34.71,53.17,18.46,0.6666,16974.9,166.9,B8652,0,0.80593,7,0,0,train
P13,HFP-3200,30,2025-06-10 08:53,F,PVAc_D4,Esche,9.6,22.0,2.706,59.4,2,14.9,7029.9,10.12,6.783,6.798,47.69,83.8,0.9126,71.03,1071.8,19.52,12636.4,287711.8,25.06,35.4,53.83,18.44,0.808,16975.9,168.7,B1549,0,0.84643,6,0,0,train
P13,HFP-3200,31,2025-06-10 10:10,F,PUR,Esche,9.6,38.0,1.55,71.4,2,17.87,7013.0,12.03,6.762,6.799,47.42,83.69,0.9088,70.09,950.4,21.98,12773.7,300485.5,26.82,37.98,54.9,16.92,0.7658,16977.1,174.5,B9737,0,0.88485,5,0,0,train
P13,HFP-3200,32,2025-06-10 11:37,F,PVAc_D3,Fichte,8.76,18.0,2.178,51.5,2,12.17,6998.2,6.98,6.738,6.76,47.15,83.04,0.9107,70.19,942.5,19.41,10710.4,311195.9,25.69,37.83,53.16,15.33,0.9968,16977.9,175.3,B7361,0,0.91607,4,1,0,train
P13,HFP-3200,33,2025-06-10 12:48,F,PVAc_D4,Buche,9.31,22.0,1.55,56.5,2,11.79,7010.1,8.28,6.762,6.789,47.4,84.75,0.8969,75.54,945.6,16.24,9532.9,320728.8,28.24,40.52,53.36,12.84,0.9607,16978.9,170.5,B5879,0,0.9435,3,1,0,train
P13,HFP-3200,34,2025-06-10 14:06,S,PUR,Fichte,10.09,18.0,2.299,52.3,2,14.07,6967.8,7.37,6.851,6.857,47.74,84.37,0.9075,71.4,981.4,17.38,10435.1,331164.0,28.12,38.64,57.05,18.41,0.9273,16979.7,174.8,B6883,0,0.97107,2,1,0,train
P13,HFP-3200,35,2025-06-10 15:12,S,PVAc_D3,Buche,12.49,25.0,2.387,58.5,2,11.35,7017.0,10.78,6.953,6.976,48.79,84.8,0.9227,71.05,953.8,16.11,9463.2,340627.1,27.9,39.26,59.12,19.86,1.095,16980.7,182.0,B8929,0,0.99831,1,1,0,train
P13,HFP-3200,36,2025-06-10 16:24,S,PVAc_D3,Buche,10.97,38.0,2.272,71.3,3,15.04,6989.2,7.19,6.828,6.858,47.72,83.46,0.917,76.08,1039.4,20.57,20435.1,361062.3,26.92,37.63,53.82,16.19,1.0276,16981.9,181.6,B9599,1,1.0,0,1,0,train
P14,HFP-2400,1,2025-04-14 22:00,N,PVAc_D4,Eiche,9.91,22.0,2.031,51.8,3,11.18,7014.9,10.62,6.854,6.89,48.08,84.1,0.9168,49.63,712.5,18.47,8976.1,8976.1,16.34,26.77,31.09,4.33,0.7521,25822.1,182.5,B9654,0,0.02438,41,0,0,test
P14,HFP-2400,2,2025-04-14 23:04,N,PUR,Fichte,10.24,22.0,2.56,60.8,2,12.57,7037.7,9.04,6.888,6.921,48.48,85.04,0.9142,46.61,744.8,17.61,5902.3,14878.4,17.91,28.35,34.24,5.89,0.4823,25823.1,174.8,B1415,0,0.04113,40,0,0,test
P14,HFP-2400,3,2025-04-15 00:21,N,PVAc_D4,Buche,13.43,18.0,2.27,48.5,2,10.29,7006.0,11.05,7.022,7.043,49.2,85.15,0.9266,50.36,758.1,17.72,6212.7,21091.1,17.74,29.04,36.1,7.06,0.7422,25823.9,177.2,B1676,0,0.05608,39,0,0,test
P14,HFP-2400,4,2025-04-15 01:26,N,PUR,Buche,10.87,22.0,2.601,59.3,3,14.65,7042.3,8.13,6.909,6.944,48.65,84.68,0.9215,51.09,761.8,17.35,8173.5,29264.6,16.73,29.2,38.01,8.81,0.5913,25824.9,185.0,B9780,0,0.07786,38,0,0,test
P14,HFP-2400,5,2025-04-15 02:34,N,PUR,Buche,11.83,30.0,2.825,74.5,2,19.02,7015.7,9.79,6.98,7.012,48.97,85.58,0.9178,49.05,735.6,17.26,5548.3,34812.9,18.95,31.32,35.99,4.67,0.6814,25826.2,175.3,B2928,0,0.09154,37,0,0,test
P14,HFP-2400,6,2025-04-15 04:10,N,PUR,Esche,10.58,30.0,2.483,69.5,2,16.85,7014.4,11.67,6.871,6.905,48.19,83.44,0.9263,51.84,795.7,19.98,7437.5,42250.4,16.3,29.33,37.49,8.16,0.6735,25827.3,182.8,B9405,0,0.11458,36,0,0,test
P14,HFP-2400,7,2025-04-15 05:40,N,PUR,Fichte,10.78,25.0,2.051,60.8,3,15.41,7003.5,7.68,6.881,6.9,48.19,84.24,0.9175,47.63,803.6,14.4,7909.0,50159.4,19.33,30.14,38.8,8.66,0.571,25828.3,189.9,B1725,0,0.13523,35,0,0,test
P14,HFP-2400,8,2025-04-15 06:52,F,PVAc_D3,Esche,9.62,25.0,2.108,62.4,2,14.08,6999.9,7.35,6.779,6.808,47.45,81.84,0.9299,51.58,748.5,18.85,6853.0,57012.4,17.3,28.23,35.2,6.96,0.6346,25829.4,190.5,B1569,0,0.1557,34,0,0,test
P14,HFP-2400,9,2025-04-15 08:04,F,PUR,Buche,12.98,22.0,2.16,58.4,3,14.79,7032.5,7.99,7.025,7.038,49.4,86.95,0.9112,41.24,777.1,15.94,8206.9,65219.3,19.31,30.6,36.94,6.34,0.4411,25830.3,191.7,B5059,0,0.1792,33,0,0,test
P14,HFP-2400,10,2025-04-15 09:21,F,PUR,Esche,10.99,18.0,1.924,55.4,2,11.79,7006.1,10.26,6.866,6.902,48.11,84.86,0.9092,53.43,723.8,20.45,6974.7,72194.0,19.92,29.6,36.12,6.52,0.6392,25831.3,173.2,B8954,0,0.20082,32,0,0,test
P14,HFP-2400,11,2025-04-15 10:36,F,PVAc_D3,Eiche,11.23,38.0,1.749,74.4,3,16.88,7048.3,11.58,6.877,6.893,48.47,85.22,0.9122,52.95,831.2,18.11,10303.0,82497.0,20.28,33.99,37.71,3.72,0.6213,25832.5,175.9,B2034,0,0.2315,31,0,0,test
P14,HFP-2400,12,2025-04-15 12:06,F,PVAc_D3,Fichte,10.45,22.0,2.794,59.8,2,11.33,7027.0,12.09,6.866,6.883,48.25,84.57,0.9149,45.4,759.3,16.09,5820.7,88317.7,21.25,34.09,39.18,5.08,0.6032,25833.5,183.0,B1087,0,0.24927,30,0,0,test
P14,HFP-2400,13,2025-04-15 13:20,F,PVAc_D4,Fichte,10.23,18.0,2.416,56.6,2,12.48,6993.8,9.08,6.841,6.875,47.85,82.67,0.9282,46.53,843.8,16.88,6874.4,95192.1,22.24,33.7,42.96,9.27,0.6435,25834.4,181.3,B9273,0,0.26939,29,0,0,test
P14,HFP-2400,14,2025-04-15 14:27,S,PVAc_D4,Eiche,12.31,18.0,2.176,52.3,2,11.59,6997.4,8.4,6.871,6.897,48.08,84.69,0.9105,48.8,726.3,18.51,5841.8,101033.9,21.77,35.19,44.2,9.01,0.5925,25835.3,176.5,B1544,0,0.28486,28,0,0,test
P14,HFP-2400,15,2025-04-15 15:31,S,PVAc_D4,Esche,13.2,18.0,2.119,54.1,2,11.95,7038.8,6.4,6.953,6.955,48.94,85.22,0.921,46.8,787.9,14.26,5388.3,106422.2,22.15,32.42,43.67,11.25,0.6444,25836.2,166.8,B4067,0,0.30019,27,0,0,test
P14,HFP-2400,16,2025-04-15 16:36,S,PUR,Eiche,11.42,38.0,2.014,72.5,3,19.79,7012.9,7.77,6.938,6.96,48.65,84.91,0.9189,52.77,754.3,18.04,10173.0,116595.3,22.57,35.61,42.06,6.45,0.6872,25837.4,175.7,B9806,0,0.32676,26,0,0,test
P14,HFP-2400,17,2025-04-15 18:10,S,PVAc_D3,Buche,8.42,18.0,2.877,59.9,2,11.27,7037.3,7.76,6.789,6.814,47.78,83.65,0.916,53.81,827.3,19.15,7963.7,124558.9,20.22,29.54,36.4,6.87,0.6089,25838.4,182.2,B7125,0,0.34925,25,0,0,test
P14,HFP-2400,18,2025-04-15 19:18,S,PUR,Eiche,10.35,38.0,2.065,75.0,3,17.76,7038.7,7.86,6.845,6.854,48.18,83.84,0.9215,52.16,800.0,17.11,8804.0,133362.9,21.23,34.16,41.8,7.64,0.9662,25839.7,172.7,B2585,0,0.37282,24,0,0,test
P14,HFP-2400,19,2025-04-15 20:54,S,PVAc_D4,Eiche,12.66,30.0,2.594,66.1,3,14.42,7012.2,6.3,6.98,7.012,48.95,85.46,0.9185,55.73,737.4,18.39,9226.7,142589.7,21.06,33.28,39.14,5.87,0.7606,25840.8,183.0,B4618,0,0.39662,23,0,0,test
P14,HFP-2400,20,2025-04-15 22:19,N,PVAc_D3,Esche,10.76,18.0,1.769,54.2,2,12.12,7011.5,12.15,6.833,6.859,47.91,84.0,0.9147,52.37,775.1,19.54,7697.6,150287.3,19.12,31.24,43.08,11.84,0.5982,25841.7,181.8,B3660,0,0.42057,22,0,0,test
P14,HFP-2400,21,2025-04-15 23:30,N,PVAc_D3,Eiche,11.26,18.0,2.103,58.2,2,11.51,7021.8,4.23,6.921,6.925,48.6,84.52,0.9221,48.87,802.0,19.82,8001.4,158288.7,17.27,29.85,37.71,7.86,0.6608,25842.6,183.0,B8213,0,0.44196,21,0,0,test
P14,HFP-2400,22,2025-04-16 00:48,N,PVAc_D4,Esche,9.3,38.0,1.772,61.9,2,17.59,7020.8,7.95,6.74,6.758,47.32,82.42,0.9207,56.62,810.3,16.01,6394.9,164683.6,17.1,29.43,34.85,5.41,0.7349,25843.7,179.4,B6421,0,0.46345,20,0,0,test
P14,HFP-2400,23,2025-04-16 02:11,N,PUR,Buche,10.36,22.0,2.215,57.7,2,15.38,7041.2,10.76,6.932,6.961,48.81,85.23,0.9185,61.02,743.5,17.45,6382.0,171065.7,16.29,28.16,38.14,9.97,0.7183,25844.6,177.7,B9770,0,0.47821,19,0,0,test
P14,HFP-2400,24,2025-04-16 03:25,N,PVAc_D4,Eiche,10.09,38.0,2.857,75.0,3,16.52,7053.1,10.04,6.865,6.896,48.42,85.11,0.9124,55.47,778.8,17.5,10205.7,181271.3,17.24,30.24,42.02,11.78,0.6517,25845.9,182.1,B3129,0,0.50799,18,0,0,test
P14,HFP-2400,25,2025-04-16 04:56,N,PUR,Esche,11.31,22.0,2.616,58.4,3,17.15,7022.0,11.17,6.905,6.927,48.49,84.89,0.9161,54.39,803.8,18.47,11740.9,193012.2,17.74,29.98,38.39,8.41,0.7819,25846.9,189.5,B8202,0,0.54265,17,0,0,test
P14,HFP-2400,26,2025-04-16 06:10,F,PUR,Eiche,13.28,25.0,2.465,60.7,2,15.7,7025.0,11.02,7.089,7.119,49.8,87.17,0.9162,59.02,850.4,20.72,8203.8,201216.0,18.4,30.38,45.71,15.33,0.7641,25847.9,169.5,B1848,0,0.56794,16,0,0,test
P14,HFP-2400,27,2025-04-16 07:26,F,PVAc_D4,Buche,9.19,38.0,2.359,66.9,2,17.02,7052.9,9.94,6.736,6.77,47.51,83.63,0.9112,59.31,823.9,17.08,7121.0,208337.0,16.84,27.88,39.62,11.74,0.5656,25849.0,176.0,B4018,0,0.5891,15,0,0,test
P14,HFP-2400,28,2025-04-16 08:47,F,PUR,Buche,9.65,30.0,2.511,72.4,3,17.67,7021.5,9.89,6.821,6.858,47.9,84.35,0.9106,61.91,821.5,19.11,11662.3,219999.3,17.76,28.66,39.84,11.19,0.6498,25850.2,171.1,B7398,0,0.62178,14,0,0,test
P14,HFP-2400,29,2025-04-16 10:10,F,PUR,Eiche,9.63,38.0,1.898,74.3,3,20.43,7020.3,8.49,6.791,6.802,47.67,84.11,0.9089,57.66,834.1,17.83,11125.0,231124.2,20.64,34.25,42.77,8.53,0.7497,25851.4,177.2,B9089,0,0.6553,13,0,0,test
P14,HFP-2400,30,2025-04-16 11:45,F,PVAc_D3,Esche,10.07,22.0,1.618,53.8,3,12.78,7024.3,9.08,6.764,6.788,47.51,84.44,0.9024,58.62,812.5,18.86,11434.8,242559.0,21.59,32.15,45.43,13.28,0.713,25852.3,170.8,B8019,0,0.68839,12,0,0,test
P14,HFP-2400,31,2025-04-16 12:57,F,PUR,Eiche,11.49,18.0,2.036,60.1,3,13.06,7052.2,12.65,6.899,6.945,48.65,85.58,0.9117,54.75,807.0,16.31,9508.1,252067.1,21.21,29.75,45.29,15.54,0.8064,25853.3,170.1,B3305,0,0.7137,11,0,0,test
P14,HFP-2400,32,2025-04-16 14:09,S,PUR,Fichte,9.78,38.0,2.65,71.2,3,19.53,7011.9,7.41,6.858,6.863,48.09,85.21,0.9051,66.59,847.6,17.51,10292.1,262359.3,22.3,35.32,47.81,12.5,0.6669,25854.5,180.6,B3360,0,0.74626,10,0,0,test
P14,HFP-2400,33,2025-04-16 15:36,S,PVAc_D4,Esche,9.83,30.0,2.059,62.2,3,17.12,7020.1,10.99,6.809,6.85,47.8,83.77,0.9151,60.23,819.4,19.82,12408.3,274767.6,22.27,34.24,50.22,15.98,0.5139,25855.6,175.0,B3654,0,0.78271,9,0,0,test
P14,HFP-2400,34,2025-04-16 16:59,S,PUR,Eiche,10.15,25.0,2.102,60.8,2,14.64,7034.1,6.39,6.872,6.899,48.33,85.77,0.9037,57.35,886.5,17.38,7766.4,282534.0,22.17,32.43,47.72,15.28,0.673,25856.6,186.5,B4170,0,0.80814,8,0,0,test
P14,HFP-2400,35,2025-04-16 18:13,S,PVAc_D3,Eiche,12.67,38.0,2.51,71.3,3,15.56,7045.4,13.61,7.015,7.045,49.42,86.56,0.9156,55.92,859.0,18.34,12587.0,295121.0,22.31,34.37,47.9,13.53,0.9045,25857.8,174.4,B2501,0,0.84664,7,0,0,test
P14,HFP-2400,36,2025-04-16 19:39,S,PVAc_D4,Esche,8.11,18.0,2.224,52.3,2,11.67,7037.5,9.5,6.775,6.815,47.68,83.76,0.9129,54.77,831.6,18.43,7471.5,302592.5,19.49,30.96,50.53,19.57,0.8572,25858.6,170.2,B9396,0,0.86665,6,0,0,test
P14,HFP-2400,37,2025-04-16 20:51,S,PVAc_D4,Fichte,9.89,22.0,2.791,59.5,3,11.49,7027.6,10.01,6.88,6.905,48.35,86.27,0.8989,58.06,897.6,18.98,13022.4,315615.0,20.04,32.36,49.84,17.48,0.7964,25859.6,163.2,B5239,0,0.90656,5,0,0,test
P14,HFP-2400,38,2025-04-16 21:59,S,PVAc_D3,Esche,12.55,18.0,2.781,57.2,2,11.71,7037.0,7.23,6.991,7.038,49.2,86.05,0.9169,58.22,801.6,17.56,7496.8,323111.8,20.2,32.3,52.71,20.41,0.933,25860.6,182.1,B9873,0,0.92715,4,1,0,test
P14,HFP-2400,39,2025-04-16 23:13,N,PUR,Buche,10.7,18.0,2.471,56.9,2,14.97,7018.4,9.99,6.923,6.963,48.59,85.6,0.9103,59.19,880.0,19.58,8792.2,331904.0,19.85,32.8,52.79,20.0,0.938,25861.5,193.3,B1351,0,0.95226,3,1,0,test
P14,HFP-2400,40,2025-04-17 00:19,N,PUR,Fichte,8.76,22.0,2.692,60.8,2,14.86,6980.7,9.61,6.81,6.839,47.54,84.63,0.9009,62.45,817.1,17.84,7175.8,339079.8,19.3,32.28,51.19,18.91,0.8779,25862.5,170.4,B3743,0,0.97181,2,1,0,test
P14,HFP-2400,41,2025-04-17 01:41,N,PVAc_D3,Eiche,10.44,25.0,2.351,58.4,2,12.77,7035.7,8.03,6.849,6.872,48.19,85.26,0.9063,59.53,821.6,18.62,7892.2,346972.0,16.74,28.67,51.47,22.8,0.8618,25863.5,174.9,B9451,0,0.99692,1,1,0,test
P14,HFP-2400,42,2025-04-17 03:02,N,PVAc_D3,Eiche,11.42,30.0,2.391,58.2,2,13.1,7011.5,7.89,6.88,6.908,48.24,84.71,0.9133,64.52,790.4,19.3,7559.4,354531.4,17.02,26.97,48.42,21.45,0.8581,25864.5,165.7,B2925,1,1.0,0,1,0,test
P15,HFP-3200,1,2025-05-25 17:00,S,PUR,Eiche,11.97,38.0,2.385,75.0,3,20.49,7002.4,12.24,6.963,6.989,48.76,83.63,0.935,34.94,739.7,16.85,8274.1,8274.1,24.0,34.57,44.91,10.34,0.3899,19404.1,170.9,B5618,0,0.01894,49,0,0,test
P15,HFP-3200,2,2025-05-25 18:24,S,PVAc_D4,Fichte,12.41,38.0,1.98,74.7,2,15.49,6995.2,12.19,6.922,6.966,48.42,83.18,0.9335,38.26,774.6,17.14,6219.7,14493.8,24.12,32.97,46.08,13.11,0.5325,19405.4,186.3,B3532,0,0.03164,48,0,0,test
P15,HFP-3200,3,2025-05-25 19:56,S,PVAc_D4,Esche,9.18,22.0,2.472,58.7,2,11.88,7017.1,8.74,6.809,6.853,47.78,83.87,0.9137,40.12,778.9,14.99,5564.8,20058.6,25.64,35.73,48.18,12.45,0.8301,19406.4,175.9,B7451,0,0.04454,47,0,0,test
P15,HFP-3200,4,2025-05-25 21:06,S,PUR,Fichte,9.6,22.0,1.55,51.6,2,13.68,7016.9,8.86,6.804,6.838,47.74,84.05,0.911,40.97,836.4,16.12,5954.2,26012.8,24.1,35.64,45.16,9.52,0.6275,19407.2,176.2,B9571,0,0.05835,46,0,0,test
P15,HFP-3200,5,2025-05-25 22:16,N,PUR,Eiche,12.03,25.0,2.205,57.0,3,15.81,7031.5,5.14,6.997,7.028,49.2,85.92,0.9183,48.67,734.0,19.93,9857.6,35870.4,25.38,35.82,47.19,11.36,0.5178,19408.2,192.0,B8538,0,0.08161,45,0,0,test
P15,HFP-3200,6,2025-05-25 23:30,N,PVAc_D3,Buche,10.22,30.0,2.039,63.6,3,14.56,7006.6,8.29,6.92,6.932,48.48,84.32,0.9221,43.43,804.9,15.13,8100.8,43971.3,23.66,31.83,42.58,10.75,0.5984,19409.2,182.9,B7533,0,0.10232,44,0,0,test
P15,HFP-3200,7,2025-05-26 00:44,N,PVAc_D4,Eiche,10.74,18.0,2.104,55.4,2,11.25,6972.7,9.69,6.871,6.913,47.91,83.15,0.924,43.81,839.0,17.63,7015.1,50986.3,23.61,31.32,44.63,13.31,0.8263,19410.1,169.1,B3728,0,0.11772,43,0,0,test
P15,HFP-3200,8,2025-05-26 01:57,N,PVAc_D4,Fichte,12.52,22.0,2.887,55.7,2,12.27,7044.9,10.11,7.018,7.032,49.44,85.32,0.9294,43.38,763.8,15.77,5649.8,56636.1,22.89,33.45,44.93,11.48,0.6019,19411.1,182.5,B1674,0,0.13127,42,0,0,test
P15,HFP-3200,9,2025-05-26 03:04,N,PVAc_D3,Esche,11.21,22.0,1.751,58.2,2,11.46,7024.5,11.0,6.946,6.975,48.79,85.68,0.9133,48.52,655.3,17.41,4731.9,61368.0,20.37,31.96,40.07,8.11,0.8382,19412.0,180.7,B5092,0,0.14062,41,0,0,test
P15,HFP-3200,10,2025-05-26 04:12,N,PVAc_D3,Eiche,11.13,18.0,1.857,50.6,2,10.93,7003.9,10.24,6.888,6.91,48.25,83.94,0.9218,46.19,800.9,18.64,7221.7,68589.7,21.88,32.65,44.01,11.36,0.8203,19412.9,188.6,B1061,0,0.15913,40,0,0,test
P15,HFP-3200,11,2025-05-26 05:23,N,PVAc_D4,Esche,9.45,38.0,2.491,65.1,2,15.58,7031.8,9.55,6.857,6.889,48.22,83.63,0.9247,47.45,848.9,17.06,7126.8,75716.5,23.77,33.98,46.85,12.87,0.4835,19414.0,171.0,B5437,0,0.17703,39,0,0,test
P15,HFP-3200,12,2025-05-26 06:39,F,PUR,Esche,9.83,25.0,2.092,65.9,3,16.39,7030.2,5.92,6.897,6.923,48.49,85.59,0.9086,49.18,785.2,17.69,9895.4,85611.9,24.53,34.66,42.87,8.22,0.8575,19415.1,186.7,B5788,0,0.20239,38,0,0,test
P15,HFP-3200,13,2025-05-26 08:00,F,PVAc_D4,Esche,14.0,25.0,1.585,61.3,3,15.25,7003.7,11.98,7.078,7.11,49.57,86.98,0.914,40.08,774.0,15.95,8472.6,94084.5,23.71,32.11,48.13,16.02,0.8732,19416.1,182.4,B3810,0,0.22414,37,0,0,test
P15,HFP-3200,14,2025-05-26 09:22,F,PVAc_D4,Fichte,9.25,25.0,2.437,55.8,2,10.82,7031.4,10.67,6.86,6.869,48.24,84.53,0.9151,39.71,721.6,17.97,6042.6,100127.1,23.79,33.61,47.59,13.98,0.6076,19417.0,182.5,B3565,0,0.23798,36,0,0,test
P15,HFP-3200,15,2025-05-26 10:30,F,PUR,Buche,10.88,18.0,2.442,53.9,2,13.94,7030.2,9.45,6.992,7.013,49.16,86.32,0.9133,42.61,784.5,21.05,8062.7,108189.7,25.33,36.16,47.92,11.76,0.8447,19417.9,168.5,B4625,0,0.25798,35,0,0,test
P15,HFP-3200,16,2025-05-26 11:32,F,PVAc_D3,Eiche,11.23,38.0,2.237,72.0,2,17.65,7022.2,7.56,6.957,6.985,48.85,85.1,0.9206,52.25,746.6,18.54,6387.7,114577.4,26.01,37.3,49.21,11.91,0.8262,19419.1,192.3,B8266,0,0.27471,34,0,0,test
P15,HFP-3200,17,2025-05-26 12:55,F,PVAc_D3,Eiche,11.31,18.0,2.049,53.4,2,9.18,6999.6,12.68,6.946,6.965,48.62,84.31,0.9249,59.17,825.6,15.95,6276.3,120853.7,26.77,38.05,50.07,12.02,0.8191,19420.0,173.2,B5520,0,0.28906,33,0,0,test
P15,HFP-3200,18,2025-05-26 13:58,F,PVAc_D3,Esche,10.68,18.0,1.893,51.7,2,10.55,6996.9,9.85,6.831,6.869,47.8,84.29,0.9095,44.6,846.4,16.28,6619.7,127473.5,26.58,35.33,49.54,14.21,0.5717,19420.9,182.4,B6248,0,0.30629,32,0,0,test
P15,HFP-3200,19,2025-05-26 15:10,S,PVAc_D4,Eiche,10.99,22.0,2.081,61.8,2,13.3,7004.5,10.88,6.893,6.924,48.28,84.47,0.9167,45.3,894.8,18.46,7917.7,135391.2,26.19,36.71,53.71,17.0,0.9077,19421.9,181.8,B9823,0,0.32754,31,0,0,test
P15,HFP-3200,20,2025-05-26 16:34,S,PVAc_D3,Eiche,9.48,30.0,2.22,60.3,3,11.21,7023.1,12.62,6.819,6.861,47.89,83.45,0.9203,45.7,776.9,17.69,9414.5,144805.7,26.87,38.84,49.81,10.97,0.6607,19422.9,174.2,B4847,0,0.35104,30,0,0,test
P15,HFP-3200,21,2025-05-26 17:53,S,PUR,Eiche,11.2,22.0,2.469,59.0,2,15.51,7010.0,6.92,6.928,6.974,48.57,84.17,0.9254,43.97,725.0,19.64,6507.3,151313.1,27.03,37.9,49.11,11.21,0.5471,19423.9,178.1,B6527,0,0.36799,29,0,0,test
P15,HFP-3200,22,2025-05-26 19:06,S,PVAc_D4,Esche,10.46,18.0,2.119,50.8,2,9.93,7006.5,10.71,6.883,6.911,48.23,84.94,0.9106,50.66,822.1,17.37,7211.9,158525.0,26.61,36.86,48.27,11.41,0.8621,19424.7,168.7,B9948,0,0.38687,28,0,0,test
P15,HFP-3200,23,2025-05-26 20:10,S,PVAc_D3,Eiche,9.1,18.0,2.073,57.0,2,12.33,7048.7,10.88,6.745,6.776,47.55,83.99,0.9079,53.69,822.5,19.04,7932.4,166457.4,24.31,34.15,47.13,12.98,0.9254,19425.7,172.2,B4728,0,0.40993,27,0,0,test
P15,HFP-3200,24,2025-05-26 21:25,S,PUR,Eiche,11.05,25.0,2.344,53.2,3,13.58,7015.1,12.88,6.944,6.955,48.71,85.13,0.9177,47.62,838.3,17.84,10079.5,176536.9,23.4,34.31,44.4,10.09,0.4712,19426.6,177.7,B2924,0,0.43599,26,0,0,test
P15,HFP-3200,25,2025-05-26 22:32,N,PVAc_D4,Buche,11.03,22.0,2.545,52.1,2,12.32,7004.7,5.01,6.86,6.883,48.05,84.32,0.9139,49.11,796.9,17.21,6297.4,182834.2,22.61,32.76,49.27,16.5,1.0418,19427.4,174.9,B5770,0,0.4497,25,0,0,test
P15,HFP-3200,26,2025-05-26 23:41,N,PVAc_D3,Fichte,11.21,38.0,1.995,69.1,2,16.73,7021.7,10.33,6.876,6.891,48.28,85.67,0.9038,52.86,764.0,17.45,6783.3,189617.6,23.25,34.9,51.76,16.86,0.9395,19428.6,179.6,B5088,0,0.46649,24,0,0,test
P15,HFP-3200,27,2025-05-27 01:07,N,PVAc_D3,Esche,10.96,25.0,2.319,66.1,2,13.72,7017.2,11.22,6.861,6.895,48.14,84.55,0.9132,57.11,781.6,18.42,6800.6,196418.2,22.35,32.27,47.79,15.52,0.7718,19429.7,180.6,B8096,0,0.48429,23,0,0,test
P15,HFP-3200,28,2025-05-27 02:30,N,PVAc_D3,Buche,10.49,22.0,2.421,52.1,3,11.67,7011.9,9.74,6.92,6.949,48.52,83.6,0.9308,51.86,780.1,19.11,9206.1,205624.4,21.6,30.29,44.82,14.53,0.5778,19430.6,174.9,B2529,0,0.50719,22,0,0,test
P15,HFP-3200,29,2025-05-27 03:42,N,PVAc_D3,Buche,12.11,22.0,1.975,58.8,2,10.57,7025.4,8.92,6.982,7.006,49.05,86.72,0.9071,46.68,819.0,17.98,5985.6,211609.9,22.23,33.13,45.29,12.16,1.0317,19431.5,177.8,B2462,0,0.52094,21,0,0,test
P15,HFP-3200,30,2025-05-27 04:51,N,PVAc_D4,Buche,9.18,25.0,2.523,65.7,2,14.31,7017.9,13.18,6.863,6.877,48.16,84.97,0.909,49.89,844.6,15.72,6553.8,218163.7,23.9,33.53,47.53,13.99,0.6713,19432.6,179.8,B4575,0,0.53722,20,0,0,test
P15,HFP-3200,31,2025-05-27 06:12,F,PVAc_D4,Esche,8.52,38.0,1.975,75.0,3,15.2,7027.1,9.13,6.782,6.802,47.66,84.23,0.9075,55.67,799.3,18.09,11236.6,229400.3,23.82,33.86,49.41,15.55,0.8516,19433.9,171.4,B9247,0,0.56519,19,0,0,test
P15,HFP-3200,32,2025-05-27 07:41,F,PUR,Eiche,7.8,18.0,1.831,59.2,2,14.32,7019.0,9.85,6.716,6.724,47.14,83.52,0.9051,50.67,802.1,19.79,8158.3,237558.6,22.51,30.97,48.13,17.16,0.7908,19434.9,173.4,B9705,0,0.58832,18,0,0,test
P15,HFP-3200,33,2025-05-27 08:52,F,PUR,Fichte,10.35,22.0,2.218,59.1,3,16.4,7022.6,11.01,6.88,6.895,48.32,85.26,0.9088,52.19,850.1,17.63,10011.5,247570.1,24.7,35.56,50.46,14.9,0.6822,19435.9,175.0,B1077,0,0.61275,17,0,0,test
P15,HFP-3200,34,2025-05-27 10:01,F,PVAc_D3,Eiche,12.91,30.0,2.312,66.0,3,13.24,7036.3,11.35,6.954,6.975,48.93,87.18,0.9001,52.61,851.9,14.67,8961.0,256531.1,25.75,36.21,52.6,16.38,0.5851,19437.0,182.4,B2187,0,0.63341,16,0,0,test
P15,HFP-3200,35,2025-05-27 11:20,F,PUR,Eiche,10.36,22.0,2.235,62.8,2,15.01,7005.3,8.99,6.906,6.936,48.38,84.5,0.9182,52.73,851.3,19.92,8292.7,264823.7,25.57,35.04,50.7,15.66,1.0315,19438.0,182.6,B4813,0,0.65686,15,0,0,test
P15,HFP-3200,36,2025-05-27 12:37,F,PVAc_D4,Fichte,8.56,38.0,2.165,66.8,2,15.76,7015.1,9.23,6.763,6.786,47.44,83.4,0.9123,56.32,791.4,18.02,6848.6,271672.3,26.11,36.21,51.83,15.62,1.0181,19439.1,174.2,B8636,0,0.67337,14,0,0,test
P15,HFP-3200,37,2025-05-27 14:00,S,PUR,Buche,9.04,38.0,2.101,74.5,3,20.01,7000.3,8.68,6.824,6.843,47.77,85.12,0.9001,59.09,842.4,16.62,9977.6,281649.9,28.96,39.66,55.09,15.43,0.9164,19440.4,183.9,B7278,0,0.69872,13,0,0,test
P15,HFP-3200,38,2025-05-27 15:23,S,PVAc_D3,Buche,10.9,25.0,2.421,59.1,2,15.06,7007.5,10.6,6.959,6.98,48.76,84.29,0.9278,53.31,835.9,17.04,7423.8,289073.7,28.0,36.7,53.26,16.56,0.8869,19441.4,179.6,B3684,0,0.71733,12,0,0,test
P15,HFP-3200,39,2025-05-27 16:43,S,PUR,Fichte,8.12,22.0,2.71,65.3,2,14.23,7015.9,11.53,6.817,6.856,47.82,84.51,0.9076,58.37,822.4,16.43,6427.3,295501.0,27.18,36.5,52.47,15.97,1.0881,19442.4,176.5,B3310,0,0.73463,11,0,0,test
P15,HFP-3200,40,2025-05-27 17:58,S,PVAc_D3,Eiche,9.47,18.0,2.064,52.4,2,11.4,7002.3,6.62,6.806,6.84,47.66,85.16,0.8975,57.04,842.2,16.51,7117.5,302618.6,26.53,39.18,51.73,12.55,0.8157,19443.3,193.6,B3552,0,0.75441,10,0,0,test
P15,HFP-3200,41,2025-05-27 19:02,S,PVAc_D4,Buche,10.67,38.0,2.607,70.4,2,15.07,7020.2,10.77,6.893,6.923,48.39,85.85,0.904,54.45,860.5,16.48,7818.6,310437.2,24.56,34.43,51.9,17.47,0.8516,19444.5,180.0,B2335,0,0.77548,9,0,0,test
P15,HFP-3200,42,2025-05-27 20:30,S,PVAc_D4,Esche,10.67,18.0,2.158,45.6,2,10.3,7010.7,10.97,6.974,6.992,48.89,86.88,0.9025,59.63,932.9,17.78,7971.4,318408.6,26.14,36.72,55.45,18.73,1.2182,19445.2,178.7,B4429,0,0.79822,8,0,0,test
P15,HFP-3200,43,2025-05-27 21:33,S,PUR,Esche,11.44,22.0,1.873,60.8,3,14.39,7023.4,9.43,6.932,6.975,48.69,86.38,0.9039,57.43,838.0,19.81,13100.5,331509.0,22.52,32.98,54.91,21.93,0.683,19446.3,180.7,B9785,0,0.83725,7,0,0,test
P15,HFP-3200,44,2025-05-27 22:54,N,PVAc_D3,Eiche,12.68,30.0,1.55,56.6,3,12.08,7010.9,10.49,7.03,7.07,49.29,87.84,0.8999,54.45,842.2,15.97,9826.5,341335.5,23.15,32.42,52.84,20.42,1.0837,19447.2,179.6,B4665,0,0.86248,6,0,0,test
P15,HFP-3200,45,2025-05-28 00:10,N,PVAc_D4,Eiche,9.04,25.0,2.185,59.9,2,12.74,7004.4,10.99,6.804,6.814,47.66,83.85,0.9116,59.13,830.1,20.56,8641.5,349977.0,22.76,31.77,50.73,18.96,0.8973,19448.2,172.9,B4271,0,0.88679,5,0,0,test
P15,HFP-3200,46,2025-05-28 01:28,N,PUR,Buche,10.43,18.0,1.985,51.2,3,14.79,7011.6,10.56,6.898,6.915,48.37,85.09,0.9117,55.58,858.4,17.22,11290.5,361267.5,22.71,33.75,54.87,21.12,1.0318,19449.1,176.4,B3474,0,0.91649,4,1,0,test
P15,HFP-3200,47,2025-05-28 02:41,N,PVAc_D3,Esche,12.48,38.0,2.079,71.9,2,15.77,7019.9,8.81,7.003,7.025,49.16,86.7,0.9093,53.33,872.6,17.32,8758.2,370025.7,22.91,31.73,50.41,18.68,0.7751,19450.3,178.3,B8200,0,0.94223,3,1,0,test
P15,HFP-3200,48,2025-05-28 04:14,N,PVAc_D3,Esche,12.57,25.0,1.572,60.7,2,13.88,7013.8,7.55,7.019,7.07,49.23,87.83,0.899,59.47,873.4,16.75,7519.4,377545.0,22.59,32.56,55.5,22.93,0.6818,19451.3,182.2,B5942,0,0.95941,2,1,0,test
P15,HFP-3200,49,2025-05-28 05:36,N,PVAc_D4,Eiche,11.3,18.0,2.378,50.8,2,12.04,7026.0,13.31,6.891,6.923,48.41,86.58,0.8968,55.45,910.1,17.88,8566.3,386111.3,22.4,32.92,53.91,20.99,1.0198,19452.1,171.3,B5522,0,0.98231,1,1,0,test
P15,HFP-3200,50,2025-05-28 06:41,F,PUR,Eiche,12.74,30.0,2.498,68.4,2,17.77,7010.5,11.67,7.087,7.111,49.69,87.26,0.9132,56.24,851.0,18.92,8270.0,394381.4,23.01,33.57,56.22,22.65,1.156,19453.3,177.3,B9670,1,1.0,0,1,0,test
P16,HFP-2400,1,2025-05-26 11:00,F,PUR,Buche,11.93,38.0,1.55,64.5,3,18.3,7003.6,12.09,6.907,6.936,48.38,84.44,0.9188,80.62,934.4,17.48,13298.1,13298.1,26.37,35.17,47.14,11.98,0.6804,5253.8,167.2,B3349,0,0.02693,31,0,0,train
P16,HFP-2400,2,2025-05-26 12:18,F,PVAc_D4,Esche,12.71,30.0,2.351,66.4,2,14.36,7024.6,9.67,6.966,6.982,48.94,85.07,0.9226,75.08,942.5,20.14,11081.7,24379.7,25.11,35.4,47.12,11.72,0.7776,5254.9,170.7,B1285,0,0.054,30,0,0,train
P16,HFP-2400,3,2025-05-26 13:36,F,PVAc_D3,Eiche,11.42,30.0,2.305,71.2,2,14.71,6996.5,10.26,6.882,6.91,48.15,82.68,0.934,73.73,960.5,16.97,9629.3,34009.1,26.94,35.82,48.48,12.66,0.6812,5256.0,176.1,B5978,0,0.07463,29,0,0,train
P16,HFP-2400,4,2025-05-26 15:07,S,PVAc_D4,Eiche,12.1,22.0,2.715,61.0,2,13.58,6992.3,8.14,6.904,6.913,48.28,84.81,0.9129,73.68,931.3,19.99,10492.9,44502.0,27.99,37.26,48.4,11.14,0.5281,5257.1,185.8,B3249,0,0.09824,28,0,0,train
P16,HFP-2400,5,2025-05-26 16:30,S,PVAc_D4,Eiche,10.97,25.0,2.923,67.0,2,13.32,6991.2,8.39,6.854,6.871,47.91,83.85,0.9165,75.08,990.0,17.73,9657.9,54159.9,27.23,35.01,45.34,10.32,0.8304,5258.2,159.8,B2756,0,0.1202,27,0,0,train
P16,HFP-2400,6,2025-05-26 17:52,S,PVAc_D3,Buche,11.88,38.0,2.351,75.0,3,15.06,6983.1,10.02,6.9,6.938,48.19,83.65,0.9239,86.88,1030.8,17.06,14487.2,68647.1,26.24,37.13,47.02,9.89,0.8233,5259.4,181.5,B6259,0,0.15498,26,0,0,train
P16,HFP-2400,7,2025-05-26 19:18,S,PVAc_D3,Esche,10.84,30.0,2.814,66.8,3,13.25,6986.3,15.05,6.861,6.89,47.94,83.49,0.9209,71.57,1035.6,14.33,13043.6,81690.7,25.94,34.35,45.93,11.58,0.6598,5260.5,179.2,B3613,0,0.18283,25,0,0,train
P16,HFP-2400,8,2025-05-26 20:33,S,PVAc_D4,Esche,12.31,38.0,2.805,75.0,3,15.68,6992.0,10.56,6.927,6.956,48.44,84.81,0.9159,73.41,1014.4,18.79,16371.1,98061.8,24.95,33.78,45.68,11.91,0.4676,5261.8,180.5,B9417,0,0.22175,24,0,0,train
P16,HFP-2400,9,2025-05-26 22:04,N,PVAc_D4,Esche,9.26,22.0,2.728,61.5,2,12.35,6986.5,10.03,6.748,6.77,47.14,81.28,0.9302,81.44,984.6,19.24,11458.4,109520.2,25.85,34.61,46.04,11.44,0.6297,5262.8,176.2,B7905,0,0.25172,23,0,0,train
P16,HFP-2400,10,2025-05-26 23:16,N,PVAc_D4,Eiche,9.53,25.0,2.8,62.2,3,11.98,6989.2,7.29,6.78,6.804,47.39,83.59,0.9091,74.65,1016.3,17.01,15420.0,124940.1,22.05,30.92,44.3,13.37,0.6901,5263.9,180.4,B8607,0,0.28827,22,0,0,train
P16,HFP-2400,11,2025-05-27 00:37,N,PUR,Buche,10.09,25.0,2.252,61.3,2,15.49,7022.6,11.26,6.843,6.875,48.06,83.94,0.9182,80.77,958.3,20.07,11129.6,136069.8,22.37,33.02,44.97,11.95,0.8649,5264.9,181.7,B9868,0,0.3165,21,0,0,train
P16,HFP-2400,12,2025-05-27 01:58,N,PVAc_D3,Buche,10.53,25.0,2.242,65.4,3,14.67,7040.1,7.72,6.811,6.848,47.95,82.9,0.9276,84.71,1117.3,17.23,16588.0,152657.8,23.22,33.61,45.06,11.45,0.7588,5266.0,169.9,B8389,0,0.35522,20,0,0,train
P16,HFP-2400,13,2025-05-27 03:16,N,PVAc_D3,Esche,12.97,18.0,2.215,53.4,2,9.8,7011.1,9.81,6.954,6.974,48.75,83.95,0.9314,73.56,954.6,19.11,10531.4,163189.1,21.3,32.18,44.27,12.09,0.8409,5266.9,170.5,B9395,0,0.37601,19,0,0,train
P16,HFP-2400,14,2025-05-27 04:20,N,PUR,Buche,10.32,38.0,2.615,74.1,3,19.46,7025.2,10.1,6.878,6.905,48.32,84.5,0.917,78.09,948.1,20.02,16723.1,179912.3,22.35,32.28,44.31,12.03,0.7371,5268.1,172.6,B1663,0,0.41494,18,0,0,train
P16,HFP-2400,15,2025-05-27 05:45,N,PUR,Buche,7.8,22.0,2.198,60.3,3,15.0,6990.7,12.21,6.7,6.728,46.84,81.35,0.9233,83.61,979.7,19.44,15102.8,195015.0,22.23,31.66,42.0,10.34,0.987,5269.1,178.8,B5410,0,0.44558,17,0,0,train
P16,HFP-2400,16,2025-05-27 07:00,F,PVAc_D4,Buche,11.05,22.0,2.177,55.1,2,12.15,7004.1,12.35,6.898,6.909,48.32,84.89,0.9127,78.04,1063.9,17.98,12012.5,207027.6,22.99,32.21,46.57,14.36,0.7116,5270.0,177.7,B1466,0,0.47015,16,0,0,train
P16,HFP-2400,17,2025-05-27 08:08,F,PUR,Eiche,9.21,25.0,2.685,63.4,2,14.58,7013.1,11.59,6.788,6.801,47.61,83.22,0.9175,80.8,994.4,19.47,12132.3,219159.9,23.82,34.45,46.34,11.88,0.4573,5271.1,165.0,B3583,0,0.50268,15,0,0,train
P16,HFP-2400,18,2025-05-27 09:24,F,PVAc_D4,Fichte,10.9,25.0,2.192,52.2,2,13.4,7013.4,8.31,6.819,6.829,47.83,84.17,0.9113,81.41,1095.3,19.44,13352.4,232512.3,25.92,37.41,51.89,14.48,0.5108,5271.9,166.8,B3737,0,0.5366,14,0,0,train
P16,HFP-2400,19,2025-05-27 10:32,F,PVAc_D4,Eiche,12.1,25.0,2.291,68.9,2,14.39,7005.6,11.62,6.907,6.929,48.38,83.92,0.9246,80.64,1032.1,20.3,13578.9,246091.2,25.46,35.4,51.73,16.32,0.7133,5273.1,190.0,B8870,0,0.57023,13,0,0,train
P16,HFP-2400,20,2025-05-27 11:51,F,PUR,Esche,11.26,30.0,2.766,72.4,2,16.37,7021.5,12.23,6.922,6.939,48.6,85.69,0.9096,80.84,951.6,17.57,9207.7,255298.9,24.46,33.89,50.04,16.15,0.6337,5274.3,175.6,B6352,0,0.58912,12,0,0,train
P16,HFP-2400,21,2025-05-27 13:17,F,PUR,Buche,9.55,30.0,2.665,65.0,2,15.3,6997.7,10.77,6.815,6.869,47.69,83.8,0.9126,79.28,1072.8,20.15,12705.3,268004.2,27.54,38.74,53.71,14.97,0.8057,5275.4,181.4,B1860,0,0.62167,11,0,0,train
P16,HFP-2400,22,2025-05-27 14:35,S,PUR,Fichte,11.9,18.0,2.112,55.6,3,13.95,7001.3,8.57,6.897,6.908,48.29,85.91,0.9014,87.59,1025.4,20.87,18971.4,286975.7,27.47,38.09,56.06,17.97,0.739,5276.3,171.6,B2592,0,0.66221,10,0,0,train
P16,HFP-2400,23,2025-05-27 15:39,S,PUR,Buche,9.15,30.0,2.0,65.9,2,15.72,6995.0,10.1,6.737,6.767,47.12,83.01,0.9104,81.07,1032.3,17.85,11324.0,298299.7,27.09,36.72,52.64,15.92,0.5971,5277.4,186.3,B4030,0,0.69087,9,0,0,train
P16,HFP-2400,24,2025-05-27 17:00,S,PUR,Eiche,11.67,38.0,2.64,72.5,3,19.13,6981.1,9.42,6.909,6.931,48.24,84.63,0.9141,77.25,1058.6,17.62,17163.1,315462.8,28.75,38.56,55.43,16.87,0.903,5278.6,161.7,B7817,0,0.73703,8,0,0,train
P16,HFP-2400,25,2025-05-27 18:28,S,PVAc_D3,Esche,9.76,38.0,2.409,71.7,3,16.32,6999.4,10.06,6.818,6.846,47.72,84.26,0.9084,81.35,993.2,16.76,16099.7,331562.5,25.96,35.57,55.49,19.93,0.8728,5279.8,180.8,B1599,0,0.77332,7,0,0,train
P16,HFP-2400,26,2025-05-27 19:58,S,PVAc_D3,Buche,12.9,30.0,2.246,59.4,2,12.75,7002.0,8.75,6.992,7.019,48.96,85.99,0.913,80.49,974.8,16.55,9826.0,341388.5,27.09,37.24,53.02,15.77,0.8308,5280.8,181.1,B8507,0,0.79472,6,0,0,train
P16,HFP-2400,27,2025-05-27 21:09,S,PVAc_D3,Esche,9.93,38.0,2.734,72.7,2,15.78,7010.2,9.26,6.867,6.889,48.14,85.71,0.9007,85.91,980.0,19.52,11909.7,353298.2,24.62,33.24,51.64,18.4,0.7807,5282.0,191.4,B5440,0,0.82736,5,0,0,train
P16,HFP-2400,28,2025-05-27 22:34,N,PVAc_D3,Fichte,11.1,38.0,2.463,73.3,3,15.77,7007.5,10.88,6.841,6.87,47.94,84.52,0.9097,81.09,966.8,18.28,15441.8,368740.1,24.52,33.94,55.48,21.54,1.0007,5283.2,183.5,B5362,0,0.85864,4,1,0,train
P16,HFP-2400,29,2025-05-28 00:08,N,PVAc_D3,Eiche,10.76,22.0,2.95,50.9,3,11.29,6993.4,8.36,6.922,6.955,48.41,84.71,0.9164,86.28,1069.4,17.46,16487.0,385227.1,23.15,33.36,53.77,20.42,0.9673,5284.1,177.1,B7542,0,0.89807,3,1,0,train
P16,HFP-2400,30,2025-05-28 01:17,N,PVAc_D3,Eiche,10.34,38.0,2.493,69.2,2,16.53,7012.2,11.71,6.826,6.854,47.86,83.6,0.9181,84.66,1005.7,17.68,11633.0,396860.0,22.04,32.03,53.73,21.7,0.8616,5285.2,178.3,B9516,0,0.92584,2,1,0,train
P16,HFP-2400,31,2025-05-28 02:41,N,PVAc_D4,Fichte,12.18,22.0,1.722,55.6,3,12.23,6982.5,9.35,6.866,6.889,47.95,83.87,0.9168,86.51,978.4,18.77,16511.1,413371.1,21.48,31.76,52.48,20.72,0.9768,5286.2,189.4,B5835,0,0.96465,1,1,0,train
P16,HFP-2400,32,2025-05-28 03:45,N,PVAc_D4,Esche,11.06,25.0,2.428,67.9,3,14.61,7017.1,10.07,6.874,6.902,48.23,84.94,0.9107,84.37,1083.0,18.21,17991.4,431362.5,21.56,31.18,53.25,22.07,1.1372,5287.3,173.9,B9530,1,1.0,0,1,0,train
P17,HFP-3200,1,2025-03-10 03:00,N,PVAc_D4,Fichte,8.59,18.0,2.592,53.1,2,9.75,7034.5,12.98,6.73,6.758,47.34,82.29,0.9226,63.16,902.8,17.24,8674.4,8674.4,11.32,24.99,32.37,7.37,0.9057,37790.1,182.1,B6014,0,0.03178,28,0,0,train
P17,HFP-3200,2,2025-03-10 04:01,N,PVAc_D4,Buche,10.81,30.0,2.492,64.7,2,14.19,6992.2,11.49,6.827,6.838,47.73,81.99,0.9336,74.98,806.2,16.24,6979.3,15653.7,13.55,28.0,34.57,6.57,0.6798,37791.2,170.2,B3642,0,0.0543,27,0,0,train
P17,HFP-3200,3,2025-03-10 05:18,N,PVAc_D3,Eiche,10.54,38.0,2.767,72.9,2,14.76,6988.2,9.36,6.771,6.796,47.31,81.7,0.9287,65.91,903.1,17.7,8099.6,23753.3,12.6,25.57,34.58,9.02,0.715,37792.4,177.7,B3234,0,0.08475,26,0,0,train
P17,HFP-3200,4,2025-03-10 06:47,F,PVAc_D3,Esche,8.46,38.0,2.554,67.3,2,13.67,6991.8,5.61,6.7,6.721,46.85,80.55,0.9327,68.07,882.0,18.27,8426.1,32179.3,12.98,24.87,33.8,8.93,0.6301,37793.5,173.3,B5691,0,0.11549,25,0,0,train
P17,HFP-3200,5,2025-03-10 08:14,F,PVAc_D3,Fichte,10.73,22.0,2.938,57.3,2,12.88,7000.2,10.94,6.804,6.826,47.63,83.39,0.9161,73.18,905.1,19.16,9955.6,42134.9,13.17,26.96,36.74,9.78,0.6357,37794.5,193.6,B3433,0,0.153,24,0,0,train
P17,HFP-3200,6,2025-03-10 09:29,F,PUR,Esche,8.98,22.0,2.047,62.0,2,15.71,6997.4,10.09,6.757,6.772,47.28,82.44,0.9198,71.6,887.8,14.6,6970.5,49105.5,14.16,26.89,35.02,8.13,0.6472,37795.5,177.4,B4508,0,0.17523,23,0,0,train
P17,HFP-3200,7,2025-03-10 10:52,F,PUR,Eiche,9.16,38.0,2.346,74.4,3,17.85,7017.7,6.27,6.801,6.838,47.73,82.6,0.9267,71.87,899.7,17.05,12306.3,61411.8,15.8,29.28,35.2,5.92,0.7468,37796.8,178.3,B8699,0,0.22,22,0,0,train
P17,HFP-3200,8,2025-03-10 12:27,F,PVAc_D4,Eiche,10.86,30.0,2.363,64.6,2,12.07,6981.4,9.3,6.871,6.882,47.97,84.07,0.9152,69.6,864.7,17.32,8294.2,69706.0,17.19,29.9,39.04,9.14,0.6827,37797.9,174.3,B7547,0,0.24648,21,0,0,train
P17,HFP-3200,9,2025-03-10 13:42,F,PVAc_D4,Buche,12.75,22.0,2.497,56.9,2,10.92,6989.2,11.86,6.939,6.967,48.5,84.09,0.925,71.58,888.7,14.62,7074.6,76780.5,16.08,28.14,38.43,10.29,0.5612,37798.8,167.3,B4152,0,0.27191,20,0,0,train
P17,HFP-3200,10,2025-03-10 14:51,S,PVAc_D4,Fichte,9.52,22.0,2.076,55.7,2,10.61,6990.7,7.04,6.748,6.782,47.17,82.02,0.9223,75.28,948.3,21.68,12222.3,89002.9,17.12,32.48,37.58,5.1,0.6907,37799.7,162.4,B1671,0,0.32161,19,0,0,train
P17,HFP-3200,11,2025-03-10 16:07,S,PVAc_D3,Eiche,9.09,22.0,2.2,60.6,2,13.31,6978.7,8.41,6.724,6.745,46.93,80.8,0.9315,75.76,884.2,15.1,6723.8,95726.6,18.27,30.87,40.87,10.0,0.6956,37800.7,177.6,B6424,0,0.34294,18,0,0,train
P17,HFP-3200,12,2025-03-10 17:16,S,PVAc_D4,Esche,10.43,22.0,1.882,54.6,2,14.73,6996.5,11.24,6.851,6.885,47.93,83.27,0.9232,68.86,886.8,18.88,8475.1,104201.8,19.37,32.83,41.76,8.92,0.8859,37801.6,176.5,B1039,0,0.37194,17,0,0,train
P17,HFP-3200,13,2025-03-10 18:19,S,PUR,Esche,9.08,25.0,2.795,67.3,2,17.14,6965.5,12.36,6.782,6.801,47.24,83.4,0.9083,79.89,928.0,13.83,7411.3,111613.1,16.3,30.65,41.51,10.86,1.0353,37802.8,179.2,B2287,0,0.39721,16,0,0,train
P17,HFP-3200,14,2025-03-10 19:48,S,PVAc_D4,Fichte,11.52,25.0,2.854,56.0,2,10.74,6996.5,11.43,6.92,6.947,48.41,84.67,0.917,77.09,946.3,19.23,11227.5,122840.6,16.62,31.71,38.0,6.29,0.7604,37803.7,186.7,B1373,0,0.44182,15,0,0,train
P17,HFP-3200,15,2025-03-10 20:59,S,PVAc_D3,Fichte,8.57,18.0,1.813,54.0,2,12.93,6989.2,12.72,6.7,6.706,46.83,82.61,0.9091,75.34,931.4,17.32,9716.8,132557.4,17.07,29.87,41.56,11.69,1.0895,37804.6,190.3,B1374,0,0.48162,14,0,0,train
P17,HFP-3200,16,2025-03-10 22:03,N,PVAc_D3,Buche,13.34,38.0,2.147,68.2,2,14.1,6986.4,7.15,6.949,6.975,48.55,85.76,0.9078,70.65,1011.5,17.14,10074.9,142632.4,13.11,26.24,38.42,12.18,0.9699,37805.7,172.3,B1154,0,0.51628,13,0,0,train
P17,HFP-3200,17,2025-03-10 23:26,N,PVAc_D3,Eiche,11.62,22.0,2.064,55.2,2,12.65,6998.8,7.52,6.855,6.874,47.98,84.19,0.9139,79.99,972.9,18.95,10590.7,153223.0,11.91,25.15,35.71,10.56,0.7768,37806.7,194.6,B8004,0,0.55615,12,0,0,train
P17,HFP-3200,18,2025-03-11 00:40,N,PVAc_D4,Esche,9.24,25.0,1.55,54.8,2,12.2,7006.4,8.24,6.729,6.769,47.15,82.68,0.9145,79.93,926.8,19.46,9926.6,163149.7,14.3,27.4,35.87,8.47,0.7643,37807.6,183.1,B5832,0,0.59849,11,0,0,train
P17,HFP-3200,19,2025-03-11 01:52,N,PVAc_D3,Esche,10.45,38.0,2.203,66.0,2,16.55,6996.3,7.68,6.794,6.826,47.54,83.54,0.9125,85.66,935.8,16.14,7691.3,170841.0,13.86,27.57,39.05,11.48,0.8666,37808.7,183.9,B9758,0,0.62574,10,0,0,train
P17,HFP-3200,20,2025-03-11 03:09,N,PVAc_D4,Buche,10.38,18.0,2.722,57.0,2,11.13,6996.7,7.83,6.832,6.865,47.8,84.19,0.9105,79.34,957.7,19.8,11233.2,182074.1,11.77,25.9,35.65,9.75,0.7662,37809.6,169.7,B9643,0,0.66913,9,0,0,train
P17,HFP-3200,21,2025-03-11 04:18,N,PVAc_D3,Fichte,7.8,25.0,2.106,63.8,2,12.97,6997.8,10.58,6.709,6.74,46.95,82.82,0.9091,77.84,920.7,16.25,8968.0,191042.1,11.99,25.14,40.68,15.54,0.8957,37810.7,174.3,B8864,0,0.70084,8,0,0,train
P17,HFP-3200,22,2025-03-11 05:38,N,PVAc_D4,Buche,9.83,25.0,2.307,55.7,2,12.81,6992.2,10.47,6.789,6.837,47.47,83.58,0.9109,76.84,916.8,19.5,10768.7,201810.8,12.3,26.95,38.22,11.27,0.8572,37811.6,177.5,B6585,0,0.73968,7,0,0,train
P17,HFP-3200,23,2025-03-11 06:45,F,PVAc_D3,Fichte,11.36,22.0,1.883,58.3,2,13.76,6995.0,12.08,6.865,6.909,48.02,84.31,0.9134,78.47,995.8,18.13,10092.8,211903.7,12.53,26.19,38.5,12.3,0.9113,37812.6,181.9,B7735,0,0.77839,6,0,0,train
P17,HFP-3200,24,2025-03-11 07:56,F,PVAc_D4,Eiche,9.71,30.0,2.317,60.7,2,15.11,7007.1,12.91,6.76,6.792,47.37,82.5,0.9208,78.73,938.2,16.9,9885.7,221789.4,14.18,27.14,39.9,12.76,0.9815,37813.6,181.0,B7169,0,0.81914,5,0,0,train
P17,HFP-3200,25,2025-03-11 09:06,F,PUR,Buche,10.31,38.0,2.478,74.8,2,19.27,7003.2,12.08,6.863,6.875,48.06,84.53,0.9118,79.72,950.4,21.52,11602.6,233392.0,14.79,28.45,42.09,13.64,0.848,37814.8,184.4,B8237,0,0.86342,4,1,0,train
P17,HFP-3200,26,2025-03-11 10:43,F,PVAc_D3,Eiche,9.26,30.0,2.665,66.0,2,14.29,6967.5,10.21,6.733,6.755,46.91,82.13,0.9161,72.66,949.4,20.25,10225.1,243617.1,15.79,30.69,45.01,14.32,0.9659,37815.9,181.3,B5704,0,0.89642,3,1,0,train
P17,HFP-3200,27,2025-03-11 12:10,F,PUR,Fichte,8.37,38.0,2.342,75.0,2,19.97,6999.7,8.61,6.736,6.772,47.15,83.42,0.9065,78.41,878.4,17.48,8845.8,252462.9,15.52,29.51,43.67,14.16,0.8726,37817.2,155.9,B3969,0,0.92721,2,1,0,train
P17,HFP-3200,28,2025-03-11 13:46,F,PUR,Eiche,9.69,22.0,2.649,64.5,2,15.89,6994.3,9.1,6.813,6.847,47.65,83.49,0.9153,78.69,984.6,22.05,12748.3,265211.1,17.99,33.11,46.59,13.47,1.1224,37818.3,187.9,B5469,0,0.98529,1,1,0,train
P17,HFP-3200,29,2025-03-11 15:03,S,PUR,Fichte,10.49,38.0,3.06,75.0,3,18.34,7003.7,5.53,6.929,6.972,48.53,85.27,0.9127,83.51,951.6,18.03,14997.9,280209.0,18.88,32.1,49.77,17.68,1.1249,37819.5,186.3,B7369,1,1.0,0,1,0,train
P18,HFP-2400,1,2025-06-09 05:00,N,PUR,Eiche,11.45,30.0,2.454,66.1,2,18.32,7023.5,9.62,6.965,6.994,48.92,84.3,0.9307,73.6,1011.7,17.34,11032.9,11032.9,23.51,33.55,42.5,8.95,0.8382,31165.0,183.0,B5827,0,0.03157,29,0,0,train
P18,HFP-2400,2,2025-06-09 06:27,F,PVAc_D3,Buche,10.99,38.0,2.091,71.0,2,14.92,6993.8,6.95,6.935,6.96,48.5,84.33,0.9224,71.87,955.3,18.65,10920.0,21952.8,24.59,35.32,39.24,3.92,0.9002,31166.2,173.1,B1134,0,0.06429,28,0,0,train
P18,HFP-2400,3,2025-06-09 07:46,F,PVAc_D4,Fichte,10.92,25.0,2.053,63.2,2,13.14,6997.8,10.79,6.992,7.028,48.93,85.4,0.9188,69.0,892.0,20.64,10105.7,32058.5,23.86,34.03,38.96,4.93,0.4581,31167.3,170.0,B7991,0,0.08888,27,0,0,train
P18,HFP-2400,4,2025-06-09 09:08,F,PVAc_D3,Buche,10.59,25.0,2.385,58.7,3,14.03,7029.2,6.61,6.991,7.003,49.14,85.72,0.9194,65.76,928.6,14.63,11485.0,43543.5,23.89,33.93,40.55,6.62,0.8745,31168.3,176.5,B7856,0,0.11906,26,0,0,train
P18,HFP-2400,5,2025-06-09 10:20,F,PUR,Eiche,11.34,25.0,2.107,60.9,2,17.2,7012.4,6.87,6.924,6.951,48.55,84.48,0.9216,74.31,941.3,16.99,8536.8,52080.3,27.15,39.19,41.35,2.16,0.8232,31169.3,172.3,B1874,0,0.14246,25,0,0,train
P18,HFP-2400,6,2025-06-09 11:35,F,PVAc_D3,Buche,9.82,25.0,3.1,56.9,2,13.06,7002.7,12.94,6.937,6.954,48.57,84.32,0.9239,70.53,931.5,16.4,9466.4,61546.7,27.43,39.39,43.11,3.72,1.2532,31170.2,193.3,B6919,0,0.1676,24,0,0,train
P18,HFP-2400,7,2025-06-09 12:47,F,PUR,Esche,11.41,30.0,1.966,66.3,2,15.79,7011.1,10.4,6.972,7.005,48.88,85.23,0.9198,74.0,991.5,16.41,9307.3,70854.0,28.1,39.89,46.42,6.53,0.9699,31171.3,191.8,B8111,0,0.19305,23,0,0,train
P18,HFP-2400,8,2025-06-09 14:03,S,PVAc_D4,Eiche,12.2,25.0,2.657,68.7,3,12.44,7024.1,11.14,7.048,7.063,49.51,86.69,0.9159,80.38,1018.0,18.9,17060.7,87914.8,27.79,39.09,45.41,6.32,0.9381,31172.5,192.4,B4822,0,0.24027,22,0,0,train
P18,HFP-2400,9,2025-06-09 15:22,S,PUR,Fichte,12.22,25.0,2.204,56.7,2,16.66,7003.6,13.1,7.052,7.099,49.39,86.94,0.9111,67.98,937.4,19.01,10592.1,98506.9,26.94,37.48,45.75,8.26,1.0273,31173.4,181.7,B7051,0,0.27076,21,0,0,train
P18,HFP-2400,10,2025-06-09 16:41,S,PVAc_D4,Buche,9.95,18.0,2.664,50.4,2,11.28,7049.0,7.96,6.905,6.938,48.67,86.6,0.9013,74.03,956.8,16.08,9697.1,108204.0,27.88,37.89,40.28,2.39,0.8292,31174.2,171.2,B9019,0,0.29928,20,0,0,train
P18,HFP-2400,11,2025-06-09 17:50,S,PUR,Eiche,12.03,25.0,2.072,62.2,2,16.73,7006.5,11.28,7.013,7.042,49.14,85.36,0.9231,72.99,1030.6,17.19,11983.6,120187.6,28.55,40.2,41.35,1.15,0.9365,31175.3,173.8,B2393,0,0.33899,19,0,0,train
P18,HFP-2400,12,2025-06-09 19:06,S,PVAc_D3,Fichte,11.13,18.0,2.247,52.3,2,9.9,6997.6,11.7,6.962,6.983,48.72,84.13,0.9287,74.16,962.6,20.28,11589.2,131776.8,27.32,39.5,48.87,9.38,0.9893,31176.2,175.3,B9475,0,0.36913,18,0,0,train
P18,HFP-2400,13,2025-06-09 20:14,S,PVAc_D4,Eiche,10.6,18.0,2.355,58.6,2,12.87,7014.8,9.54,6.958,6.998,48.81,84.49,0.9265,79.1,992.8,19.64,12343.6,144120.4,25.85,36.26,39.25,2.99,0.8594,31177.1,181.1,B1739,0,0.40304,17,0,0,train
P18,HFP-2400,14,2025-06-09 21:32,S,PUR,Buche,10.51,38.0,2.344,69.5,3,15.98,7012.2,9.79,6.994,7.021,49.04,85.35,0.9215,77.68,1028.8,19.59,17339.2,161459.6,24.95,36.6,42.98,6.39,0.9918,31178.3,174.9,B5043,0,0.45642,16,0,0,train
P18,HFP-2400,15,2025-06-09 22:58,N,PVAc_D4,Esche,8.65,30.0,2.633,65.1,3,14.08,7011.5,8.39,6.81,6.821,47.75,84.19,0.9095,74.91,910.7,18.85,15118.0,176577.7,24.87,35.29,44.17,8.87,0.727,31179.4,177.9,B5715,0,0.49972,15,0,0,train
P18,HFP-2400,16,2025-06-10 00:14,N,PVAc_D3,Buche,11.68,25.0,2.143,53.1,3,12.55,7031.1,8.84,6.984,7.004,49.1,85.57,0.9204,75.44,988.3,17.17,15173.9,191751.6,24.12,35.39,45.47,10.08,0.9452,31180.3,170.3,B9120,0,0.5413,14,0,0,train
P18,HFP-2400,17,2025-06-10 01:17,N,PUR,Eiche,10.52,22.0,2.856,62.8,2,15.85,7031.2,10.88,7.018,7.051,49.34,85.85,0.9217,77.78,963.5,17.5,10562.0,202313.6,23.8,35.08,46.14,11.06,0.578,31181.3,179.3,B7900,0,0.57241,13,0,0,train
P18,HFP-2400,18,2025-06-10 02:38,N,PUR,Buche,7.8,18.0,2.812,52.7,2,13.24,7008.5,9.66,6.863,6.881,48.1,84.44,0.9136,80.91,984.2,18.31,11160.1,213473.7,23.16,33.29,43.92,10.64,1.0845,31182.2,171.4,B7001,0,0.60228,12,0,0,train
P18,HFP-2400,19,2025-06-10 03:45,N,PVAc_D3,Esche,11.82,30.0,2.977,64.0,2,14.83,7013.4,7.69,7.015,7.026,49.2,86.87,0.9082,79.45,929.8,18.36,10333.7,223807.4,22.86,36.21,41.96,5.76,0.9415,31183.3,172.4,B1073,0,0.63138,11,0,0,train
P18,HFP-2400,20,2025-06-10 05:02,N,PVAc_D3,Eiche,11.17,18.0,2.727,57.3,2,11.38,6996.5,8.72,7.003,7.033,49.0,87.06,0.9026,74.42,974.6,18.77,11084.2,234891.5,23.79,35.17,46.88,11.71,0.9419,31184.2,179.6,B5999,0,0.66148,10,0,0,train
P18,HFP-2400,21,2025-06-10 06:21,F,PUR,Eiche,11.21,18.0,2.36,52.8,2,15.23,7042.1,8.64,7.042,7.062,49.59,86.87,0.9155,72.67,1037.0,18.61,11391.3,246282.8,24.29,34.16,46.1,11.94,1.1686,31185.1,191.4,B1146,0,0.69132,9,0,0,train
P18,HFP-2400,22,2025-06-10 07:25,F,PVAc_D4,Eiche,10.64,18.0,2.395,54.7,2,9.87,6997.9,9.7,6.983,7.008,48.86,86.22,0.9089,81.86,1005.9,22.13,13056.2,259339.0,24.85,36.74,50.67,13.94,0.9398,31186.0,175.8,B6194,0,0.72558,8,0,0,train
P18,HFP-2400,23,2025-06-10 08:36,F,PVAc_D3,Eiche,11.77,38.0,2.662,73.3,2,14.51,7054.9,10.9,6.985,7.008,49.28,87.2,0.9063,78.34,1106.0,18.6,12419.9,271758.9,25.21,36.84,45.86,9.03,0.7445,31187.2,174.3,B1051,0,0.76662,7,0,0,train
P18,HFP-2400,24,2025-06-10 10:10,F,PVAc_D4,Fichte,10.24,18.0,2.498,55.6,2,12.89,7011.9,7.41,6.959,7.005,48.8,85.24,0.9181,77.28,977.2,16.15,9449.8,281208.7,26.68,37.95,48.61,10.65,0.9847,31188.2,171.2,B5859,0,0.79295,6,0,0,train
P18,HFP-2400,25,2025-06-10 11:24,F,PUR,Buche,10.6,38.0,2.866,75.0,2,19.58,7063.6,8.71,6.97,7.015,49.24,86.32,0.9148,80.53,981.9,19.99,11474.9,292683.6,28.03,41.1,55.15,14.05,1.0658,31189.4,185.1,B1898,0,0.82463,5,0,0,train
P18,HFP-2400,26,2025-06-10 13:00,F,PVAc_D4,Eiche,10.59,22.0,2.1,55.8,2,12.25,6993.5,10.41,6.88,6.908,48.12,85.44,0.9032,75.55,995.3,18.03,11534.2,304217.8,29.15,37.37,48.81,11.44,1.5602,31190.3,175.4,B8110,0,0.86106,4,1,0,train
P18,HFP-2400,27,2025-06-10 14:12,S,PVAc_D3,Esche,8.41,30.0,1.939,69.6,3,13.97,6984.7,8.53,6.786,6.808,47.4,82.81,0.918,79.58,1050.9,16.43,16727.3,320945.1,28.84,40.73,57.49,16.76,0.8773,31191.5,174.3,B3675,0,0.9125,3,1,0,train
P18,HFP-2400,28,2025-06-10 15:38,S,PVAc_D4,Esche,11.91,22.0,2.366,57.6,2,11.78,7023.0,11.43,7.053,7.068,49.53,87.54,0.9075,82.27,1031.9,16.98,10716.9,331662.0,28.18,39.52,57.99,18.47,1.0181,31192.4,172.6,B6816,0,0.94486,2,1,0,train
P18,HFP-2400,29,2025-06-10 16:56,S,PUR,Buche,9.56,25.0,2.458,62.6,2,15.86,7018.7,9.45,6.916,6.928,48.54,84.72,0.9189,82.16,1070.8,16.29,10758.0,342420.0,27.14,37.35,54.25,16.9,1.2243,31193.5,184.2,B5194,0,0.9742,1,1,0,train
P18,HFP-2400,30,2025-06-10 18:11,S,PVAc_D3,Buche,12.45,38.0,2.275,70.2,3,14.51,7012.7,10.44,7.044,7.08,49.4,86.51,0.9158,77.34,1016.2,18.87,16125.4,358545.4,28.79,40.91,57.96,17.05,0.7448,31194.7,183.7,B8046,1,1.0,0,1,0,train
P19,HFP-3200,1,2025-02-07 00:00,N,PVAc_D3,Eiche,7.94,25.0,2.209,61.9,2,13.85,6980.1,7.63,6.734,6.756,47.0,82.66,0.9119,60.12,849.4,15.57,6901.0,6901.0,10.81,22.6,34.94,12.34,0.6494,16688.8,185.5,B1949,0,0.02508,25,0,0,train
P19,HFP-3200,2,2025-02-07 01:23,N,PVAc_D3,Buche,9.9,25.0,1.954,66.6,2,13.18,6983.2,12.06,6.842,6.872,47.78,82.88,0.9245,58.83,760.7,16.38,5838.5,12739.5,9.08,20.69,34.56,13.87,0.7009,16689.9,162.0,B9598,0,0.04834,24,0,0,train
P19,HFP-3200,3,2025-02-07 02:42,N,PUR,Buche,9.73,18.0,2.232,62.2,2,14.81,6976.3,11.21,6.79,6.817,47.37,82.28,0.9233,63.01,860.5,20.58,9180.8,21920.3,8.35,19.32,33.79,14.47,0.7802,16690.9,176.4,B1817,0,0.08963,23,0,0,train
P19,HFP-3200,4,2025-02-07 04:05,N,PVAc_D3,Fichte,10.05,38.0,1.929,72.4,3,16.98,7012.5,10.06,6.847,6.868,48.02,84.12,0.9154,61.41,799.0,16.2,9876.2,31796.4,12.1,24.02,34.43,10.41,0.7551,16692.1,178.9,B7313,0,0.12704,22,0,0,train
P19,HFP-3200,5,2025-02-07 05:36,N,PVAc_D4,Eiche,9.75,18.0,1.903,55.7,3,13.13,6998.7,8.12,6.814,6.855,47.69,83.29,0.9182,59.24,829.6,17.78,10399.7,42196.2,9.73,18.96,36.25,17.29,0.7999,16693.0,179.6,B5333,0,0.16769,21,0,0,train
P19,HFP-3200,6,2025-02-07 06:52,F,PVAc_D3,Fichte,9.83,22.0,2.231,53.0,2,10.84,7022.5,9.38,6.822,6.859,47.91,83.77,0.9172,58.89,860.1,17.6,7910.6,50106.8,9.7,21.14,32.71,11.57,0.7299,16693.9,190.8,B1249,0,0.19945,20,0,0,train
P19,HFP-3200,7,2025-02-07 08:03,F,PUR,Eiche,10.22,25.0,2.592,56.4,3,14.64,7007.9,8.66,6.901,6.912,48.36,84.31,0.9199,59.02,784.6,16.03,9481.3,59588.1,10.59,20.9,36.57,15.67,0.4338,16694.9,173.7,B6794,0,0.23617,19,0,0,train
P19,HFP-3200,8,2025-02-07 09:21,F,PUR,Buche,11.79,22.0,2.82,64.5,2,15.12,6980.3,8.4,6.955,6.978,48.55,83.5,0.9325,63.15,802.1,14.94,6289.5,65877.6,12.86,23.45,39.27,15.81,0.6753,16695.9,175.2,B9083,0,0.26111,18,0,0,train
P19,HFP-3200,9,2025-02-07 10:40,F,PVAc_D3,Esche,11.85,25.0,2.665,59.6,3,14.66,7015.7,13.22,7.023,7.058,49.27,86.18,0.9169,62.54,822.6,18.85,12371.6,78249.2,13.57,25.15,40.57,15.42,0.8409,16696.9,186.1,B6088,0,0.31416,17,0,0,train
P19,HFP-3200,10,2025-02-07 11:51,F,PVAc_D4,Esche,10.51,30.0,2.339,64.2,3,15.1,6986.4,9.58,6.911,6.927,48.28,84.76,0.9136,61.48,873.2,18.56,12176.8,90425.9,14.82,26.59,39.29,12.7,0.6966,16698.0,184.3,B6819,0,0.36914,16,0,0,train
P19,HFP-3200,11,2025-02-07 13:12,F,PVAc_D4,Buche,8.9,25.0,2.717,61.4,2,13.49,6985.8,11.6,6.813,6.833,47.6,83.21,0.9173,58.67,820.3,20.08,8334.5,98760.4,15.28,26.63,44.95,18.32,0.8743,16699.0,177.3,B1988,0,0.40679,15,0,0,train
P19,HFP-3200,12,2025-02-07 14:24,S,PVAc_D3,Buche,11.67,25.0,2.261,60.7,2,11.3,7017.2,7.99,6.92,6.966,48.56,84.7,0.9194,60.92,888.9,18.35,8412.6,107173.0,14.77,26.41,40.54,14.13,0.8594,16700.0,186.0,B9774,0,0.4429,14,0,0,train
P19,HFP-3200,13,2025-02-07 15:44,S,PUR,Esche,12.04,25.0,1.773,58.5,2,15.46,6974.0,11.49,6.92,6.933,48.26,83.71,0.9246,60.14,809.6,20.37,8502.0,115675.0,15.17,27.14,42.42,15.29,0.8939,16701.0,179.6,B7014,0,0.47437,13,0,0,train
P19,HFP-3200,14,2025-02-07 17:02,S,PVAc_D4,Esche,8.49,30.0,2.788,63.2,3,12.35,6981.5,8.34,6.757,6.772,47.17,82.4,0.9182,67.06,853.3,21.3,14511.4,130186.4,13.3,24.64,46.45,21.82,0.9445,16702.1,179.6,B3293,0,0.534,12,0,0,train
P19,HFP-3200,15,2025-02-07 18:26,S,PVAc_D3,Fichte,8.16,25.0,1.923,62.5,3,12.41,6983.2,9.29,6.729,6.776,46.99,82.64,0.9119,60.1,846.4,19.99,12426.3,142612.7,15.79,27.37,40.71,13.33,0.8399,16703.1,185.2,B7589,0,0.58564,11,0,0,train
P19,HFP-3200,16,2025-02-07 19:48,S,PUR,Esche,11.88,38.0,2.33,68.1,3,18.94,6981.9,9.44,7.01,7.039,48.94,85.93,0.9134,56.77,882.6,17.69,12411.5,155024.2,12.82,24.02,41.34,17.32,0.949,16704.2,172.6,B2798,0,0.64046,10,0,0,train
P19,HFP-3200,17,2025-02-07 21:13,S,PVAc_D3,Fichte,10.3,18.0,2.442,58.9,3,10.36,6992.0,9.25,6.848,6.877,47.88,84.35,0.9104,69.28,871.0,17.29,12270.3,167294.5,11.38,23.91,42.31,18.4,0.9405,16705.2,183.0,B6401,0,0.68538,9,0,0,train
P19,HFP-3200,18,2025-02-07 22:30,N,PVAc_D4,Fichte,10.34,18.0,2.818,55.5,2,11.66,6993.5,8.73,6.932,6.947,48.48,85.68,0.9075,61.98,812.0,19.57,8559.1,175853.6,12.96,24.2,43.55,19.36,0.8893,16706.1,181.7,B6073,0,0.72284,8,0,0,train
P19,HFP-3200,19,2025-02-07 23:34,N,PVAc_D3,Fichte,8.77,25.0,2.056,61.3,2,14.53,7000.6,12.44,6.741,6.772,47.19,82.76,0.9146,61.94,849.6,16.3,7527.0,183380.6,11.69,23.64,39.8,16.16,0.8246,16707.2,187.8,B6805,0,0.75564,7,0,0,train
P19,HFP-3200,20,2025-02-08 00:50,N,PUR,Esche,12.77,30.0,1.574,63.8,3,16.54,6993.3,7.45,6.993,7.029,48.91,85.37,0.9187,60.34,886.2,19.28,13016.5,196397.1,12.79,24.07,42.76,18.68,0.911,16708.2,163.2,B9871,0,0.81398,6,0,0,train
P19,HFP-3200,21,2025-02-08 02:05,N,PUR,Eiche,12.36,18.0,2.042,59.8,2,13.15,7013.3,7.73,6.976,6.995,48.93,85.01,0.9231,67.16,856.5,23.07,10199.7,206596.8,9.42,19.96,40.47,20.51,0.9801,16709.2,190.5,B4738,0,0.86323,5,0,0,train
P19,HFP-3200,22,2025-02-08 03:18,N,PUR,Esche,9.66,30.0,2.342,66.3,2,16.99,6982.1,10.13,6.791,6.81,47.41,82.33,0.9236,63.21,825.6,19.12,7719.2,214315.9,9.84,19.47,41.03,21.57,0.9651,16710.3,174.3,B7083,0,0.88965,4,1,0,train
P19,HFP-3200,23,2025-02-08 04:42,N,PVAc_D4,Esche,8.7,18.0,2.209,58.3,2,11.75,6980.2,11.99,6.799,6.807,47.46,83.05,0.9165,67.7,874.9,17.44,7492.2,221808.1,11.03,21.78,43.43,21.65,0.9763,16711.3,173.7,B7615,0,0.91965,3,1,0,train
P19,HFP-3200,24,2025-02-08 05:53,N,PVAc_D4,Eiche,11.57,30.0,2.361,63.5,2,14.14,7003.0,10.0,6.935,6.946,48.56,85.82,0.9075,66.14,931.0,15.61,7650.6,229458.8,8.53,20.4,40.19,19.79,0.9384,16712.4,163.8,B5386,0,0.94826,2,1,0,train
P19,HFP-3200,25,2025-02-08 07:13,F,PVAc_D4,Eiche,11.2,18.0,2.359,49.5,3,9.25,6976.4,7.31,6.951,6.997,48.49,84.96,0.9153,67.92,875.3,16.56,11233.8,240692.6,11.09,22.36,42.49,20.13,0.8639,16713.2,181.7,B3099,0,0.99217,1,1,0,train
P19,HFP-3200,26,2025-02-08 08:21,F,PVAc_D3,Buche,10.26,25.0,2.092,58.5,3,13.79,7006.7,12.63,6.896,6.92,48.32,85.75,0.9037,68.21,919.6,20.88,15215.1,255907.6,13.72,27.18,49.29,22.11,0.9036,16714.2,176.5,B7013,1,1.0,0,1,0,train
P20,HFP-2400,1,2025-07-18 03:00,N,PUR,Buche,7.8,18.0,2.499,60.9,3,14.66,6987.2,9.6,6.735,6.77,47.06,81.74,0.9233,44.17,773.8,19.09,9129.8,9129.8,25.08,37.16,45.06,7.9,0.6429,9543.5,183.3,B5641,0,0.02662,45,0,0,test
P20,HFP-2400,2,2025-07-18 04:20,N,PVAc_D4,Esche,12.09,38.0,2.148,71.7,3,17.53,6982.5,8.34,6.92,6.942,48.32,84.26,0.9197,40.73,728.0,18.98,8435.8,17565.6,23.3,34.76,40.77,6.0,0.4396,9544.7,191.7,B5881,0,0.04902,44,0,0,test
P20,HFP-2400,3,2025-07-18 05:52,N,PVAc_D4,Buche,11.08,18.0,2.275,53.6,2,12.0,6993.0,6.54,6.836,6.862,47.81,83.93,0.9135,40.33,757.4,17.65,5760.6,23326.2,25.53,36.87,42.86,5.99,0.6264,9545.6,173.3,B3149,0,0.06378,43,0,0,test
P20,HFP-2400,4,2025-07-18 07:07,F,PVAc_D4,Fichte,10.2,30.0,1.641,58.9,2,14.06,6960.8,11.43,6.812,6.834,47.42,82.24,0.9247,41.52,762.7,17.58,6519.5,29845.7,25.82,38.07,42.93,4.86,0.6236,9546.6,177.7,B3307,0,0.08112,42,0,0,test
P20,HFP-2400,5,2025-07-18 08:23,F,PVAc_D4,Eiche,11.55,18.0,2.141,54.3,2,12.95,7001.9,9.28,6.908,6.942,48.37,82.92,0.9355,42.99,754.4,18.8,6695.6,36541.3,25.82,36.36,45.26,8.9,0.1612,9547.5,183.9,B2083,0,0.10092,41,0,0,test
P20,HFP-2400,6,2025-07-18 09:35,F,PVAc_D3,Eiche,11.88,30.0,2.049,58.1,2,14.81,6997.8,12.12,6.878,6.911,48.13,83.44,0.9251,42.6,769.6,16.65,5487.0,42028.2,27.35,39.5,47.06,7.55,0.5926,9548.4,181.9,B5223,0,0.11513,40,0,0,test
P20,HFP-2400,7,2025-07-18 10:48,F,PVAc_D3,Esche,12.99,38.0,2.532,70.6,3,16.92,6992.4,9.26,7.018,7.03,49.07,86.37,0.9112,38.12,662.7,20.7,8806.3,50834.6,26.78,39.02,46.36,7.34,0.3506,9549.6,175.0,B2954,0,0.13909,39,0,0,test
P20,HFP-2400,8,2025-07-18 12:19,F,PVAc_D3,Esche,9.24,22.0,2.235,49.0,2,11.67,7000.6,11.48,6.785,6.786,47.5,83.81,0.9089,51.46,699.9,13.14,4121.1,54955.7,29.57,41.19,50.47,9.28,0.5215,9550.4,182.9,B7300,0,0.14911,38,0,0,test
P20,HFP-2400,9,2025-07-18 13:23,F,PUR,Esche,10.04,30.0,2.744,68.8,3,18.63,6995.8,11.71,6.848,6.852,47.91,83.79,0.917,40.1,761.9,17.41,8595.3,63551.0,27.88,40.7,46.88,6.19,0.629,9551.6,171.2,B7678,0,0.16934,37,0,0,test
P20,HFP-2400,10,2025-07-18 14:46,S,PUR,Esche,11.53,22.0,2.184,63.3,2,15.18,7002.7,7.13,6.91,6.953,48.39,85.04,0.9126,46.6,680.1,17.42,5111.0,68662.0,28.09,41.49,50.15,8.66,0.3423,9552.6,193.1,B6569,0,0.18291,36,0,0,test
P20,HFP-2400,11,2025-07-18 16:07,S,PVAc_D3,Fichte,11.44,38.0,2.707,74.6,3,16.14,6969.1,10.61,6.967,6.991,48.55,83.9,0.9281,45.98,755.5,16.56,8767.0,77429.1,29.25,40.5,50.42,9.92,0.5448,9553.9,178.7,B6499,0,0.20389,35,0,0,test
P20,HFP-2400,12,2025-07-18 17:31,S,PVAc_D3,Buche,10.74,30.0,2.427,63.6,3,13.68,6999.8,10.65,6.864,6.91,48.05,84.19,0.9152,44.73,737.4,15.52,7295.9,84725.0,29.49,41.84,49.68,7.83,0.7077,9554.9,190.9,B7650,0,0.22175,34,0,0,test
P20,HFP-2400,13,2025-07-18 18:45,S,PVAc_D3,Fichte,7.8,30.0,2.327,66.5,3,16.61,7011.8,11.11,6.7,6.715,46.98,82.56,0.9126,42.37,703.0,17.3,8182.2,92907.2,28.44,40.98,49.66,8.68,0.3636,9556.0,176.6,B7383,0,0.24312,33,0,0,test
P20,HFP-2400,14,2025-07-18 20:09,S,PUR,Buche,12.78,22.0,2.371,61.7,2,15.24,6964.5,9.34,7.039,7.081,49.02,85.74,0.917,41.56,683.5,17.45,5195.2,98102.4,28.84,40.44,47.77,7.33,0.7294,9557.1,179.7,B3660,0,0.25566,32,0,0,test
P20,HFP-2400,15,2025-07-18 21:29,S,PUR,Eiche,10.36,25.0,2.435,66.1,2,16.65,6999.3,11.89,6.83,6.851,47.8,83.77,0.9151,42.67,728.2,14.43,5056.1,103158.5,27.98,40.67,47.63,6.96,0.5391,9558.2,172.7,B6692,0,0.26859,31,0,0,test
P20,HFP-2400,16,2025-07-18 22:48,N,PVAc_D3,Eiche,8.37,22.0,2.651,54.2,3,11.8,6970.3,8.19,6.742,6.773,46.99,82.91,0.909,48.71,762.4,17.79,9242.6,112401.1,25.25,37.74,46.84,9.1,0.3775,9559.1,175.7,B8365,0,0.291,30,0,0,test
P20,HFP-2400,17,2025-07-18 23:53,N,PVAc_D3,Buche,10.4,18.0,1.946,51.7,2,11.51,7009.8,5.6,6.86,6.896,48.09,84.27,0.9151,44.89,791.6,20.11,7907.1,120308.3,25.21,38.73,44.85,6.12,0.7831,9559.9,183.0,B2146,0,0.31238,29,0,0,test
P20,HFP-2400,18,2025-07-19 00:58,N,PVAc_D4,Fichte,9.44,25.0,2.454,60.7,2,14.11,6988.6,11.13,6.747,6.765,47.15,82.31,0.9188,46.94,732.8,21.68,7466.1,127774.4,25.67,38.02,45.99,7.97,0.5808,9561.0,175.7,B1247,0,0.33332,28,0,0,test
P20,HFP-2400,19,2025-07-19 02:10,N,PVAc_D4,Buche,10.26,38.0,1.88,68.7,2,15.68,6986.2,9.35,6.843,6.888,47.81,83.74,0.9156,44.43,778.7,18.05,7260.2,135034.6,24.74,37.42,44.45,7.03,0.4032,9562.1,180.4,B4061,0,0.35031,27,0,0,test
P20,HFP-2400,20,2025-07-19 03:36,N,PVAc_D3,Buche,9.57,18.0,2.237,58.7,2,13.97,7018.0,10.03,6.729,6.761,47.23,82.67,0.9161,39.02,858.0,16.28,7102.9,142137.5,23.26,36.62,45.99,9.37,0.9442,9563.1,171.4,B5573,0,0.37015,26,0,0,test
P20,HFP-2400,21,2025-07-19 04:43,N,PVAc_D4,Esche,9.54,22.0,2.447,61.3,2,13.06,7000.1,12.25,6.77,6.803,47.39,82.83,0.9176,43.68,736.6,17.78,6404.7,148542.2,23.74,36.99,42.65,5.66,0.5911,9564.1,173.8,B5630,0,0.38702,25,0,0,test
P20,HFP-2400,22,2025-07-19 05:54,N,PVAc_D3,Esche,9.65,38.0,2.434,73.9,2,15.25,7031.0,10.67,6.778,6.798,47.65,83.55,0.9147,44.45,773.9,20.0,7860.0,156402.2,26.68,38.78,47.38,8.6,0.7579,9565.3,190.4,B2548,0,0.40881,24,0,0,test
P20,HFP-2400,23,2025-07-19 07:18,F,PVAc_D4,Eiche,10.19,22.0,2.411,60.5,3,12.85,7010.5,9.68,6.819,6.843,47.8,83.49,0.9182,43.88,836.1,18.84,11538.5,167940.7,26.54,37.94,48.47,10.53,0.6274,9566.3,174.5,B6730,0,0.44352,23,0,0,test
P20,HFP-2400,24,2025-07-19 08:30,F,PVAc_D3,Fichte,11.58,38.0,2.48,68.5,2,18.91,6983.1,8.62,6.91,6.926,48.25,83.95,0.9219,44.27,712.4,15.82,5175.5,173116.2,25.56,38.1,49.3,11.2,0.6685,9567.5,175.4,B9037,0,0.45542,22,0,0,test
P20,HFP-2400,25,2025-07-19 09:58,F,PUR,Eiche,12.51,22.0,2.934,65.3,2,15.23,6991.6,10.37,7.019,7.045,49.07,86.41,0.9108,47.16,780.7,20.31,7772.1,180888.3,26.94,38.92,45.88,6.96,0.7576,9568.6,167.3,B7469,0,0.47686,21,0,0,test
P20,HFP-2400,26,2025-07-19 11:21,F,PVAc_D4,Fichte,11.85,25.0,2.48,59.2,2,13.02,7007.6,5.04,6.888,6.912,48.27,85.3,0.9075,51.41,764.4,16.39,6193.5,187081.8,28.04,40.67,49.47,8.81,0.8784,9569.6,179.9,B1170,0,0.49248,20,0,0,test
P20,HFP-2400,27,2025-07-19 12:30,F,PVAc_D3,Eiche,9.21,38.0,1.55,63.4,3,17.01,6996.8,8.75,6.744,6.754,47.19,82.61,0.9161,48.84,792.3,17.23,9290.0,196371.8,30.69,43.21,52.24,9.03,1.0915,9570.6,167.0,B5928,0,0.51923,19,0,0,test
P20,HFP-2400,28,2025-07-19 13:42,F,PVAc_D3,Esche,7.8,18.0,2.032,49.4,2,11.78,7009.6,13.79,6.7,6.732,46.96,82.35,0.9146,54.88,805.4,18.71,7262.3,203634.0,27.83,38.13,49.42,11.29,0.5205,9571.4,177.8,B1785,0,0.54041,18,0,0,test
P20,HFP-2400,29,2025-07-19 14:48,S,PVAc_D3,Eiche,9.58,22.0,2.168,58.3,2,11.47,6983.0,6.62,6.758,6.795,47.19,81.12,0.933,48.99,724.5,17.92,5835.7,209469.8,29.15,41.38,50.7,9.31,0.7207,9572.4,173.6,B3889,0,0.55461,17,0,0,test
P20,HFP-2400,30,2025-07-19 16:02,S,PUR,Esche,11.59,18.0,2.518,58.2,2,14.41,6999.6,11.03,6.93,6.964,48.51,86.4,0.9004,42.6,768.5,18.42,6646.6,216116.4,29.73,41.42,53.56,12.14,0.6947,9573.4,167.7,B2573,0,0.5723,16,0,0,test
P20,HFP-2400,31,2025-07-19 17:13,S,PVAc_D3,Eiche,13.13,30.0,1.799,63.6,3,14.09,6999.4,3.78,6.938,6.945,48.56,85.81,0.9075,45.56,929.1,16.38,10984.4,227100.8,29.87,42.31,56.5,14.19,0.5137,9574.4,182.0,B8332,0,0.6035,15,0,0,test
P20,HFP-2400,32,2025-07-19 18:30,S,PUR,Esche,10.05,22.0,3.1,63.5,3,14.6,6999.7,10.16,6.875,6.916,48.12,84.87,0.9093,40.83,838.6,18.23,11313.9,238414.7,28.8,41.69,53.1,11.42,0.6631,9575.5,184.5,B8353,0,0.63904,14,0,0,test
P20,HFP-2400,33,2025-07-19 19:49,S,PVAc_D3,Esche,8.97,25.0,1.782,56.4,3,11.39,6990.4,6.35,6.714,6.736,46.93,83.33,0.9032,52.89,863.8,19.24,10840.3,249255.0,27.74,39.42,49.53,10.11,0.7362,9576.4,172.8,B6067,0,0.66828,13,0,0,test
P20,HFP-2400,34,2025-07-19 21:00,S,PUR,Esche,7.8,30.0,2.568,73.3,3,18.88,6991.1,9.29,6.76,6.783,47.26,83.71,0.9054,50.77,766.8,21.15,12355.0,261610.0,25.8,37.82,53.58,15.76,1.1025,9577.7,166.8,B9359,0,0.70256,12,0,0,test
P20,HFP-2400,35,2025-07-19 22:29,N,PVAc_D4,Eiche,9.99,22.0,2.091,53.0,2,12.0,7001.0,10.63,6.801,6.827,47.61,83.75,0.9117,53.85,792.5,21.85,8267.9,269877.9,27.09,40.52,50.22,9.69,1.1481,9578.5,177.7,B1290,0,0.726,11,0,0,test
P20,HFP-2400,36,2025-07-19 23:41,N,PVAc_D3,Esche,9.41,18.0,2.413,49.9,2,11.19,7000.6,8.48,6.763,6.798,47.34,84.09,0.9029,55.35,828.8,17.17,7828.9,277706.7,26.0,39.79,54.24,14.45,0.757,9579.4,167.9,B9213,0,0.74923,10,0,0,test
P20,HFP-2400,37,2025-07-20 00:47,N,PVAc_D4,Fichte,9.42,18.0,2.213,57.5,2,12.21,6965.4,5.5,6.787,6.808,47.28,83.5,0.908,48.98,809.0,17.45,6220.8,283927.6,24.85,36.34,49.49,13.14,0.7303,9580.3,177.7,B4410,0,0.76663,9,0,0,test
P20,HFP-2400,38,2025-07-20 01:59,N,PVAc_D3,Esche,11.98,38.0,1.963,68.3,3,12.82,6976.1,7.79,6.906,6.953,48.18,84.86,0.9104,54.05,806.7,21.76,12451.3,296378.8,26.38,39.96,54.25,14.29,0.849,9581.5,175.0,B7273,0,0.8032,8,0,0,test
P20,HFP-2400,39,2025-07-20 03:22,N,PUR,Buche,11.28,25.0,2.301,63.6,2,17.6,6999.9,11.91,6.879,6.907,48.15,85.65,0.9017,49.3,815.2,19.47,7706.2,304085.0,24.31,37.28,52.39,15.12,0.6703,9582.5,176.6,B2695,0,0.82515,7,0,0,test
P20,HFP-2400,40,2025-07-20 04:41,N,PVAc_D4,Buche,11.03,38.0,2.392,70.2,2,17.09,7010.8,11.46,6.851,6.869,48.03,85.56,0.9004,56.8,773.0,18.55,7342.4,311427.5,24.67,38.57,55.45,16.88,0.7729,9583.7,171.7,B6764,0,0.8483,6,0,0,test
P20,HFP-2400,41,2025-07-20 06:10,F,PVAc_D3,Eiche,10.85,25.0,2.272,59.6,3,12.81,6984.2,10.77,6.857,6.9,47.89,84.05,0.9138,54.7,831.9,18.37,11615.5,323043.0,25.03,35.23,53.24,18.01,1.0937,9584.7,187.0,B9329,0,0.88395,5,0,0,test
P20,HFP-2400,42,2025-07-20 07:24,F,PVAc_D3,Buche,9.16,30.0,2.477,60.7,3,14.51,7003.4,8.48,6.796,6.814,47.6,83.77,0.9112,52.65,794.6,17.91,9546.4,332589.4,24.2,35.76,49.5,13.74,0.9764,9585.7,181.0,B8960,0,0.90882,4,1,0,test
P20,HFP-2400,43,2025-07-20 08:39,F,PVAc_D3,Buche,10.31,30.0,2.305,65.7,2,13.2,7011.8,7.13,6.871,6.902,48.18,85.8,0.9005,55.47,798.7,16.22,6368.6,338958.0,25.8,38.09,58.48,20.39,1.2228,9586.8,168.0,B9909,0,0.92631,3,1,0,test
P20,HFP-2400,44,2025-07-20 10:02,F,PUR,Eiche,10.25,18.0,1.742,51.4,2,13.94,7000.6,8.13,6.837,6.898,47.86,86.11,0.8914,59.76,819.1,18.61,7764.2,346722.2,26.51,38.4,53.74,15.34,0.7254,9587.7,180.3,B7713,0,0.94782,2,1,0,test
P20,HFP-2400,45,2025-07-20 11:10,F,PVAc_D3,Buche,7.8,30.0,2.598,62.2,2,10.42,6989.7,8.58,6.713,6.759,46.92,82.86,0.9083,54.86,849.3,22.56,9465.3,356187.5,26.69,39.93,56.32,16.39,0.74,9588.7,178.3,B2388,0,0.97498,1,1,0,test
P20,HFP-2400,46,2025-07-20 12:27,F,PVAc_D3,Esche,12.62,30.0,2.529,66.2,3,12.9,7000.1,5.15,6.975,7.013,48.83,86.53,0.905,57.8,857.3,15.39,9803.2,365990.7,28.9,40.29,59.68,19.39,0.7649,9589.8,173.1,B8313,1,1.0,0,1,0,test
P21,HFP-3200,1,2025-06-02 21:00,S,PVAc_D4,Buche,11.96,25.0,2.189,57.7,2,10.13,7046.4,6.28,6.992,7.011,49.27,85.73,0.9216,43.38,706.3,16.69,5526.5,5526.5,23.71,36.07,40.81,4.74,0.4058,17962.1,184.4,B7148,0,0.01136,54,0,0,test
P21,HFP-3200,2,2025-06-02 22:19,N,PUR,Fichte,8.89,18.0,2.318,56.2,2,12.25,7028.2,9.41,6.812,6.856,47.88,82.98,0.9253,44.02,740.3,20.32,7105.2,12631.7,25.13,36.53,44.3,7.78,0.8176,17963.0,178.0,B1241,0,0.02813,53,0,0,test
P21,HFP-3200,3,2025-06-02 23:24,N,PUR,Buche,13.13,38.0,2.472,68.8,2,18.04,7047.4,10.09,7.079,7.106,49.89,87.81,0.9112,35.9,729.7,17.01,5696.8,18328.5,22.74,34.12,38.82,4.7,0.6557,17964.2,172.3,B5074,0,0.04092,52,0,0,test
P21,HFP-3200,4,2025-06-03 00:54,N,PVAc_D3,Buche,12.23,25.0,2.438,61.5,2,13.69,7004.1,11.1,7.011,7.038,49.11,85.4,0.9223,37.95,742.2,20.13,6985.6,25314.1,22.82,35.6,42.62,7.02,0.4956,17965.2,177.6,B6936,0,0.05674,51,0,0,test
P21,HFP-3200,5,2025-06-03 02:17,N,PVAc_D4,Esche,12.86,22.0,1.762,53.3,2,11.77,7023.3,9.32,7.016,7.056,49.28,85.83,0.9208,44.52,705.1,20.28,6683.1,31997.2,21.94,34.18,43.9,9.73,0.5683,17966.1,166.6,B7558,0,0.06993,50,0,0,test
P21,HFP-3200,6,2025-06-03 03:23,N,PUR,Buche,12.54,18.0,1.55,52.8,2,13.43,7025.3,10.69,6.986,7.014,49.08,85.28,0.9231,42.99,771.3,17.11,6258.7,38256.0,23.2,34.37,41.31,6.94,0.6904,17966.9,197.5,B5804,0,0.08271,49,0,0,test
P21,HFP-3200,7,2025-06-03 04:31,N,PUR,Fichte,11.86,25.0,2.256,62.0,2,15.57,7035.6,11.13,6.982,7.021,49.12,86.12,0.9148,40.17,770.7,18.65,7183.7,45439.7,23.55,36.02,43.03,7.0,0.4441,17968.0,186.9,B4489,0,0.10221,48,0,0,test
P21,HFP-3200,8,2025-06-03 05:51,N,PVAc_D4,Esche,8.95,25.0,2.009,58.7,2,13.91,7040.0,12.51,6.779,6.803,47.73,83.18,0.9202,44.23,879.1,16.93,6759.8,52199.5,21.84,34.58,38.14,3.57,0.5434,17969.0,186.4,B2273,0,0.11745,47,0,0,test
P21,HFP-3200,9,2025-06-03 06:59,F,PVAc_D3,Esche,10.1,25.0,1.853,55.6,3,13.04,7044.2,9.75,6.862,6.872,48.34,84.86,0.9135,44.5,694.4,17.93,8245.5,60445.0,22.17,34.46,41.12,6.66,0.4538,17969.9,188.4,B5822,0,0.1349,46,0,0,test
P21,HFP-3200,10,2025-06-03 08:03,F,PVAc_D3,Fichte,8.98,22.0,2.02,55.7,2,9.86,7027.4,10.6,6.807,6.849,47.84,84.15,0.9117,40.53,826.2,18.03,7146.7,67591.7,25.03,37.75,44.85,7.1,0.6547,17970.8,172.9,B7550,0,0.15098,45,0,0,test
P21,HFP-3200,11,2025-06-03 09:14,F,PUR,Fichte,10.46,22.0,2.352,60.0,2,12.45,7029.7,9.32,6.948,6.968,48.84,85.46,0.9165,43.81,794.9,19.84,7509.8,75101.6,25.99,37.91,46.82,8.91,0.5916,17971.8,185.5,B8605,0,0.16675,44,0,0,test
P21,HFP-3200,12,2025-06-03 10:23,F,PUR,Esche,9.71,30.0,2.63,73.0,2,17.68,7028.1,8.77,6.909,6.929,48.55,84.93,0.9169,48.59,788.7,17.31,6563.5,81665.1,24.97,38.49,47.22,8.73,0.4127,17973.0,190.2,B3860,0,0.1797,43,0,0,test
P21,HFP-3200,13,2025-06-03 11:51,F,PVAc_D4,Buche,12.14,25.0,2.881,58.8,2,12.92,7029.9,11.14,7.014,7.048,49.31,85.68,0.9229,44.12,871.0,14.02,6216.9,87882.0,24.96,36.22,41.89,5.67,0.554,17974.0,188.9,B2327,0,0.19441,42,0,0,test
P21,HFP-3200,14,2025-06-03 13:07,F,PVAc_D4,Buche,11.88,22.0,2.305,59.6,2,12.23,7026.8,3.17,6.978,7.02,49.03,85.11,0.924,51.76,760.5,19.76,6508.7,94390.7,27.95,40.28,45.98,5.7,0.4573,17975.0,175.7,B9363,0,0.20919,41,0,0,test
P21,HFP-3200,15,2025-06-03 14:18,S,PVAc_D3,Fichte,12.13,30.0,2.073,61.6,2,15.05,7040.2,8.08,7.029,7.04,49.49,85.83,0.9247,44.5,843.0,19.85,7848.8,102239.5,27.31,38.84,47.34,8.49,0.244,17976.0,181.5,B6194,0,0.22881,40,0,0,test
P21,HFP-3200,16,2025-06-03 15:32,S,PUR,Buche,9.13,38.0,2.189,69.9,2,18.83,7025.2,12.47,6.806,6.842,47.82,84.29,0.9098,47.25,721.9,17.77,5582.8,107822.4,26.31,38.84,45.13,6.29,0.267,17977.2,179.2,B1597,0,0.23964,39,0,0,test
P21,HFP-3200,17,2025-06-03 16:53,S,PVAc_D3,Fichte,8.93,30.0,2.762,61.9,2,13.13,7004.0,9.63,6.853,6.868,48.0,85.22,0.9033,51.33,844.7,20.32,8511.9,116334.3,28.63,40.48,47.56,7.08,0.4552,17978.2,171.4,B2609,0,0.25975,38,0,0,test
P21,HFP-3200,18,2025-06-03 18:04,S,PUR,Buche,9.52,38.0,2.418,75.0,3,18.93,7037.5,8.74,6.918,6.944,48.68,85.29,0.9154,50.16,787.5,19.54,10452.8,126787.1,26.84,38.4,49.36,10.96,0.9365,17979.5,175.1,B5435,0,0.28305,37,0,0,test
P21,HFP-3200,19,2025-06-03 19:36,S,PVAc_D3,Esche,9.04,22.0,2.544,64.2,2,13.81,7054.2,9.32,6.827,6.845,48.16,84.21,0.9172,48.61,903.3,16.96,7089.3,133876.4,25.99,39.31,45.11,5.8,0.2999,17980.6,184.9,B1922,0,0.29856,36,0,0,test
P21,HFP-3200,20,2025-06-03 20:49,S,PVAc_D3,Fichte,10.28,30.0,2.934,71.3,2,15.15,7035.8,10.58,6.955,7.0,48.94,85.88,0.9138,43.23,806.2,19.01,7503.6,141379.9,25.52,36.4,44.91,8.51,1.0967,17981.7,176.6,B6674,0,0.31614,35,0,0,test
P21,HFP-3200,21,2025-06-03 22:12,N,PVAc_D3,Fichte,10.39,25.0,2.241,61.5,2,12.52,7034.5,5.46,6.876,6.897,48.37,85.04,0.9122,51.49,770.0,16.62,6313.7,147693.7,25.99,38.41,44.87,6.46,0.8774,17982.8,173.2,B5054,0,0.32926,34,0,0,test
P21,HFP-3200,22,2025-06-03 23:22,N,PVAc_D3,Esche,11.43,25.0,1.751,60.6,2,12.29,7024.3,9.66,6.94,6.978,48.75,85.82,0.9111,50.78,817.5,14.9,5900.1,153593.8,23.59,33.37,43.1,9.73,0.8902,17983.8,183.6,B9416,0,0.34079,33,0,0,test
P21,HFP-3200,23,2025-06-04 00:38,N,PVAc_D4,Buche,10.36,25.0,2.612,58.9,2,12.14,7035.2,9.93,6.833,6.873,48.07,85.24,0.9044,48.25,884.9,16.32,7379.8,160973.6,21.82,33.63,41.47,7.84,0.8867,17984.8,175.1,B7625,0,0.35814,32,0,0,test
P21,HFP-3200,24,2025-06-04 01:58,N,PVAc_D4,Eiche,11.23,38.0,2.222,74.0,3,17.34,7024.8,9.04,6.908,6.91,48.53,84.87,0.9171,49.83,737.1,17.95,8765.6,169739.1,23.04,35.69,43.21,7.51,0.5282,17986.0,176.5,B1696,0,0.37763,31,0,0,test
P21,HFP-3200,25,2025-06-04 03:23,N,PUR,Fichte,9.96,25.0,2.594,58.8,2,16.04,7026.8,10.25,6.971,6.973,48.98,85.06,0.9235,49.64,760.2,17.66,6801.6,176540.8,21.99,31.84,44.84,13.0,0.9726,17987.0,176.9,B3861,0,0.39319,30,0,0,test
P21,HFP-3200,26,2025-06-04 04:44,N,PVAc_D3,Buche,9.39,22.0,2.172,58.7,2,12.37,6988.5,14.9,6.846,6.882,47.84,83.13,0.923,47.55,858.1,21.27,8866.5,185407.3,22.17,33.73,39.81,6.07,0.7452,17987.9,173.3,B9996,0,0.41508,29,0,0,test
P21,HFP-3200,27,2025-06-04 05:56,N,PVAc_D4,Buche,10.15,18.0,2.114,53.5,2,12.79,7043.7,7.14,6.866,6.897,48.36,85.85,0.9035,45.33,823.2,15.74,6240.7,191648.0,24.73,37.54,45.25,7.72,0.6303,17988.8,171.4,B4073,0,0.42818,28,0,0,test
P21,HFP-3200,28,2025-06-04 07:01,F,PVAc_D4,Buche,12.2,38.0,2.082,69.5,3,16.59,7038.1,10.49,7.0,7.029,49.27,87.74,0.9005,53.85,775.8,17.76,9063.6,200711.7,24.93,36.35,49.43,13.09,0.8633,17990.0,181.0,B8541,0,0.4484,27,0,0,test
P21,HFP-3200,29,2025-06-04 08:28,F,PVAc_D4,Buche,10.08,30.0,2.672,73.2,2,15.37,7034.0,11.97,6.895,6.937,48.5,84.97,0.9154,47.57,858.6,17.34,7275.1,207986.8,24.9,36.63,48.65,12.02,0.5701,17991.2,165.1,B9585,0,0.46689,26,0,0,test
P21,HFP-3200,30,2025-06-04 09:57,F,PUR,Eiche,7.8,18.0,2.061,52.4,2,13.6,7055.0,7.08,6.782,6.819,47.85,83.78,0.9159,51.3,829.9,17.01,7158.9,215145.8,24.11,36.93,44.84,7.91,1.2297,17992.1,183.6,B9757,0,0.48337,25,0,0,test
P21,HFP-3200,31,2025-06-04 10:59,F,PVAc_D3,Buche,12.71,25.0,1.884,61.0,2,12.5,7040.2,9.32,7.001,7.023,49.29,86.43,0.9146,49.65,817.1,18.92,7487.5,222633.3,24.85,36.28,44.06,7.77,0.8113,17993.1,168.9,B4107,0,0.50074,24,0,0,test
P21,HFP-3200,32,2025-06-04 12:16,F,PUR,Fichte,12.56,38.0,2.236,75.0,3,20.03,7018.0,8.97,7.024,7.048,49.3,86.31,0.916,51.54,863.6,20.32,14042.1,236675.4,27.17,38.46,47.38,8.91,0.8347,17994.4,186.6,B1422,0,0.53663,23,0,0,test
P21,HFP-3200,33,2025-06-04 13:46,F,PVAc_D4,Fichte,8.05,22.0,2.296,60.1,2,12.31,7008.8,8.56,6.832,6.857,47.88,85.01,0.9033,59.16,790.3,16.85,6522.9,243198.3,27.12,38.65,50.98,12.33,0.8128,17995.4,180.7,B2550,0,0.55033,22,0,0,test
P21,HFP-3200,34,2025-06-04 15:07,S,PVAc_D3,Fichte,12.11,30.0,2.871,65.5,3,12.26,7025.8,12.41,7.008,7.042,49.24,88.73,0.8899,49.53,858.7,19.69,12293.1,255491.4,28.12,39.43,50.66,11.23,1.0406,17996.5,176.8,B6261,0,0.58014,21,0,0,test
P21,HFP-3200,35,2025-06-04 16:23,S,PUR,Fichte,11.07,30.0,2.134,69.0,2,18.53,7041.1,13.41,6.926,6.972,48.76,85.98,0.9096,49.26,795.9,17.79,7178.9,262670.3,28.14,40.74,50.94,10.21,0.8048,17997.6,180.5,B2894,0,0.59479,20,0,0,test
P21,HFP-3200,36,2025-06-04 17:46,S,PVAc_D4,Buche,11.07,18.0,2.252,55.7,2,11.49,7031.3,8.71,6.936,6.963,48.77,86.07,0.9087,59.46,783.7,17.86,6791.8,269462.2,26.55,39.54,50.02,10.48,0.8158,17998.5,182.8,B4730,0,0.61025,19,0,0,test
P21,HFP-3200,37,2025-06-04 18:55,S,PUR,Buche,8.24,25.0,2.471,60.5,3,13.5,7049.0,10.84,6.806,6.824,47.97,84.71,0.9083,57.84,917.3,18.0,12250.3,281712.4,26.23,37.94,47.03,9.09,0.8045,17999.5,167.5,B6616,0,0.64174,18,0,0,test
P21,HFP-3200,38,2025-06-04 20:13,S,PVAc_D4,Fichte,9.02,22.0,1.787,56.2,2,12.32,7023.2,10.76,6.791,6.804,47.69,84.29,0.9075,47.84,797.3,13.81,5417.5,287129.9,26.69,37.25,51.22,13.97,0.8652,18000.5,176.4,B1361,0,0.65224,17,0,0,test
P21,HFP-3200,39,2025-06-04 21:19,S,PUR,Buche,10.71,22.0,2.509,65.4,2,15.95,7032.3,9.37,6.93,6.965,48.73,86.05,0.9083,49.54,891.8,17.03,7604.7,294734.6,24.77,37.55,50.1,12.54,0.5825,18001.6,174.8,B7568,0,0.66995,16,0,0,test
P21,HFP-3200,40,2025-06-04 22:43,N,PVAc_D4,Buche,12.9,25.0,1.833,54.0,2,13.18,7009.9,6.55,7.026,7.043,49.25,86.92,0.9087,52.14,899.0,17.86,8429.0,303163.6,24.14,35.24,51.76,16.52,0.6013,18002.5,175.5,B1028,0,0.69314,15,0,0,test
P21,HFP-3200,41,2025-06-04 23:47,N,PVAc_D4,Eiche,9.84,22.0,2.07,58.0,2,11.27,7033.9,7.2,6.831,6.862,48.05,84.69,0.9099,53.1,769.0,17.67,6740.5,309904.1,25.35,36.83,52.23,15.4,0.9246,18003.4,174.9,B1812,0,0.70708,14,0,0,test
P21,HFP-3200,42,2025-06-05 01:02,N,PUR,Esche,10.93,38.0,1.805,71.6,3,19.14,7016.5,9.77,6.914,6.938,48.51,85.74,0.9074,61.28,861.6,19.49,13115.2,323019.3,22.76,33.78,50.57,16.79,0.9971,18004.6,179.5,B5040,0,0.74082,13,0,0,test
P21,HFP-3200,43,2025-06-05 02:34,N,PVAc_D3,Buche,9.22,30.0,2.395,66.8,3,13.52,7025.4,11.68,6.828,6.851,47.97,85.02,0.9048,53.49,783.0,15.05,8769.8,331789.1,23.62,36.27,46.72,10.45,0.7841,18005.7,172.3,B7808,0,0.75931,12,0,0,test
P21,HFP-3200,44,2025-06-05 03:54,N,PUR,Eiche,11.9,18.0,2.599,55.4,2,12.96,7026.1,5.03,7.014,7.063,49.28,87.62,0.902,54.54,860.4,17.17,7914.0,339703.1,23.19,35.88,46.16,10.29,0.6187,18006.7,175.1,B7937,0,0.77665,11,0,0,test
P21,HFP-3200,45,2025-06-05 05:01,N,PVAc_D3,Eiche,9.91,25.0,2.127,59.8,3,13.46,7049.8,11.03,6.899,6.93,48.63,86.35,0.9032,53.39,797.8,15.19,8805.9,348509.0,23.74,35.5,51.42,15.92,0.7377,18007.7,178.3,B1529,0,0.79705,10,0,0,test
P21,HFP-3200,46,2025-06-05 06:23,F,PVAc_D3,Fichte,9.95,22.0,2.431,56.0,2,11.66,7011.4,6.98,6.883,6.907,48.26,86.56,0.8942,63.85,876.0,18.05,8004.2,356513.2,22.75,34.08,49.34,15.26,0.8078,18008.6,174.9,B6521,0,0.81741,9,0,0,test
P21,HFP-3200,47,2025-06-05 07:39,F,PVAc_D3,Eiche,9.04,38.0,2.311,74.0,2,17.1,7031.4,7.25,6.852,6.903,48.18,85.43,0.9045,58.37,802.7,16.83,6900.7,363413.9,24.09,36.91,50.14,13.23,1.0279,18009.8,175.0,B3865,0,0.83278,8,0,0,test
P21,HFP-3200,48,2025-06-05 09:02,F,PUR,Fichte,12.96,18.0,2.597,58.9,2,13.7,7059.2,9.97,7.043,7.067,49.72,88.05,0.9056,57.38,984.0,17.8,9526.0,372939.9,26.72,39.76,55.94,16.18,1.1586,18010.8,181.2,B3921,0,0.85587,7,0,0,test
P21,HFP-3200,49,2025-06-05 10:11,F,PUR,Fichte,12.16,30.0,2.281,69.2,2,16.93,7016.5,6.5,6.999,7.025,49.11,86.65,0.9089,57.95,832.0,19.24,8670.4,381610.3,25.02,37.9,56.46,18.56,1.0987,18012.0,179.4,B8075,0,0.87801,6,0,0,test
P21,HFP-3200,50,2025-06-05 11:32,F,PVAc_D4,Buche,9.68,18.0,2.193,51.4,2,9.34,7027.4,7.02,6.852,6.872,48.16,85.93,0.8988,52.45,957.0,17.91,9887.0,391497.3,25.71,37.16,55.9,18.74,0.6371,18012.8,164.9,B3849,0,0.90357,5,0,0,test
P21,HFP-3200,51,2025-06-05 12:34,F,PUR,Eiche,11.89,38.0,2.64,75.0,2,18.88,7017.3,5.11,7.047,7.09,49.45,88.85,0.8926,48.04,878.0,16.94,8087.4,399584.7,26.45,40.55,54.62,14.07,0.8456,18014.1,183.0,B8731,0,0.92196,4,1,0,test
P21,HFP-3200,52,2025-06-05 14:06,S,PVAc_D3,Esche,9.72,18.0,1.796,49.7,2,11.33,6985.4,8.59,6.898,6.903,48.18,86.01,0.8984,58.83,883.4,15.03,7144.8,406729.5,27.55,39.32,56.44,17.11,0.5995,18014.9,181.6,B3628,0,0.938,3,1,0,test
P21,HFP-3200,53,2025-06-05 15:08,S,PUR,Esche,10.84,18.0,2.018,56.6,2,15.15,7027.6,7.5,6.972,6.992,49.0,86.66,0.9068,62.22,888.3,20.24,9906.4,416635.9,29.01,42.44,54.98,12.55,0.7727,18015.8,168.5,B5446,0,0.96101,2,1,0,test
P21,HFP-3200,54,2025-06-05 16:22,S,PUR,Buche,11.61,30.0,2.349,66.0,3,17.68,7036.2,8.42,7.017,7.053,49.37,87.98,0.9,60.02,895.0,18.14,12629.7,429265.6,27.24,40.74,54.61,13.87,0.8838,18016.9,176.8,B6909,0,0.99033,1,1,0,test
P21,HFP-3200,55,2025-06-05 17:47,S,PVAc_D3,Eiche,11.28,25.0,2.828,60.5,2,11.51,7043.8,8.61,6.922,6.935,48.75,87.3,0.8956,59.64,849.6,17.14,7694.9,436960.6,27.46,38.87,54.61,15.74,0.731,18017.9,172.5,B8830,1,1.0,0,1,0,test
P22,HFP-2400,1,2025-04-27 16:00,S,PVAc_D4,Fichte,7.8,25.0,2.706,66.3,3,13.56,7007.2,8.58,6.7,6.749,46.95,81.06,0.9289,58.84,793.2,18.54,11272.8,11272.8,22.28,36.28,39.1,2.82,0.7106,24348.1,170.8,B3760,0,0.03276,28,0,0,train
P22,HFP-2400,2,2025-04-27 17:22,S,PVAc_D4,Eiche,10.24,38.0,1.705,65.5,3,14.36,7031.0,17.72,6.802,6.808,47.83,83.22,0.9217,58.09,857.0,18.72,11793.5,23066.3,23.26,37.38,38.54,1.16,0.6402,24349.2,181.2,B1896,0,0.06623,27,0,0,train
P22,HFP-2400,3,2025-04-27 18:46,S,PVAc_D4,Buche,10.97,38.0,1.684,69.8,3,14.58,7030.6,6.38,6.82,6.864,47.95,82.41,0.933,53.21,862.1,17.54,12551.9,35618.2,22.07,32.79,38.22,5.43,0.8716,24350.4,168.8,B4385,0,0.10584,26,0,0,train
P22,HFP-2400,4,2025-04-27 20:11,S,PVAc_D4,Esche,12.51,38.0,2.355,72.5,3,16.03,6981.5,7.59,6.887,6.923,48.08,82.94,0.9296,57.4,883.8,18.83,12802.4,48420.6,21.99,35.28,40.18,4.9,0.5669,24351.6,178.5,B7515,0,0.14036,25,0,0,train
P22,HFP-2400,5,2025-04-27 21:33,S,PUR,Buche,12.69,18.0,2.371,53.6,3,14.46,7021.6,7.83,6.944,6.986,48.76,84.93,0.9208,58.74,834.1,18.12,12145.4,60566.0,21.33,33.38,43.87,10.49,0.8055,24352.5,169.6,B5518,0,0.17785,24,0,0,train
P22,HFP-2400,6,2025-04-27 22:38,N,PUR,Fichte,10.03,38.0,1.881,69.0,3,19.76,7003.6,12.13,6.752,6.779,47.29,82.5,0.9194,62.79,956.5,16.32,11218.1,71784.1,21.81,34.36,40.26,5.9,0.6445,24353.6,181.4,B7507,0,0.2109,23,0,0,train
P22,HFP-2400,7,2025-04-27 23:57,N,PVAc_D3,Eiche,11.46,18.0,2.475,53.6,2,11.36,7028.7,8.66,6.907,6.961,48.55,84.55,0.9209,59.83,850.7,20.61,8918.8,80702.9,19.71,33.84,38.79,4.95,0.7413,24354.5,184.9,B8484,0,0.23582,22,0,0,train
P22,HFP-2400,8,2025-04-28 01:01,N,PUR,Eiche,12.13,38.0,2.789,75.0,3,19.93,7010.2,12.74,6.948,6.969,48.71,84.84,0.9207,58.87,863.0,19.75,11890.1,92593.0,18.36,32.07,38.09,6.02,0.6863,24355.8,182.4,B3121,0,0.27172,21,0,0,train
P22,HFP-2400,9,2025-04-28 02:35,N,PVAc_D4,Eiche,11.46,25.0,2.519,63.2,3,12.5,7017.0,7.47,6.859,6.888,48.13,83.88,0.9203,60.33,900.7,18.44,13036.6,105629.6,18.27,31.21,36.72,5.52,0.794,24356.8,182.5,B6402,0,0.30771,20,0,0,train
P22,HFP-2400,10,2025-04-28 03:50,N,PUR,Esche,10.34,18.0,2.02,52.1,3,12.87,7017.9,5.76,6.82,6.846,47.86,82.61,0.9291,59.21,899.8,20.08,13966.4,119596.0,18.73,31.95,39.14,7.19,0.7336,24357.7,183.4,B6612,0,0.35141,19,0,0,train
P22,HFP-2400,11,2025-04-28 04:57,N,PVAc_D3,Fichte,10.94,22.0,1.892,52.1,2,12.37,6994.1,10.12,6.774,6.787,47.38,82.57,0.9203,60.62,849.9,16.05,6842.3,126438.3,20.41,34.3,39.01,4.71,0.7279,24358.6,178.9,B9830,0,0.37142,18,0,0,train
P22,HFP-2400,12,2025-04-28 05:57,N,PVAc_D3,Esche,11.99,25.0,2.333,63.5,3,12.8,7024.9,12.38,6.915,6.937,48.58,84.19,0.9253,59.02,902.1,16.74,12306.4,138744.6,18.15,31.85,38.89,7.03,0.7317,24359.6,189.2,B4228,0,0.40984,17,0,0,train
P22,HFP-2400,13,2025-04-28 07:19,F,PUR,Eiche,11.01,38.0,2.443,75.0,3,19.31,7021.5,9.12,6.795,6.823,47.71,83.92,0.9118,58.09,812.3,20.34,12592.8,151337.5,19.47,30.73,36.75,6.02,0.9192,24360.9,164.8,B8624,0,0.44683,16,0,0,train
P22,HFP-2400,14,2025-04-28 08:49,F,PVAc_D4,Esche,10.39,25.0,2.33,67.8,2,12.22,6996.1,12.34,6.872,6.89,48.07,83.3,0.9256,62.96,889.8,17.83,9275.0,160612.5,19.81,32.4,42.71,10.31,0.6827,24362.0,168.5,B7913,0,0.47572,15,0,0,train
P22,HFP-2400,15,2025-04-28 10:08,F,PVAc_D4,Esche,12.96,38.0,2.063,70.8,2,17.03,6976.1,8.0,6.959,7.017,48.54,85.17,0.9141,64.76,840.2,15.96,7353.2,167965.6,22.07,34.94,45.63,10.69,0.8325,24363.2,165.8,B8848,0,0.49595,14,0,0,train
P22,HFP-2400,16,2025-04-28 11:38,F,PUR,Eiche,10.28,25.0,2.602,63.1,3,17.47,7013.1,9.04,6.829,6.869,47.89,83.3,0.922,61.0,821.4,19.53,11968.7,179934.3,22.52,34.51,44.54,10.03,0.8107,24364.2,168.1,B3658,0,0.53079,13,0,0,train
P22,HFP-2400,17,2025-04-28 13:03,F,PVAc_D3,Fichte,8.86,38.0,1.578,66.7,3,13.87,7018.8,9.77,6.7,6.717,47.03,82.92,0.9095,67.34,849.0,14.68,10301.6,190235.9,23.53,35.64,41.33,5.69,0.6654,24365.4,180.0,B7508,0,0.56067,12,0,0,train
P22,HFP-2400,18,2025-04-28 14:29,S,PVAc_D4,Eiche,9.8,30.0,2.305,64.0,3,13.43,7026.1,10.61,6.782,6.802,47.65,82.58,0.9254,64.21,874.2,17.27,11876.7,202112.6,22.4,33.41,42.57,9.15,1.0851,24366.4,178.2,B1912,0,0.59509,11,0,0,train
P22,HFP-2400,19,2025-04-28 15:44,S,PVAc_D3,Buche,9.61,30.0,2.363,63.4,2,14.16,7017.8,9.94,6.744,6.771,47.33,82.5,0.92,64.19,895.4,20.39,9668.4,211781.0,21.79,33.52,42.94,9.42,0.9133,24367.5,175.4,B3746,0,0.62776,10,0,0,train
P22,HFP-2400,20,2025-04-28 17:01,S,PVAc_D4,Eiche,14.0,18.0,2.717,57.9,2,12.07,7012.9,11.0,7.036,7.072,49.34,86.39,0.916,61.1,939.2,18.82,9545.8,221326.8,21.53,34.4,44.77,10.36,0.6632,24368.4,192.5,B9020,0,0.65485,9,0,0,train
P22,HFP-2400,21,2025-04-28 18:11,S,PUR,Esche,10.68,30.0,2.043,66.4,3,18.31,7011.9,10.86,6.802,6.836,47.7,83.62,0.9148,63.57,878.5,17.3,11704.8,233031.6,22.22,35.4,45.63,10.23,1.2142,24369.6,176.4,B7516,0,0.68691,8,0,0,train
P22,HFP-2400,22,2025-04-28 19:29,S,PUR,Fichte,8.67,18.0,2.351,52.9,2,14.87,7005.5,8.85,6.702,6.719,46.95,82.69,0.9106,66.26,945.8,18.75,9527.4,242559.0,23.06,35.72,42.56,6.84,0.8557,24370.4,181.8,B7809,0,0.71434,7,0,0,train
P22,HFP-2400,23,2025-04-28 20:35,S,PUR,Eiche,8.58,38.0,2.149,66.9,3,17.87,7021.4,7.96,6.7,6.743,47.04,82.38,0.9159,66.36,850.2,16.51,11375.9,253934.9,22.02,35.51,46.07,10.56,0.7067,24371.5,190.5,B7059,0,0.7531,6,0,0,train
P22,HFP-2400,24,2025-04-28 21:59,S,PVAc_D4,Fichte,9.71,30.0,2.364,61.0,3,15.04,7003.2,7.18,6.769,6.811,47.4,82.81,0.918,61.83,899.5,16.23,11933.3,265868.2,21.04,34.81,45.53,10.72,0.8959,24372.6,177.9,B1375,0,0.79074,5,0,0,train
P22,HFP-2400,25,2025-04-28 23:21,N,PUR,Buche,12.03,38.0,2.28,71.2,3,16.47,6975.4,6.68,6.884,6.906,48.02,84.98,0.9062,69.26,891.8,20.0,14624.3,280492.4,20.07,33.42,42.83,9.41,1.0141,24373.7,181.4,B7953,0,0.83666,4,1,0,train
P22,HFP-2400,26,2025-04-29 00:51,N,PVAc_D4,Eiche,10.53,25.0,2.594,54.2,3,11.93,6992.6,11.28,6.836,6.877,47.8,83.84,0.9144,58.24,890.0,19.7,14475.4,294967.9,18.73,32.28,44.38,12.1,0.8773,24374.7,193.0,B3708,0,0.88467,3,1,0,train
P22,HFP-2400,27,2025-04-29 02:04,N,PVAc_D4,Esche,10.85,22.0,2.063,61.2,3,14.68,7019.4,12.02,6.855,6.882,48.12,84.99,0.908,59.57,1009.7,19.09,14630.4,309598.3,18.85,31.14,46.09,14.95,1.073,24375.7,175.0,B5882,0,0.92984,2,1,0,train
P22,HFP-2400,28,2025-04-29 03:21,N,PVAc_D4,Esche,9.06,25.0,1.871,60.0,3,10.49,7000.8,9.76,6.726,6.731,47.09,82.92,0.9108,67.77,908.6,15.99,12309.9,321908.2,18.57,30.86,46.65,15.79,0.8955,24376.7,176.2,B4387,0,0.96818,1,1,0,train
P22,HFP-2400,29,2025-04-29 04:41,N,PVAc_D3,Fichte,9.24,38.0,2.229,68.4,3,16.1,7007.7,8.52,6.729,6.761,47.15,83.57,0.9049,68.2,964.1,18.65,14945.9,336854.1,17.95,30.84,46.48,15.65,0.8004,24377.8,182.5,B4439,1,1.0,0,1,0,train
P23,HFP-3200,1,2025-04-23 11:00,F,PUR,Buche,9.94,38.0,2.14,74.2,2,19.56,6985.5,9.82,6.775,6.808,47.33,82.56,0.9193,64.01,937.1,17.82,10160.7,10160.7,22.2,30.84,38.32,7.48,0.697,6654.1,172.6,B1551,0,0.02357,35,0,0,test
P23,HFP-3200,2,2025-04-23 12:34,F,PUR,Eiche,12.87,30.0,1.873,65.6,3,18.14,7008.4,8.91,6.952,6.99,48.72,84.76,0.9219,67.52,825.6,19.12,12378.5,22539.2,21.84,33.09,41.04,7.94,0.793,6655.2,178.2,B7568,0,0.05003,34,0,0,test
P23,HFP-3200,3,2025-04-23 14:00,S,PVAc_D4,Esche,8.3,30.0,1.992,63.3,2,14.43,7006.6,9.78,6.718,6.753,47.07,82.12,0.9192,58.91,912.7,21.23,10652.0,33191.3,22.9,33.3,42.47,9.17,0.5789,6656.3,172.3,B1814,0,0.07709,33,0,0,test
P23,HFP-3200,4,2025-04-23 15:21,S,PVAc_D4,Buche,10.91,22.0,2.666,48.7,2,10.76,6992.0,7.92,6.825,6.83,47.72,82.84,0.9238,61.39,879.5,20.85,10700.4,43891.6,23.0,34.99,43.52,8.52,0.6381,6657.1,181.3,B2556,0,0.1044,32,0,0,test
P23,HFP-3200,5,2025-04-23 16:30,S,PUR,Fichte,10.44,25.0,2.275,62.6,2,14.77,6999.1,12.58,6.846,6.905,47.91,83.75,0.9175,65.54,937.7,21.09,10876.2,54767.8,22.98,33.92,42.09,8.17,0.8796,6658.1,180.1,B8081,0,0.13332,31,0,0,test
P23,HFP-3200,6,2025-04-23 17:45,S,PVAc_D4,Esche,10.85,25.0,2.369,60.3,3,13.39,7011.0,11.03,6.885,6.932,48.27,85.23,0.9083,61.75,920.9,17.22,13422.4,68190.3,22.45,35.79,42.82,7.04,0.4224,6659.1,179.0,B1322,0,0.16635,30,0,0,test
P23,HFP-3200,7,2025-04-23 19:02,S,PUR,Eiche,11.4,22.0,2.51,54.1,3,15.15,7013.7,9.64,6.869,6.891,48.18,83.93,0.9206,67.62,922.9,17.37,12729.7,80920.0,20.3,31.33,39.32,7.99,0.5176,6660.0,175.0,B6170,0,0.19848,29,0,0,test
P23,HFP-3200,8,2025-04-23 20:13,S,PUR,Esche,12.9,22.0,1.55,53.9,2,14.74,6994.9,8.52,6.911,6.947,48.34,85.21,0.9098,70.49,896.4,23.08,11842.5,92762.5,22.49,34.78,43.08,8.29,0.5935,6660.9,177.6,B1177,0,0.2331,28,0,0,test
P23,HFP-3200,9,2025-04-23 21:18,S,PUR,Eiche,7.8,30.0,2.213,63.1,3,18.06,6990.5,8.02,6.7,6.705,46.84,82.31,0.9125,66.34,974.8,15.37,12216.4,104978.9,21.54,34.96,41.35,6.39,0.7306,6662.0,185.3,B4902,0,0.25664,27,0,0,test
P23,HFP-3200,10,2025-04-23 22:33,N,PVAc_D3,Esche,11.01,38.0,3.077,73.1,2,15.28,7011.7,7.45,6.849,6.897,48.02,83.89,0.9181,68.98,932.2,20.62,10667.4,115646.3,18.7,29.97,37.47,7.5,0.8949,6663.2,178.4,B7606,0,0.28516,26,0,0,test
P23,HFP-3200,11,2025-04-24 00:04,N,PVAc_D4,Esche,10.85,22.0,3.037,59.7,3,9.65,7007.5,7.79,6.917,6.921,48.47,84.36,0.9214,70.61,929.0,18.22,13583.4,129229.7,18.99,28.81,38.98,10.17,0.5865,6664.2,168.3,B1345,0,0.31658,25,0,0,test
P23,HFP-3200,12,2025-04-24 01:16,N,PVAc_D4,Esche,10.02,18.0,2.257,53.0,2,11.37,7018.7,11.94,6.798,6.835,47.71,82.94,0.9226,62.58,858.0,17.09,8303.4,137533.1,18.0,31.52,40.6,9.08,0.9964,6665.1,176.4,B1736,0,0.33549,24,0,0,test
P23,HFP-3200,13,2025-04-24 02:25,N,PVAc_D3,Eiche,10.82,38.0,1.743,68.0,3,15.97,6995.2,9.39,6.8,6.831,47.57,82.99,0.9192,66.73,1005.6,15.83,12419.7,149952.9,19.7,30.1,38.95,8.84,0.9161,6666.2,177.5,B7656,0,0.36635,23,0,0,test
P23,HFP-3200,14,2025-04-24 03:54,N,PVAc_D4,Eiche,9.68,25.0,2.133,56.4,2,11.76,7003.7,11.54,6.782,6.811,47.5,83.85,0.9085,71.53,861.7,14.5,6403.7,156356.6,17.61,28.21,36.08,7.86,0.8307,6667.2,171.2,B8027,0,0.38053,22,0,0,test
P23,HFP-3200,15,2025-04-24 05:06,N,PUR,Buche,7.8,30.0,2.223,64.3,2,15.71,6997.5,12.02,6.713,6.743,46.97,82.33,0.915,68.31,902.3,18.84,9767.2,166123.8,18.11,28.57,36.83,8.26,0.7006,6668.2,179.7,B9615,0,0.40742,21,0,0,test
P23,HFP-3200,16,2025-04-24 06:32,F,PVAc_D4,Esche,8.59,30.0,3.1,66.9,3,13.65,6969.6,8.79,6.701,6.727,46.7,82.14,0.9119,69.76,908.7,15.64,12367.5,178491.4,19.22,30.39,38.95,8.56,0.8866,6669.3,180.7,B4155,0,0.4359,20,0,0,test
P23,HFP-3200,17,2025-04-24 07:53,F,PVAc_D4,Buche,10.25,18.0,2.216,51.8,2,12.52,7006.8,13.43,6.799,6.828,47.64,84.4,0.9053,62.01,929.8,18.16,9385.3,187876.6,20.48,30.78,41.05,10.27,1.1597,6670.2,184.8,B8078,0,0.45879,19,0,0,test
P23,HFP-3200,18,2025-04-24 09:03,F,PVAc_D3,Eiche,7.8,30.0,2.411,62.6,3,14.56,7016.2,5.5,6.7,6.728,47.01,83.41,0.9039,71.49,940.4,15.68,12083.3,199959.9,21.97,32.46,43.03,10.57,0.9562,6671.3,172.5,B5610,0,0.48781,18,0,0,test
P23,HFP-3200,19,2025-04-24 10:20,F,PVAc_D3,Esche,10.34,22.0,2.0,57.2,3,13.19,7001.0,9.69,6.768,6.794,47.38,83.2,0.9133,65.18,891.8,17.81,13580.8,213540.7,19.96,31.31,44.43,13.12,0.976,6672.2,189.6,B5808,0,0.52198,17,0,0,test
P23,HFP-3200,20,2025-04-24 11:33,F,PUR,Esche,8.26,22.0,2.704,62.6,2,15.29,7008.6,10.67,6.731,6.758,47.18,82.71,0.9147,69.04,974.9,17.73,9847.6,223388.3,21.14,31.16,41.11,9.95,0.7426,6673.3,177.2,B8984,0,0.54752,16,0,0,test
P23,HFP-3200,21,2025-04-24 12:54,F,PUR,Buche,10.09,38.0,2.216,73.7,3,18.86,7003.9,7.6,6.872,6.919,48.13,83.78,0.9214,64.02,925.9,17.57,13388.3,236776.6,21.05,32.88,42.42,9.54,0.6649,6674.5,180.7,B4132,0,0.58238,15,0,0,test
P23,HFP-3200,22,2025-04-24 14:29,S,PVAc_D4,Esche,9.36,18.0,1.914,50.6,2,12.7,7010.7,9.48,6.752,6.776,47.34,83.53,0.9088,69.98,951.1,19.04,11139.7,247916.2,21.89,33.83,43.94,10.11,0.9347,6675.3,176.5,B5391,0,0.61152,14,0,0,test
P23,HFP-3200,23,2025-04-24 15:33,S,PVAc_D3,Esche,9.77,25.0,2.206,59.1,3,12.34,7015.5,12.19,6.737,6.764,47.26,83.65,0.9061,70.84,919.1,16.67,12862.8,260779.1,23.92,35.73,46.4,10.67,0.8136,6676.3,176.4,B4281,0,0.64365,13,0,0,test
P23,HFP-3200,24,2025-04-24 16:41,S,PUR,Buche,8.61,30.0,2.175,68.7,2,16.27,6995.7,7.05,6.781,6.812,47.44,83.38,0.9125,72.95,965.4,20.94,11439.8,272218.9,23.97,35.67,47.04,11.37,0.6581,6677.5,186.7,B4856,0,0.67163,12,0,0,test
P23,HFP-3200,25,2025-04-24 17:58,S,PVAc_D3,Esche,11.68,30.0,2.372,63.8,3,11.29,7016.7,10.7,6.934,6.956,48.66,84.98,0.9183,73.12,898.4,15.49,11263.5,283482.4,23.57,35.18,48.73,13.55,0.8638,6678.5,181.5,B4648,0,0.69478,11,0,0,test
P23,HFP-3200,26,2025-04-24 19:15,S,PUR,Eiche,8.7,22.0,2.613,66.7,2,15.11,7009.0,6.46,6.751,6.776,47.32,83.36,0.9104,67.28,918.6,16.17,8947.0,292429.4,20.56,32.14,43.29,11.15,0.7208,6679.6,170.4,B5167,0,0.71811,10,0,0,test
P23,HFP-3200,27,2025-04-24 20:39,S,PUR,Buche,8.84,22.0,1.96,55.7,2,13.6,6988.1,10.75,6.7,6.734,46.82,82.45,0.9107,72.36,983.5,14.93,8585.0,301014.5,20.76,32.16,45.64,13.48,1.3736,6680.6,183.8,B6141,0,0.73772,9,0,0,test
P23,HFP-3200,28,2025-04-24 21:49,S,PVAc_D3,Esche,11.32,25.0,2.333,58.1,3,12.85,7005.3,8.92,6.872,6.911,48.14,85.01,0.9081,70.43,1015.2,17.64,15147.6,316162.0,20.42,30.84,43.58,12.75,0.8876,6681.5,180.8,B1382,0,0.7734,8,0,0,test
P23,HFP-3200,29,2025-04-24 23:08,N,PVAc_D4,Buche,13.6,30.0,1.926,62.2,2,13.47,7009.4,8.97,7.01,7.033,49.13,86.68,0.909,70.57,1018.9,15.86,9328.3,325490.3,18.41,31.37,44.43,13.06,1.0405,6682.6,178.9,B6539,0,0.79673,7,0,0,test
P23,HFP-3200,30,2025-04-25 00:21,N,PUR,Buche,12.84,30.0,2.691,64.2,3,16.19,6991.4,10.24,6.928,6.951,48.43,85.73,0.906,76.74,1026.0,19.25,16362.7,341853.0,19.27,30.22,45.99,15.77,1.0585,6683.6,169.8,B1792,0,0.83733,6,0,0,test
P23,HFP-3200,31,2025-04-25 01:36,N,PVAc_D3,Buche,11.26,30.0,2.747,69.4,3,14.17,7015.3,9.34,6.906,6.918,48.44,86.44,0.8988,73.93,937.6,18.99,16451.2,358304.3,18.06,30.03,43.53,13.5,1.0168,6684.8,176.9,B6823,0,0.87467,5,0,0,test
P23,HFP-3200,32,2025-04-25 03:00,N,PUR,Eiche,10.32,30.0,2.759,67.4,2,17.23,7017.9,10.19,6.801,6.817,47.73,84.89,0.9018,73.39,920.7,15.83,8195.8,366500.1,17.65,29.65,47.26,17.61,0.8948,6685.9,168.0,B4602,0,0.89306,4,1,0,test
P23,HFP-3200,33,2025-04-25 04:19,N,PVAc_D4,Buche,8.83,18.0,1.589,50.6,2,12.3,7023.8,8.74,6.7,6.736,47.06,82.49,0.9149,78.09,947.8,16.99,9578.1,376078.2,18.12,28.07,45.24,17.17,1.1061,6686.8,182.9,B9164,0,0.91669,3,1,0,test
P23,HFP-3200,34,2025-04-25 05:18,N,PUR,Esche,10.26,18.0,2.565,55.5,2,13.92,7004.0,14.67,6.831,6.86,47.85,84.12,0.9121,68.77,974.0,16.16,10170.9,386249.1,19.45,31.47,47.03,15.57,1.0646,6687.7,170.5,B5517,0,0.94431,2,1,0,test
P23,HFP-3200,35,2025-04-25 06:32,F,PUR,Buche,12.57,25.0,1.744,68.2,3,17.63,7004.6,11.75,6.951,6.992,48.69,85.44,0.9139,75.19,1021.4,17.37,15092.4,401341.5,19.08,31.72,48.5,16.78,0.7962,6688.8,173.6,B6274,0,0.98282,1,1,0,test
P23,HFP-3200,36,2025-04-25 07:49,F,PUR,Buche,10.5,18.0,2.603,56.7,3,16.69,6991.6,6.79,6.822,6.839,47.7,84.31,0.9072,70.99,942.7,15.96,12500.3,413841.8,20.38,31.26,51.22,19.97,1.1026,6689.8,183.8,B4351,1,1.0,0,1,0,test
P24,HFP-2400,1,2025-04-05 00:00,N,PVAc_D3,Buche,10.94,30.0,1.939,57.4,3,11.6,7007.6,8.31,6.881,6.907,48.22,84.28,0.9176,40.79,832.9,16.03,9117.2,9117.2,17.52,26.48,33.59,7.11,0.6746,39810.0,190.2,B1920,0,0.01563,47,0,0,train
P24,HFP-2400,2,2025-04-05 01:12,N,PUR,Eiche,12.22,22.0,2.327,56.6,3,13.67,7004.5,14.54,7.008,7.009,49.09,84.72,0.9293,43.67,867.3,19.86,12869.7,21986.9,15.87,26.36,33.8,7.44,0.8536,39810.9,177.8,B2786,0,0.04137,46,0,0,train
P24,HFP-2400,3,2025-04-05 02:18,N,PVAc_D4,Fichte,9.14,22.0,2.592,60.6,3,12.55,7034.0,7.93,6.829,6.852,48.04,83.77,0.9197,37.64,737.0,18.28,9750.1,31737.0,13.97,25.6,32.63,7.03,0.6833,39811.9,178.2,B5121,0,0.06038,45,0,0,train
P24,HFP-2400,4,2025-04-05 03:30,N,PVAc_D4,Buche,14.0,18.0,2.016,59.5,3,9.38,7002.6,11.0,6.997,7.013,49.0,84.68,0.928,40.68,764.2,18.22,10239.0,41976.0,17.26,27.38,32.79,5.42,0.6136,39812.9,173.0,B7057,0,0.07922,44,0,0,train
P24,HFP-2400,5,2025-04-05 04:51,N,PVAc_D3,Buche,11.88,38.0,1.78,65.0,3,15.06,6986.5,14.81,6.896,6.936,48.18,84.16,0.9182,35.73,775.7,16.99,8467.3,50443.3,16.32,26.91,31.64,4.73,0.9387,39814.0,188.4,B5240,0,0.09344,43,0,0,train
P24,HFP-2400,6,2025-04-05 06:05,F,PVAc_D4,Esche,13.54,22.0,2.556,56.9,3,12.91,7014.6,8.21,7.049,7.094,49.44,85.18,0.9309,39.75,812.9,15.62,9674.3,60117.6,15.39,23.58,30.7,7.12,0.8946,39815.0,174.8,B8157,0,0.1103,42,0,0,train
P24,HFP-2400,7,2025-04-05 07:11,F,PVAc_D4,Esche,13.54,22.0,2.67,60.3,3,12.91,6997.0,6.72,7.022,7.047,49.13,85.31,0.9237,41.47,843.8,18.35,12004.1,72121.7,18.83,27.44,37.3,9.86,0.7228,39816.0,193.2,B2199,0,0.13469,41,0,0,train
P24,HFP-2400,8,2025-04-05 08:33,F,PUR,Eiche,10.68,30.0,2.387,66.9,3,16.49,6985.0,9.27,6.848,6.878,47.83,82.61,0.9286,46.8,862.0,15.94,10233.6,82355.4,17.05,26.95,36.01,9.07,0.6751,39817.1,178.9,B4309,0,0.15293,40,0,0,train
P24,HFP-2400,9,2025-04-05 09:53,F,PVAc_D4,Buche,10.28,25.0,1.892,54.3,3,12.97,7009.8,4.62,6.814,6.84,47.76,82.52,0.9283,43.09,790.6,16.86,10050.8,92406.1,17.26,26.97,34.33,7.35,0.8171,39818.0,177.1,B6981,0,0.1723,39,0,0,train
P24,HFP-2400,10,2025-04-05 10:56,F,PUR,Esche,7.8,25.0,1.696,62.5,3,18.59,6982.9,5.5,6.7,6.708,46.79,81.79,0.9174,46.9,875.4,18.86,13176.3,105582.4,18.95,29.47,36.21,6.75,0.7456,39819.0,172.3,B4204,0,0.19661,38,0,0,train
P24,HFP-2400,11,2025-04-05 12:17,F,PUR,Fichte,8.67,30.0,2.855,73.2,3,16.42,6964.8,12.04,6.808,6.828,47.42,82.82,0.9183,39.87,821.4,17.6,10683.0,116265.4,22.01,31.43,38.5,7.07,0.6403,39820.2,186.7,B2690,0,0.21591,37,0,0,train
P24,HFP-2400,12,2025-04-05 13:51,F,PVAc_D3,Fichte,10.18,18.0,2.571,55.0,3,11.06,6998.4,6.58,6.865,6.897,48.04,83.51,0.9226,46.36,817.9,21.14,13695.5,129960.9,19.54,29.11,36.32,7.2,1.0514,39821.2,181.1,B8026,0,0.24321,36,0,0,train
P24,HFP-2400,13,2025-04-05 15:05,S,PVAc_D3,Eiche,11.57,25.0,1.838,52.1,2,12.67,7010.8,9.06,6.834,6.86,47.91,84.71,0.907,44.36,745.5,18.43,6167.6,136128.5,20.54,31.2,39.45,8.25,0.7166,39822.0,165.9,B9766,0,0.25395,35,0,0,train
P24,HFP-2400,14,2025-04-05 16:10,S,PUR,Fichte,9.66,18.0,2.74,61.1,2,14.02,7006.4,11.51,6.816,6.85,47.75,83.89,0.9129,47.24,795.8,16.84,6051.8,142180.3,19.13,28.97,35.65,6.68,0.8829,39823.0,167.5,B7577,0,0.26545,34,0,0,train
P24,HFP-2400,15,2025-04-05 17:24,S,PUR,Buche,8.82,18.0,1.881,59.4,3,13.96,7006.1,11.44,6.763,6.779,47.38,82.77,0.9181,44.01,849.6,17.61,11848.8,154029.1,19.9,30.48,37.83,7.35,0.942,39824.0,193.0,B2311,0,0.28904,33,0,0,train
P24,HFP-2400,16,2025-04-05 18:35,S,PUR,Eiche,8.44,22.0,2.726,56.4,2,13.56,7003.0,10.78,6.768,6.817,47.39,82.93,0.9165,36.5,845.7,18.46,8163.3,162192.4,20.56,30.59,37.42,6.83,0.9816,39825.0,176.9,B4647,0,0.305,32,0,0,train
P24,HFP-2400,17,2025-04-05 19:51,S,PUR,Fichte,10.95,30.0,2.18,69.4,3,15.66,6990.0,3.56,6.851,6.874,47.89,83.84,0.916,34.05,856.4,16.62,10208.1,172400.5,19.74,28.79,37.23,8.43,0.858,39826.1,178.5,B4427,0,0.32587,31,0,0,train
P24,HFP-2400,18,2025-04-05 21:12,S,PVAc_D3,Esche,9.28,38.0,2.841,75.0,3,16.93,6995.9,7.43,6.8,6.829,47.58,82.92,0.9202,42.51,834.1,18.29,11498.3,183898.7,18.19,27.92,37.89,9.97,0.9581,39827.4,182.1,B6598,0,0.34682,30,0,0,train
P24,HFP-2400,19,2025-04-05 22:39,N,PVAc_D3,Eiche,9.25,25.0,1.972,59.6,3,14.33,7008.5,10.51,6.768,6.79,47.43,84.12,0.9043,46.97,823.9,18.96,11662.1,195560.9,17.9,26.17,37.79,11.62,0.9204,39828.4,177.6,B3142,0,0.36806,29,0,0,train
P24,HFP-2400,20,2025-04-05 23:46,N,PVAc_D4,Fichte,9.35,25.0,1.997,60.8,2,13.65,7009.2,8.48,6.799,6.804,47.66,82.95,0.9214,50.79,871.5,18.46,8269.4,203830.3,18.65,28.37,36.33,7.96,0.8135,39829.4,183.7,B5931,0,0.38421,28,0,0,train
P24,HFP-2400,21,2025-04-06 01:07,N,PVAc_D3,Buche,11.87,18.0,2.345,53.2,2,11.51,6990.7,11.13,6.963,6.974,48.68,85.82,0.9097,48.0,822.5,17.91,7573.2,211403.5,16.16,25.14,36.32,11.18,0.7477,39830.3,172.6,B8869,0,0.39947,27,0,0,train
P24,HFP-2400,22,2025-04-06 02:16,N,PUR,Buche,10.06,38.0,2.517,75.0,3,17.95,6995.5,4.73,6.855,6.892,47.96,85.13,0.9035,43.06,832.7,18.01,11781.9,223185.4,17.17,25.8,36.51,10.7,0.7928,39831.5,181.6,B9592,0,0.42404,26,0,0,train
P24,HFP-2400,23,2025-04-06 03:49,N,PUR,Buche,7.8,22.0,2.348,58.7,2,14.7,6994.3,7.45,6.7,6.71,46.86,81.97,0.9169,43.73,763.5,19.89,7382.9,230568.3,16.15,26.11,35.29,9.18,0.8728,39832.5,175.1,B6949,0,0.43831,25,0,0,train
P24,HFP-2400,24,2025-04-06 05:09,N,PUR,Fichte,10.52,22.0,2.442,64.8,2,15.58,7007.3,6.27,6.872,6.891,48.15,84.93,0.9093,49.16,916.8,15.74,7047.1,237615.4,16.29,24.22,32.53,8.31,1.0355,39833.6,166.5,B6458,0,0.45211,24,0,0,train
P24,HFP-2400,25,2025-04-06 06:34,F,PUR,Eiche,8.21,30.0,3.013,68.8,2,17.64,7014.8,9.33,6.72,6.745,47.14,82.16,0.9201,48.32,868.2,16.66,8307.6,245923.0,15.64,26.67,33.04,6.37,0.7678,39834.7,178.8,B5999,0,0.46738,23,0,0,train
P24,HFP-2400,26,2025-04-06 07:54,F,PUR,Eiche,12.66,18.0,1.804,53.9,3,12.26,7014.6,15.25,6.941,6.96,48.69,85.2,0.9165,47.92,880.1,17.36,11454.1,257377.1,17.37,26.77,40.8,14.03,0.7963,39835.6,178.8,B3413,0,0.49118,22,0,0,train
P24,HFP-2400,27,2025-04-06 08:56,F,PUR,Buche,11.86,18.0,2.172,56.6,3,13.43,7003.6,8.33,6.871,6.9,48.12,84.58,0.9124,43.33,833.8,18.22,11968.8,269345.9,17.7,27.94,35.51,7.57,1.0324,39836.6,186.4,B6276,0,0.51513,21,0,0,train
P24,HFP-2400,28,2025-04-06 10:13,F,PVAc_D3,Fichte,12.04,30.0,2.33,60.1,3,12.22,7001.5,8.82,6.943,6.959,48.61,86.12,0.9052,48.6,845.6,18.4,11526.9,280872.9,18.26,28.12,35.8,7.68,0.9146,39837.6,186.2,B6799,0,0.53714,20,0,0,train
P24,HFP-2400,29,2025-04-06 11:34,F,PUR,Buche,11.66,25.0,2.033,58.1,3,15.14,7013.7,8.68,6.888,6.919,48.31,84.75,0.9143,51.07,901.8,19.47,13763.0,294635.9,17.83,28.01,41.11,13.1,1.0917,39838.5,185.3,B6814,0,0.56711,19,0,0,train
P24,HFP-2400,30,2025-04-06 12:54,F,PVAc_D4,Esche,12.58,30.0,2.741,70.4,3,17.36,6989.1,6.64,6.986,7.021,48.83,86.59,0.9044,47.65,835.3,16.91,10638.3,305274.2,21.1,28.68,42.56,13.88,1.1826,39839.7,172.8,B3940,0,0.59027,18,0,0,train
P24,HFP-2400,31,2025-04-06 14:12,S,PVAc_D4,Fichte,9.49,25.0,2.061,63.2,2,13.46,7006.7,11.15,6.782,6.799,47.52,83.72,0.9103,55.04,904.5,19.6,10103.8,315378.0,21.44,31.46,40.38,8.92,0.9934,39840.8,176.2,B1634,0,0.61128,17,0,0,train
P24,HFP-2400,32,2025-04-06 15:31,S,PVAc_D4,Fichte,10.95,30.0,2.05,63.9,3,14.67,6971.1,11.17,6.824,6.87,47.57,84.12,0.907,53.19,916.7,18.61,14417.0,329794.9,21.16,32.42,40.5,8.08,1.0905,39841.8,172.0,B1234,0,0.64387,16,0,0,train
P24,HFP-2400,33,2025-04-06 16:52,S,PVAc_D4,Esche,9.98,30.0,2.586,60.0,3,11.66,6998.1,11.68,6.801,6.817,47.6,84.29,0.9056,52.7,885.4,18.53,12907.4,342702.3,19.91,28.85,41.97,13.12,0.8334,39842.8,187.7,B1359,0,0.6711,15,0,0,train
P24,HFP-2400,34,2025-04-06 18:02,S,PVAc_D4,Esche,11.35,18.0,2.183,52.3,2,11.65,7006.4,9.31,6.864,6.891,48.09,84.54,0.9123,58.69,1005.0,19.03,10106.6,352808.9,18.43,29.15,40.68,11.53,1.2064,39843.7,178.1,B9081,0,0.69495,14,0,0,train
P24,HFP-2400,35,2025-04-06 19:08,S,PUR,Esche,9.91,22.0,2.472,60.3,2,12.73,7018.2,12.01,6.877,6.911,48.27,85.39,0.9066,50.98,810.9,16.99,7183.8,359992.7,18.82,28.07,39.88,11.81,1.0037,39844.7,189.3,B3898,0,0.70914,13,0,0,train
P24,HFP-2400,36,2025-04-06 20:27,S,PVAc_D3,Buche,10.07,25.0,2.13,61.0,3,13.36,7022.0,13.47,6.771,6.804,47.54,84.4,0.9033,47.56,896.7,16.86,11236.5,371229.1,20.34,32.19,40.55,8.35,0.8951,39845.7,185.7,B9675,0,0.73006,12,0,0,train
P24,HFP-2400,37,2025-04-06 21:45,S,PVAc_D3,Buche,10.98,30.0,2.018,66.9,3,14.26,7017.6,8.86,6.88,6.915,48.28,84.87,0.9124,47.94,899.3,14.46,10186.9,381416.0,20.3,29.07,41.1,12.02,1.0057,39846.8,189.1,B9025,0,0.75041,11,0,0,train
P24,HFP-2400,38,2025-04-06 23:07,N,PVAc_D4,Esche,11.53,25.0,1.958,63.6,2,12.22,6999.9,7.78,6.899,6.924,48.29,85.14,0.9097,50.71,911.7,16.15,7453.9,388869.9,16.01,24.37,38.68,14.31,1.016,39847.9,177.0,B1981,0,0.76328,10,0,0,train
P24,HFP-2400,39,2025-04-07 00:27,N,PVAc_D4,Eiche,11.46,30.0,2.343,61.8,2,13.79,6998.9,5.92,6.879,6.912,48.14,84.73,0.9113,54.8,893.1,17.52,8345.4,397215.3,17.36,26.77,41.51,14.74,0.7849,39848.9,171.5,B8218,0,0.77833,9,0,0,train
P24,HFP-2400,40,2025-04-07 01:43,N,PVAc_D3,Esche,11.97,38.0,2.313,68.6,3,14.85,7001.6,9.5,6.933,6.953,48.54,85.78,0.9076,60.42,943.1,18.27,13617.6,410832.9,15.74,26.93,40.29,13.36,1.1138,39850.1,183.3,B7886,0,0.80689,8,0,0,train
P24,HFP-2400,41,2025-04-07 03:12,N,PVAc_D3,Buche,10.77,22.0,2.038,55.9,3,10.54,7012.6,9.84,6.833,6.858,47.92,85.74,0.8962,51.49,868.8,16.88,11752.2,422585.1,17.07,26.68,38.51,11.83,1.13,39851.0,177.0,B5465,0,0.83104,7,0,0,train
P24,HFP-2400,42,2025-04-07 04:24,N,PVAc_D4,Buche,11.66,30.0,1.869,63.1,3,13.63,6998.9,7.51,6.869,6.902,48.08,85.15,0.9055,48.74,932.2,18.67,14577.6,437162.7,15.95,25.39,39.58,14.19,1.0262,39852.1,173.0,B7816,0,0.86286,6,0,0,train
P24,HFP-2400,43,2025-04-07 05:35,N,PVAc_D4,Esche,9.79,38.0,1.865,72.5,3,17.46,6986.7,6.24,6.801,6.85,47.52,83.97,0.9076,53.18,928.6,17.48,13009.4,450172.1,17.0,26.96,36.41,9.44,1.2202,39853.3,181.2,B2565,0,0.89093,5,0,0,train
P24,HFP-2400,44,2025-04-07 07:06,F,PVAc_D4,Esche,9.02,38.0,1.927,75.0,3,17.52,7002.1,9.08,6.72,6.745,47.05,83.65,0.9021,54.25,1012.1,17.24,14399.3,464571.4,17.16,25.91,38.63,12.71,1.0469,39854.5,177.6,B7716,0,0.9252,4,1,0,train
P24,HFP-2400,45,2025-04-07 08:33,F,PUR,Fichte,7.87,18.0,2.557,63.2,2,13.86,6990.0,7.32,6.717,6.754,46.95,83.02,0.907,53.57,897.4,15.39,7954.0,472525.4,18.02,27.61,43.58,15.98,1.0724,39855.6,183.2,B8272,0,0.94014,3,1,0,train
P24,HFP-2400,46,2025-04-07 09:46,F,PVAc_D3,Esche,9.0,38.0,2.349,69.5,3,15.72,7005.7,12.34,6.822,6.861,47.79,84.23,0.91,56.21,929.7,15.73,11407.0,483932.4,18.52,26.62,41.03,14.41,1.2477,39856.7,179.7,B1158,0,0.96236,2,1,0,train
P24,HFP-2400,47,2025-04-07 11:17,F,PUR,Esche,10.12,38.0,2.369,73.8,3,19.67,7025.2,9.8,6.819,6.828,47.91,85.19,0.9019,55.71,922.2,18.63,14927.2,498859.7,20.19,28.9,45.04,16.14,1.0254,39858.0,162.4,B7474,0,0.99533,1,1,0,train
P24,HFP-2400,48,2025-04-07 12:40,F,PVAc_D3,Buche,8.74,25.0,2.899,63.2,3,12.49,7015.3,10.56,6.74,6.768,47.28,83.71,0.9058,50.51,943.6,18.43,13992.1,512851.8,19.59,29.26,47.44,18.17,1.1524,39859.0,180.8,B1623,1,1.0,0,1,0,train
P25,HFP-3200,1,2025-03-11 12:00,F,PVAc_D4,Esche,10.9,22.0,2.351,58.3,2,13.2,6972.8,6.06,6.793,6.821,47.37,81.98,0.9267,39.55,745.3,18.68,6043.0,6043.0,16.86,28.89,32.43,3.54,0.5376,13026.9,187.2,B2040,0,0.01478,,,1,train
P25,HFP-3200,2,2025-03-11 13:06,F,PVAc_D3,Buche,11.81,38.0,2.64,74.1,3,13.34,6953.7,9.6,6.921,6.939,48.12,83.42,0.9252,31.68,772.0,16.08,8294.6,14337.6,18.18,28.31,32.32,4.01,0.6116,13028.1,175.9,B1402,0,0.03447,,,1,train
P25,HFP-3200,3,2025-03-11 14:39,S,PVAc_D4,Fichte,12.34,30.0,2.774,66.0,2,15.12,6956.9,7.5,6.924,6.949,48.17,83.51,0.925,40.81,665.8,17.68,5050.6,19388.2,18.21,27.68,37.06,9.38,0.5197,13029.2,181.5,B3123,0,0.04497,,,1,train
P25,HFP-3200,4,2025-03-11 16:06,S,PUR,Buche,13.27,25.0,2.314,65.0,2,16.9,6961.6,10.64,6.996,7.028,48.7,85.25,0.9163,42.36,744.3,20.0,6530.2,25918.4,17.52,28.44,30.36,1.92,0.4706,13030.3,184.4,B3462,0,0.06137,,,1,train
P25,HFP-3200,5,2025-03-11 17:30,S,PVAc_D3,Esche,10.8,25.0,2.615,60.3,2,13.5,6960.8,11.16,6.838,6.859,47.6,82.8,0.9219,40.04,813.3,17.17,6551.2,32469.6,17.49,27.02,29.61,2.59,0.4597,13031.3,168.7,B6144,0,0.07807,,,1,train
P25,HFP-3200,6,2025-03-11 18:50,S,PVAc_D3,Fichte,10.49,25.0,2.277,57.3,2,13.17,6951.7,8.47,6.789,6.806,47.19,82.96,0.9123,38.45,662.7,14.84,4159.3,36628.9,17.6,27.45,31.59,4.14,0.6994,13032.3,175.1,B6701,0,0.08703,,,1,train
P25,HFP-3200,7,2025-03-11 20:06,S,PVAc_D4,Eiche,10.21,30.0,2.49,66.0,2,14.4,6969.2,7.2,6.815,6.856,47.5,82.48,0.9235,41.91,769.8,19.91,7262.1,43891.0,15.16,24.06,26.44,2.37,0.5938,13033.4,184.6,B1995,0,0.1068,,,1,train
P25,HFP-3200,8,2025-03-11 21:21,S,PUR,Esche,12.22,25.0,2.708,59.4,3,13.76,6957.1,8.08,6.951,6.981,48.36,83.68,0.9268,39.3,725.2,18.17,8599.7,52490.7,15.91,27.54,29.94,2.4,0.5697,13034.4,182.0,B6600,0,0.12814,,,1,train
P25,HFP-3200,9,2025-03-11 22:35,N,PUR,Buche,10.46,18.0,1.91,54.9,2,13.55,6967.3,7.74,6.807,6.848,47.43,82.55,0.9214,46.4,856.1,19.06,7562.2,60053.0,14.05,25.34,30.39,5.05,0.5461,13035.3,178.2,B8466,0,0.14771,,,1,train
P25,HFP-3200,10,2025-03-11 23:42,N,PVAc_D4,Buche,10.59,38.0,2.42,75.0,3,15.46,6957.9,5.64,6.801,6.828,47.32,82.98,0.9146,47.41,726.0,19.97,9692.1,69745.1,13.5,23.8,31.44,7.64,0.7799,13036.5,178.9,B2094,0,0.17213,,,1,train
P25,HFP-3200,11,2025-03-12 01:06,N,PUR,Buche,7.8,38.0,2.372,70.3,3,16.46,6964.2,11.12,6.705,6.727,46.69,81.22,0.922,47.47,798.6,20.09,9753.1,79498.2,12.3,23.77,28.84,5.07,0.7086,13037.7,177.5,B2060,0,0.19685,,,1,train
P25,HFP-3200,12,2025-03-12 02:34,N,PVAc_D4,Fichte,9.25,18.0,2.82,51.5,2,9.61,6980.8,11.72,6.755,6.784,47.16,81.33,0.9299,42.89,785.4,19.6,7885.0,87383.2,13.36,23.81,29.57,5.77,0.6298,13038.5,179.9,B1904,0,0.21683,,,1,train
P25,HFP-3200,13,2025-03-12 03:40,N,PUR,Buche,12.0,22.0,2.186,67.1,2,16.09,6965.8,9.5,6.894,6.929,48.02,84.14,0.9153,42.66,772.6,17.52,6855.0,94238.1,12.81,23.04,29.33,6.29,0.8749,13039.7,183.6,B1301,0,0.2324,,,1,train
P25,HFP-3200,14,2025-03-12 05:03,N,PVAc_D3,Esche,10.28,22.0,2.886,58.9,2,11.29,6952.3,11.17,6.814,6.824,47.38,82.72,0.9185,45.77,771.2,18.87,6930.8,101168.9,13.75,24.06,28.36,4.29,0.7746,13040.6,168.9,B8844,0,0.25022,,,1,train
P25,HFP-3200,15,2025-03-12 06:13,F,PVAc_D3,Eiche,13.49,18.0,2.135,55.2,2,10.0,6978.6,10.64,6.963,6.984,48.59,85.08,0.916,48.97,778.4,17.93,6340.7,107509.6,14.89,27.81,30.24,2.42,0.6498,13041.6,179.9,B3984,0,0.26697,,,1,train
P25,HFP-3200,16,2025-03-12 07:28,F,PVAc_D3,Eiche,10.5,25.0,2.477,61.0,2,12.5,6945.9,10.42,6.798,6.827,47.22,83.48,0.9072,47.17,778.6,19.25,6907.4,114416.9,11.29,22.48,26.9,4.41,0.6172,13042.6,187.2,B3610,0,0.28251,,,1,train
P25,HFP-3200,17,2025-03-12 08:39,F,PUR,Buche,10.63,22.0,2.056,61.7,2,15.46,6967.8,9.03,6.769,6.796,47.16,81.81,0.9246,39.76,737.4,18.7,6468.2,120885.1,14.81,26.35,32.9,6.55,0.4025,13043.6,177.2,B6082,0,0.29695,,,1,train
P25,HFP-3200,18,2025-03-12 09:49,F,PUR,Esche,11.46,38.0,2.039,69.2,2,17.53,6950.4,14.99,6.911,6.941,48.04,83.79,0.9194,42.31,791.1,19.14,7363.7,128248.8,15.9,26.48,32.11,5.63,0.6422,13044.8,186.9,B1860,0,0.31596,,,1,train
P25,HFP-3200,19,2025-03-12 11:10,F,PVAc_D3,Buche,10.14,18.0,2.531,53.2,2,10.74,6949.8,14.07,6.774,6.788,47.08,83.5,0.9042,44.96,741.9,16.37,5525.5,133774.3,17.33,27.6,34.86,7.26,0.5455,13045.7,179.8,B7140,0,0.32887,,,1,train
P25,HFP-3200,20,2025-03-12 12:16,F,PVAc_D3,Fichte,12.7,30.0,2.474,55.9,2,12.74,6963.7,11.21,6.908,6.934,48.11,85.88,0.8984,42.93,775.6,18.09,6212.0,139986.3,16.88,26.3,32.42,6.12,0.5431,13046.6,170.2,B5891,0,0.344,,,1,train
P25,HFP-3200,21,2025-03-12 13:30,F,PVAc_D3,Eiche,11.99,22.0,2.688,61.1,2,12.36,6955.3,8.08,6.891,6.914,47.93,83.13,0.9246,44.23,706.1,19.03,5960.1,145946.5,16.96,27.8,34.58,6.78,0.5373,13047.6,179.7,B5372,0,0.35758,,,1,train
P25,HFP-3200,22,2025-03-12 14:46,S,PVAc_D3,Fichte,11.52,25.0,2.452,62.9,2,12.93,6963.9,11.25,6.851,6.88,47.71,83.79,0.9131,48.11,755.4,17.93,5651.5,151597.9,19.1,31.19,35.19,4.01,0.7822,13048.7,180.0,B5224,0,0.37129,,,1,train
P25,HFP-3200,23,2025-03-12 16:07,S,PVAc_D3,Fichte,8.74,30.0,2.62,61.7,3,13.99,6957.8,11.25,6.742,6.753,46.91,83.12,0.9051,45.96,779.1,19.12,9641.8,161239.8,17.18,26.89,31.75,4.86,0.7451,13049.7,192.9,B1184,0,0.39491,,,1,train
P25,HFP-3200,24,2025-03-12 17:25,S,PUR,Eiche,13.31,18.0,2.673,57.7,2,14.47,6965.8,8.32,6.966,6.991,48.52,84.71,0.9186,52.19,735.4,20.92,7338.2,168577.9,18.96,26.91,32.08,5.17,0.5575,13050.6,182.9,B8029,0,0.41402,,,1,train
P25,HFP-3200,25,2025-03-12 18:36,S,PVAc_D4,Fichte,11.27,30.0,2.184,63.1,2,14.57,6954.8,9.16,6.892,6.917,47.93,84.28,0.9122,39.0,793.4,17.28,6567.6,175145.6,17.7,28.31,35.2,6.89,0.7316,13051.7,180.3,B8123,0,0.43175,,,1,train
P25,HFP-3200,26,2025-03-12 19:56,S,PVAc_D4,Fichte,9.27,30.0,2.426,67.8,2,14.84,6974.3,11.27,6.723,6.754,46.89,82.64,0.91,58.85,805.2,17.82,6817.1,181962.7,16.19,24.66,29.54,4.89,0.6811,13052.8,174.1,B4548,0,0.45108,,,1,train
P25,HFP-3200,27,2025-03-12 21:14,S,PVAc_D3,Buche,9.02,25.0,2.674,64.7,2,14.15,6980.2,11.22,6.756,6.779,47.16,82.94,0.9119,47.9,901.9,20.63,9016.6,190979.2,16.63,25.34,30.76,5.42,0.5063,13053.9,171.3,B9289,0,0.47799,,,1,train
P25,HFP-3200,28,2025-03-12 22:29,N,PVAc_D3,Fichte,8.26,38.0,2.73,71.7,3,15.0,6958.4,9.63,6.7,6.738,46.62,82.07,0.911,46.7,839.3,17.44,9556.7,200535.9,14.34,25.49,31.7,6.21,0.834,13055.1,175.7,B8245,0,0.502,,,1,train
P25,HFP-3200,29,2025-03-12 23:57,N,PVAc_D3,Buche,11.41,30.0,2.387,61.0,3,14.5,6952.7,11.52,6.914,6.936,48.07,84.72,0.91,48.0,838.2,17.33,10568.3,211104.2,15.2,25.04,31.91,6.87,0.5509,13056.1,172.0,B7928,0,0.52853,,,1,train
P25,HFP-3200,30,2025-03-13 01:18,N,PVAc_D3,Fichte,9.67,30.0,2.458,61.1,2,12.03,6979.2,6.92,6.808,6.82,47.51,84.0,0.9072,46.75,827.8,17.4,6893.7,217997.9,12.7,23.69,32.04,8.35,0.7255,13057.1,177.1,B2686,0,0.54555,,,1,train
P25,HFP-3200,31,2025-03-13 02:35,N,PVAc_D4,Eiche,9.93,18.0,2.472,52.5,2,10.68,6948.9,7.37,6.789,6.816,47.18,83.38,0.9074,56.36,827.1,18.33,6795.5,224793.4,13.45,22.08,31.95,9.87,0.6851,13058.0,177.1,B1595,0,0.56517,,,1,train
P25,HFP-3200,32,2025-03-13 03:38,N,PVAc_D4,Eiche,9.79,25.0,2.508,57.7,2,11.39,6941.4,8.22,6.81,6.858,47.27,83.45,0.9085,52.32,787.6,16.9,6687.8,231481.2,14.04,25.25,34.24,9.0,0.88,13059.0,180.1,B3247,0,0.5839,,,1,train
P25,HFP-3200,33,2025-03-13 04:56,N,PVAc_D4,Fichte,14.0,38.0,2.496,69.8,2,14.37,6956.5,10.85,7.01,7.055,48.77,85.82,0.9114,48.65,859.0,15.65,6634.2,238115.5,12.08,21.06,28.55,7.49,0.8055,13060.1,179.7,B7067,0,0.60251,,,1,train
P25,HFP-3200,34,2025-03-13 06:17,F,PVAc_D4,Buche,9.94,25.0,1.55,53.7,2,12.65,6939.4,9.54,6.769,6.79,46.98,82.65,0.9116,51.74,777.0,16.58,6521.1,244636.6,15.11,25.82,31.75,5.93,0.8521,13061.0,173.9,B3231,0,0.61746,,,1,train
P26,HFP-2400,1,2025-10-11 01:00,N,PVAc_D4,Buche,13.13,22.0,2.044,53.4,3,13.24,7017.1,10.73,6.973,6.989,48.93,84.45,0.9292,68.46,974.0,21.52,17853.0,17853.0,17.18,28.3,30.17,1.86,0.7533,12687.4,183.2,B7425,0,0.04937,28,0,0,test
P26,HFP-2400,2,2025-10-11 02:04,N,PVAc_D4,Eiche,10.35,25.0,1.856,65.1,3,12.65,7024.7,6.69,6.854,6.885,48.15,83.45,0.9253,66.8,1022.1,20.68,17712.7,35565.7,18.07,29.53,30.51,0.98,0.7349,12688.5,173.9,B5576,0,0.09544,27,0,0,test
P26,HFP-2400,3,2025-10-11 03:25,N,PUR,Eiche,11.24,30.0,2.292,68.7,3,16.43,7028.7,10.35,6.889,6.91,48.42,84.61,0.9179,72.86,1025.9,18.17,15168.7,50734.4,17.25,30.4,32.15,1.74,0.8146,12689.7,180.4,B6503,0,0.13357,26,0,0,test
P26,HFP-2400,4,2025-10-11 04:44,N,PVAc_D4,Esche,10.91,25.0,2.052,60.0,3,11.64,7006.1,8.29,6.903,6.908,48.36,83.75,0.9261,71.07,1012.7,17.56,14814.4,65548.8,17.26,28.52,29.5,0.98,0.4405,12690.7,170.7,B5294,0,0.172,25,0,0,test
P26,HFP-2400,5,2025-10-11 05:58,N,PVAc_D4,Esche,10.88,25.0,2.292,61.2,2,14.16,7025.2,6.76,6.881,6.912,48.34,85.46,0.9072,67.56,871.3,16.37,8188.8,73737.6,17.36,28.03,34.09,6.05,0.507,12691.7,196.2,B6171,0,0.18859,24,0,0,test
P26,HFP-2400,6,2025-10-11 07:08,F,PUR,Buche,13.34,38.0,2.362,71.8,3,20.13,6974.7,10.86,7.037,7.045,49.08,86.14,0.9137,64.21,944.0,17.59,13277.9,87015.5,17.52,29.62,36.04,6.42,0.7005,12692.9,177.9,B8058,0,0.21786,23,0,0,test
P26,HFP-2400,7,2025-10-11 08:28,F,PVAc_D3,Eiche,11.15,30.0,2.562,65.8,2,14.26,7024.2,6.25,6.93,6.97,48.68,84.67,0.9221,69.32,918.5,21.06,11655.1,98670.6,19.21,32.49,33.95,1.47,0.8645,12694.0,173.3,B8806,0,0.25063,22,0,0,test
P26,HFP-2400,8,2025-10-11 09:51,F,PVAc_D3,Buche,10.36,25.0,2.408,62.0,3,13.64,6981.9,8.85,6.855,6.878,47.86,82.44,0.9311,68.9,1018.1,17.11,13247.0,111917.6,19.5,30.41,31.82,1.41,0.6715,12695.0,192.4,B9553,0,0.28227,21,0,0,test
P26,HFP-2400,9,2025-10-11 11:13,F,PVAc_D4,Esche,12.52,18.0,2.517,54.6,2,10.97,7017.6,7.86,6.996,7.019,49.1,85.25,0.9236,66.98,919.7,18.05,9666.4,121583.9,24.18,34.24,39.2,4.96,0.7285,12695.9,191.2,B2476,0,0.30845,20,0,0,test
P26,HFP-2400,10,2025-10-11 12:22,F,PUR,Esche,11.93,30.0,1.809,62.6,2,14.6,7021.6,7.54,6.887,6.912,48.36,85.05,0.9118,68.0,922.9,18.17,10123.0,131707.0,22.94,35.51,36.85,1.34,0.6813,12697.0,184.9,B1901,0,0.33586,19,0,0,test
P26,HFP-2400,11,2025-10-11 13:34,F,PVAc_D3,Eiche,9.84,25.0,3.058,61.6,2,13.28,7019.1,9.88,6.83,6.859,47.94,83.14,0.9247,73.57,902.9,22.57,11797.8,143504.8,21.29,32.83,38.16,5.33,0.9473,12698.0,177.3,B6006,0,0.371,18,0,0,test
P26,HFP-2400,12,2025-10-11 14:48,S,PUR,Eiche,7.99,30.0,2.236,68.6,3,17.91,7000.9,8.95,6.7,6.737,46.91,81.54,0.9225,60.81,1051.7,17.75,15036.0,158540.7,21.97,32.88,35.71,2.83,0.7428,12699.1,159.5,B6627,0,0.40965,17,0,0,test
P26,HFP-2400,13,2025-10-11 16:16,S,PUR,Esche,8.3,30.0,2.024,74.3,3,17.11,6980.6,10.91,6.735,6.758,47.02,80.8,0.9331,70.47,981.1,18.97,16322.4,174863.1,22.75,35.55,37.27,1.72,0.7498,12700.4,169.0,B3091,0,0.45633,16,0,0,test
P26,HFP-2400,14,2025-10-11 17:45,S,PVAc_D3,Fichte,7.8,22.0,2.696,61.9,2,10.83,7006.6,10.64,6.762,6.772,47.38,82.97,0.9158,72.59,970.6,19.53,10019.5,184882.6,22.34,34.78,40.45,5.67,0.7275,12701.4,174.5,B3791,0,0.4834,15,0,0,test
P26,HFP-2400,15,2025-10-11 18:59,S,PVAc_D4,Esche,11.86,38.0,2.464,62.9,3,13.94,6995.5,13.92,7.0,7.02,48.97,85.66,0.9167,71.8,1026.3,15.57,15184.9,200067.6,21.29,31.18,38.42,7.23,1.0186,12702.5,178.5,B7627,0,0.52304,14,0,0,test
P26,HFP-2400,16,2025-10-11 20:20,S,PUR,Buche,10.04,22.0,2.546,61.4,2,12.15,7019.9,12.26,6.852,6.886,48.1,84.24,0.9158,77.69,970.5,17.85,10108.5,210176.0,20.36,33.07,41.03,7.96,0.6868,12703.5,176.9,B7484,0,0.54839,13,0,0,test
P26,HFP-2400,17,2025-10-11 21:34,S,PUR,Fichte,9.76,25.0,2.174,72.8,2,18.0,7007.8,11.05,6.815,6.856,47.76,84.31,0.9084,72.96,1008.2,18.29,11160.1,221336.1,19.67,30.72,34.92,4.2,0.8482,12704.7,175.1,B6324,0,0.57889,12,0,0,test
P26,HFP-2400,18,2025-10-11 23:08,N,PVAc_D3,Buche,8.68,38.0,2.072,72.0,3,15.6,7015.3,15.61,6.7,6.731,47.0,82.25,0.9165,71.64,961.6,16.77,13859.6,235195.7,19.15,32.92,38.15,5.23,0.9022,12705.9,185.3,B3499,0,0.61563,11,0,0,test
P26,HFP-2400,19,2025-10-12 00:30,N,PVAc_D4,Esche,11.24,30.0,2.65,62.4,2,13.64,7018.9,9.65,6.92,6.961,48.57,85.26,0.9136,69.26,952.9,16.29,8945.9,244141.6,17.32,31.05,37.74,6.69,0.8168,12706.9,178.0,B4671,0,0.63803,10,0,0,test
P26,HFP-2400,20,2025-10-12 01:47,N,PVAc_D3,Eiche,10.66,25.0,1.91,62.1,2,13.57,6988.3,7.27,6.849,6.883,47.86,83.66,0.9175,75.39,975.3,16.35,9760.7,253902.3,17.84,31.02,36.87,5.85,0.8982,12708.0,174.2,B8070,0,0.66456,9,0,0,test
P26,HFP-2400,21,2025-10-12 03:00,N,PVAc_D4,Eiche,10.91,22.0,2.332,55.3,3,13.01,7028.2,10.18,6.897,6.929,48.47,85.52,0.9089,69.61,992.9,14.81,13768.6,267670.9,17.6,28.92,35.38,6.46,0.8732,12708.9,169.5,B4908,0,0.69926,8,0,0,test
P26,HFP-2400,22,2025-10-12 04:16,N,PUR,Esche,10.04,22.0,2.227,58.7,3,14.72,7010.6,9.87,6.853,6.889,48.05,83.16,0.9265,75.62,979.7,19.93,16195.7,283866.6,18.59,30.48,38.77,8.29,0.7686,12709.9,180.0,B3268,0,0.74163,7,0,0,test
P26,HFP-2400,23,2025-10-12 05:28,N,PUR,Eiche,12.18,18.0,2.395,62.1,3,12.86,7003.1,9.03,6.959,6.973,48.73,85.15,0.9178,75.74,1019.8,18.42,15628.3,299494.9,17.71,29.44,39.47,10.03,0.9632,12710.9,175.8,B8991,0,0.78679,6,0,0,test
P26,HFP-2400,24,2025-10-12 06:49,F,PVAc_D4,Buche,10.22,30.0,2.574,59.3,3,14.7,7014.0,11.75,6.812,6.846,47.78,83.94,0.9128,75.59,1004.6,18.23,15093.0,314587.9,16.49,28.92,40.15,11.23,0.8245,12711.9,167.7,B6538,0,0.83014,5,0,0,test
P26,HFP-2400,25,2025-10-12 08:08,F,PVAc_D4,Eiche,9.61,22.0,2.153,58.8,3,11.64,6990.4,9.46,6.786,6.816,47.44,83.31,0.9131,74.24,1048.1,18.29,17647.4,332235.3,18.45,30.11,38.56,8.45,1.0439,12712.9,180.4,B3928,0,0.88052,4,1,0,test
P26,HFP-2400,26,2025-10-12 09:28,F,PUR,Eiche,9.39,22.0,2.873,60.2,2,13.56,7015.0,10.87,6.815,6.85,47.81,84.56,0.9067,73.78,913.4,17.4,9621.9,341857.1,21.23,33.63,46.15,12.52,1.1037,12713.9,185.6,B7932,0,0.90852,3,1,0,test
P26,HFP-2400,27,2025-10-12 10:38,F,PUR,Buche,11.11,18.0,2.587,58.4,2,13.69,7012.4,7.43,6.868,6.895,48.16,84.64,0.9126,80.8,960.3,18.04,10375.8,352232.9,20.74,31.39,46.04,14.65,1.0338,12714.9,173.2,B5716,0,0.93561,2,1,0,test
P26,HFP-2400,28,2025-10-12 11:45,F,PVAc_D4,Buche,11.15,38.0,2.122,67.8,3,14.04,6986.2,6.76,6.867,6.908,47.97,84.86,0.9067,77.61,945.2,19.54,16148.2,368381.2,20.09,31.31,43.44,12.12,1.1903,12716.0,181.0,B6789,0,0.9768,1,1,0,test
P26,HFP-2400,29,2025-10-12 13:06,F,PVAc_D4,Esche,7.8,22.0,2.451,50.3,2,9.84,6987.4,12.09,6.7,6.712,46.82,81.98,0.9159,71.56,967.3,15.7,9130.4,377511.6,19.99,31.94,45.22,13.27,1.0586,12716.8,177.7,B7278,1,1.0,0,1,0,test
P27,HFP-3200,1,2025-03-01 17:00,S,PUR,Buche,10.68,30.0,2.185,72.2,2,17.67,7038.5,6.74,6.829,6.856,48.07,83.04,0.9283,46.56,728.9,17.19,5655.5,5655.5,15.84,23.41,31.6,8.19,0.537,10961.5,177.8,B3258,0,0.01501,41,0,0,test
P27,HFP-3200,2,2025-03-01 18:29,S,PUR,Buche,8.29,30.0,2.097,64.4,3,16.08,7028.1,9.5,6.7,6.727,47.09,81.88,0.9223,46.9,738.7,18.62,9580.5,15236.0,16.51,25.76,33.13,7.37,0.4295,10962.5,178.1,B8003,0,0.0438,40,0,0,test
P27,HFP-3200,3,2025-03-01 19:54,S,PUR,Esche,11.1,25.0,2.42,64.7,3,14.67,7012.9,7.67,6.898,6.924,48.37,83.72,0.9266,41.35,808.3,15.75,9277.3,24513.3,15.28,24.39,30.6,6.21,0.6577,10963.6,180.4,B5805,0,0.06673,39,0,0,test
P27,HFP-3200,4,2025-03-01 21:20,S,PUR,Eiche,13.24,30.0,2.405,64.9,2,14.97,7038.3,10.88,7.028,7.064,49.46,86.74,0.9146,47.4,715.8,20.53,6825.7,31339.0,13.54,22.18,31.93,9.76,0.6197,10964.7,186.8,B8096,0,0.08618,38,0,0,test
P27,HFP-3200,5,2025-03-01 22:43,N,PVAc_D3,Eiche,8.54,25.0,2.516,58.5,3,11.89,7014.0,9.49,6.7,6.722,46.99,81.13,0.929,47.4,762.3,17.66,9602.4,40941.4,13.27,20.75,30.13,9.38,0.3681,10965.7,171.5,B8272,0,0.11303,37,0,0,test
P27,HFP-3200,6,2025-03-01 23:54,N,PVAc_D4,Eiche,12.14,18.0,2.289,56.6,2,14.54,7014.7,7.79,6.858,6.899,48.11,83.6,0.9229,37.78,781.0,13.16,5029.3,45970.7,14.29,24.28,30.33,6.05,0.3086,10966.6,174.7,B1245,0,0.12634,36,0,0,test
P27,HFP-3200,7,2025-03-02 01:04,N,PVAc_D4,Esche,7.8,38.0,2.22,71.3,2,17.13,7048.1,9.13,6.7,6.73,47.22,81.54,0.9288,51.0,807.9,19.94,7946.9,53917.6,10.82,17.41,26.77,9.37,0.3528,10967.8,175.4,B1505,0,0.15057,35,0,0,test
P27,HFP-3200,8,2025-03-02 02:31,N,PUR,Eiche,12.56,38.0,3.1,75.0,3,19.11,7023.1,12.29,6.957,6.992,48.86,84.59,0.9264,44.67,747.1,21.29,11762.9,65680.5,12.0,21.37,30.21,8.83,0.5848,10969.1,182.0,B2134,0,0.18359,34,0,0,test
P27,HFP-3200,9,2025-03-02 04:02,N,PUR,Esche,11.85,30.0,2.225,66.9,2,16.26,7036.1,11.68,6.91,6.941,48.62,84.97,0.9177,42.1,788.2,17.36,6562.1,72242.7,11.32,21.06,28.76,7.69,0.4722,10970.2,176.5,B2528,0,0.20136,33,0,0,test
P27,HFP-3200,10,2025-03-02 05:24,N,PVAc_D3,Esche,11.36,38.0,2.213,71.8,2,16.65,7056.6,10.56,6.84,6.876,48.27,84.73,0.9135,46.26,736.2,16.82,5470.0,77712.7,12.23,20.08,31.29,11.2,0.7467,10971.4,169.9,B1245,0,0.21596,32,0,0,test
P27,HFP-3200,11,2025-03-02 06:55,F,PVAc_D4,Buche,12.0,30.0,1.983,67.0,2,15.25,7030.8,7.42,6.903,6.934,48.53,84.19,0.9245,46.15,787.0,19.84,7497.8,85210.5,12.74,23.88,33.22,9.34,0.4427,10972.5,182.9,B6936,0,0.23669,31,0,0,test
P27,HFP-3200,12,2025-03-02 08:14,F,PUR,Esche,8.72,18.0,2.337,53.9,2,12.31,7032.1,9.8,6.739,6.783,47.39,82.25,0.924,52.45,785.7,19.92,6960.9,92171.4,14.36,25.06,29.56,4.5,0.7721,10973.4,177.2,B2644,0,0.25577,30,0,0,test
P27,HFP-3200,13,2025-03-02 09:23,F,PUR,Eiche,10.92,18.0,2.071,61.7,2,13.61,7022.3,10.47,6.839,6.884,48.03,84.75,0.9088,50.25,774.8,18.43,6111.9,98283.2,13.73,21.44,31.15,9.72,0.6789,10974.4,180.0,B9383,0,0.27329,29,0,0,test
P27,HFP-3200,14,2025-03-02 10:42,F,PUR,Eiche,12.61,25.0,2.32,60.3,2,15.88,7041.5,10.07,6.97,6.983,49.08,87.28,0.9019,54.48,786.3,17.9,6852.7,105135.9,15.63,24.37,35.05,10.67,0.5975,10975.4,175.6,B2437,0,0.29415,28,0,0,test
P27,HFP-3200,15,2025-03-02 11:54,F,PUR,Fichte,8.48,38.0,2.16,75.0,2,16.82,7010.5,12.07,6.7,6.74,46.97,82.55,0.9125,50.8,782.6,17.73,7086.8,112222.7,14.64,22.82,32.32,9.5,0.797,10976.7,185.2,B7661,0,0.31374,27,0,0,test
P27,HFP-3200,16,2025-03-02 13:27,F,PUR,Buche,9.23,30.0,1.949,62.0,2,16.54,7027.7,9.86,6.758,6.785,47.49,81.87,0.9303,49.43,774.5,17.85,6958.5,119181.2,17.27,25.78,36.93,11.15,0.5941,10977.7,183.2,B9037,0,0.33417,26,0,0,test
P27,HFP-3200,17,2025-03-02 14:40,S,PUR,Eiche,10.27,30.0,2.456,69.5,2,14.69,6989.5,11.59,6.795,6.811,47.49,83.97,0.907,47.34,842.8,15.01,5303.2,124484.4,16.38,23.44,32.24,8.8,1.0096,10978.9,181.1,B1736,0,0.34611,25,0,0,test
P27,HFP-3200,18,2025-03-02 16:09,S,PVAc_D3,Eiche,10.74,30.0,1.937,61.9,3,13.29,7015.4,6.29,6.84,6.857,47.99,82.67,0.9309,51.35,747.4,20.57,11116.4,135600.8,15.98,25.54,35.85,10.31,0.7616,10979.9,178.3,B4166,0,0.37769,24,0,0,test
P27,HFP-3200,19,2025-03-02 17:23,S,PVAc_D4,Buche,10.32,38.0,1.662,67.5,3,16.36,7009.2,7.25,6.78,6.819,47.52,82.26,0.9265,53.31,852.7,18.66,10506.8,146107.5,16.78,24.87,33.45,8.58,1.0061,10981.0,180.0,B2030,0,0.40414,23,0,0,test
P27,HFP-3200,20,2025-03-02 18:51,S,PVAc_D4,Buche,9.89,22.0,2.072,64.3,2,12.47,7016.8,13.38,6.824,6.871,47.88,84.47,0.9091,47.62,851.3,23.35,9708.2,155815.8,15.01,24.76,36.97,12.21,0.9108,10982.1,183.7,B3307,0,0.43421,22,0,0,test
P27,HFP-3200,21,2025-03-02 20:15,S,PVAc_D4,Esche,12.2,18.0,1.962,45.0,3,11.03,7028.0,7.82,6.886,6.915,48.4,85.36,0.9093,52.92,848.0,18.8,10497.3,166313.0,15.48,23.5,34.02,10.53,0.4882,10982.8,175.4,B2010,0,0.4648,21,0,0,test
P27,HFP-3200,22,2025-03-02 21:15,S,PUR,Esche,9.79,30.0,2.743,70.7,3,16.51,7027.0,7.15,6.793,6.816,47.73,84.34,0.9077,48.75,838.8,16.74,10315.9,176628.9,14.7,22.48,30.2,7.72,1.123,10984.0,181.2,B9358,0,0.49456,20,0,0,test
P27,HFP-3200,23,2025-03-02 22:47,N,PUR,Eiche,11.74,25.0,2.342,60.5,2,16.98,7018.8,8.68,6.888,6.908,48.34,84.26,0.9201,52.02,810.0,16.22,6837.1,183466.0,13.7,22.49,34.15,11.65,0.7087,10985.0,179.5,B3361,0,0.51469,19,0,0,test
P27,HFP-3200,24,2025-03-02 23:57,N,PVAc_D3,Fichte,11.81,22.0,1.754,55.8,2,12.52,7011.6,9.77,6.852,6.875,48.04,84.3,0.914,54.06,810.4,19.65,8458.7,191924.7,12.13,20.71,32.42,11.71,0.6535,10986.0,191.3,B5734,0,0.54136,18,0,0,test
P27,HFP-3200,25,2025-03-03 01:10,N,PUR,Esche,9.66,38.0,1.748,74.6,3,18.82,7047.8,6.46,6.732,6.766,47.45,82.61,0.9211,52.91,862.0,16.95,10606.2,202530.9,11.15,19.48,33.37,13.89,0.8204,10987.2,172.7,B8334,0,0.5673,17,0,0,test
P27,HFP-3200,26,2025-03-03 02:39,N,PVAc_D4,Fichte,10.38,38.0,1.924,69.0,3,15.25,7010.2,11.19,6.806,6.834,47.71,83.17,0.9201,51.59,788.7,16.9,9398.4,211929.3,12.03,21.35,31.57,10.21,0.7343,10988.3,179.6,B9175,0,0.59015,16,0,0,test
P27,HFP-3200,27,2025-03-03 03:58,N,PVAc_D4,Eiche,8.93,25.0,2.029,55.3,2,13.64,7024.0,13.27,6.7,6.721,47.06,83.1,0.9083,58.58,869.4,19.59,8375.2,220304.5,12.09,20.2,32.29,12.09,0.9991,10989.3,180.9,B7402,0,0.61544,15,0,0,test
P27,HFP-3200,28,2025-03-03 05:01,N,PVAc_D3,Fichte,9.42,18.0,2.296,53.9,2,10.45,7021.1,9.65,6.82,6.872,47.89,84.07,0.9135,50.73,878.7,15.68,6800.6,227105.1,11.5,20.38,27.73,7.35,0.7984,10990.2,175.1,B6375,0,0.63325,14,0,0,test
P27,HFP-3200,29,2025-03-03 06:12,F,PVAc_D3,Esche,9.19,38.0,1.923,69.8,3,17.25,7031.6,11.53,6.7,6.726,47.11,82.94,0.911,54.75,808.4,19.08,12172.0,239277.1,12.99,21.93,36.76,14.83,0.5783,10991.3,182.4,B2127,0,0.66897,13,0,0,test
P27,HFP-3200,30,2025-03-03 07:43,F,PVAc_D4,Buche,9.33,22.0,2.067,62.0,2,13.05,6999.6,7.3,6.724,6.754,47.07,82.7,0.9127,50.2,852.6,17.15,7320.2,246597.3,12.45,21.93,36.7,14.78,0.8087,10992.4,181.9,B1995,0,0.68828,12,0,0,test
P27,HFP-3200,31,2025-03-03 09:01,F,PVAc_D3,Eiche,7.8,30.0,2.231,61.8,3,15.97,7042.4,8.06,6.7,6.707,47.18,82.82,0.9136,47.78,914.9,16.64,11173.9,257771.2,14.25,23.57,39.66,16.08,0.5063,10993.4,183.1,B2549,0,0.71985,11,0,0,test
P27,HFP-3200,32,2025-03-03 10:13,F,PUR,Esche,12.93,18.0,2.046,56.5,3,12.52,7008.3,6.94,6.949,6.976,48.7,85.62,0.9122,49.72,776.3,18.37,9991.1,267762.3,15.2,25.52,41.15,15.64,1.0658,10994.3,183.6,B5882,0,0.74842,10,0,0,test
P27,HFP-3200,33,2025-03-03 11:21,F,PVAc_D4,Buche,9.59,30.0,2.643,67.7,3,12.86,7018.4,5.81,6.777,6.791,47.56,83.58,0.9126,53.38,830.0,17.73,10769.6,278531.9,16.06,23.54,40.29,16.75,0.9898,10995.5,172.4,B1656,0,0.78068,9,0,0,test
P27,HFP-3200,34,2025-03-03 12:44,F,PVAc_D4,Buche,10.83,38.0,2.422,73.9,3,15.84,7042.6,6.01,6.843,6.869,48.2,85.23,0.9068,50.5,797.3,14.37,8415.7,286947.6,14.62,22.74,39.18,16.43,0.5979,10996.7,169.8,B3136,0,0.80362,8,0,0,test
P27,HFP-3200,35,2025-03-03 14:07,S,PVAc_D4,Fichte,11.92,25.0,2.238,59.8,2,11.86,7030.5,7.23,6.849,6.883,48.15,85.1,0.9074,57.79,851.7,19.83,9436.2,296383.8,15.11,24.31,40.51,16.2,0.9403,10997.7,186.4,B3558,0,0.83055,7,0,0,test
P27,HFP-3200,36,2025-03-03 15:24,S,PVAc_D4,Fichte,11.38,18.0,3.1,54.8,3,10.89,7029.7,8.79,6.889,6.912,48.43,86.61,0.8968,56.23,872.7,16.39,11111.3,307495.1,17.93,26.17,44.8,18.64,0.9343,10998.6,184.8,B6060,0,0.8629,6,0,0,test
P27,HFP-3200,37,2025-03-03 16:32,S,PVAc_D4,Eiche,8.87,38.0,2.308,68.3,2,17.1,7013.7,7.67,6.7,6.707,46.99,83.14,0.9065,59.28,922.7,17.31,7611.8,315106.9,17.09,25.72,44.24,18.53,0.7722,10999.7,181.5,B7550,0,0.88492,5,0,0,test
P27,HFP-3200,38,2025-03-03 17:51,S,PVAc_D3,Buche,12.0,25.0,2.113,59.3,2,12.97,7019.3,8.56,6.932,6.965,48.66,86.47,0.9025,53.43,818.1,17.59,7730.0,322836.9,15.39,23.53,44.11,20.57,1.0401,11000.7,183.6,B5914,0,0.907,4,1,0,test
P27,HFP-3200,39,2025-03-03 19:10,S,PUR,Fichte,10.46,38.0,1.55,72.6,3,20.65,7013.2,12.47,6.76,6.797,47.41,84.09,0.9043,55.58,884.8,19.46,13479.3,336316.3,16.17,24.67,40.67,16.0,1.0608,11001.9,193.5,B5006,0,0.94698,3,1,0,test
P27,HFP-3200,40,2025-03-03 20:37,S,PUR,Buche,11.33,22.0,2.231,62.5,2,14.11,7030.7,9.44,6.828,6.876,48.0,85.46,0.9008,48.31,918.4,16.06,7700.0,344016.2,14.65,21.95,44.74,22.79,0.6701,11003.0,179.8,B9687,0,0.96954,2,1,0,test
P27,HFP-3200,41,2025-03-03 21:55,S,PVAc_D3,Buche,9.19,22.0,2.44,61.3,2,13.38,7039.8,13.31,6.7,6.716,47.17,83.38,0.9072,62.53,834.6,16.96,7798.8,351815.1,14.77,23.5,43.74,20.24,0.7963,11004.0,181.8,B5182,0,0.9932,1,1,0,test
P27,HFP-3200,42,2025-03-03 23:09,N,PVAc_D4,Eiche,11.35,25.0,2.005,56.1,3,11.99,7043.4,9.19,6.815,6.834,48.0,84.1,0.9153,54.23,843.3,18.58,12159.8,363974.9,14.34,23.73,46.12,22.39,1.0444,11004.9,161.5,B6093,1,1.0,0,1,0,test
P28,HFP-2400,1,2025-01-11 20:00,S,PVAc_D3,Fichte,11.9,22.0,2.618,60.1,2,13.2,7028.1,10.83,6.961,6.987,48.93,85.15,0.9215,45.89,710.7,18.21,5936.5,5936.5,13.0,25.28,28.21,2.94,0.6201,20448.5,182.3,B5099,0,0.0128,54,0,0,train
P28,HFP-2400,2,2025-01-11 21:10,S,PVAc_D4,Esche,10.94,38.0,1.993,74.1,2,17.45,7006.4,9.21,6.886,6.915,48.25,83.27,0.9293,49.15,716.5,15.69,4555.5,10492.0,11.03,20.54,24.13,3.59,0.6538,20449.7,182.2,B8328,0,0.02063,53,0,0,train
P28,HFP-2400,3,2025-01-11 22:42,N,PVAc_D4,Fichte,9.5,38.0,2.155,73.4,2,17.9,7039.1,12.35,6.83,6.862,48.08,83.91,0.9189,45.23,741.5,19.48,6250.8,16742.9,12.08,21.69,27.2,5.52,0.5239,20450.9,179.8,B1323,0,0.03464,52,0,0,train
P28,HFP-2400,4,2025-01-12 00:12,N,PUR,Fichte,10.51,25.0,1.749,55.5,2,14.15,7016.1,13.65,6.875,6.913,48.24,83.02,0.9318,39.53,752.9,16.44,5757.0,22499.9,10.35,20.8,23.7,2.9,0.8062,20451.8,165.1,B7667,0,0.04613,51,0,0,train
P28,HFP-2400,5,2025-01-12 01:23,N,PUR,Buche,11.38,18.0,2.827,54.9,2,14.85,7020.0,8.33,7.028,7.055,49.34,86.54,0.9143,46.78,737.5,20.07,7010.6,29510.5,12.39,23.48,29.56,6.08,0.4155,20452.8,163.8,B2447,0,0.06154,50,0,0,train
P28,HFP-2400,6,2025-01-12 02:37,N,PVAc_D4,Eiche,10.07,25.0,2.615,58.5,2,12.28,7029.4,6.64,6.83,6.833,48.01,83.44,0.9228,43.96,797.9,18.68,6844.2,36354.7,9.03,19.97,18.81,-1.16,0.5886,20453.7,182.0,B1424,0,0.07845,49,0,0,train
P28,HFP-2400,7,2025-01-12 03:56,N,PVAc_D4,Esche,10.79,18.0,2.868,58.2,2,10.99,7033.6,10.94,6.895,6.946,48.5,84.26,0.9231,50.15,714.8,20.17,6728.3,43083.0,10.0,21.95,21.34,-0.61,0.6747,20454.7,192.9,B6773,0,0.0946,48,0,0,train
P28,HFP-2400,8,2025-01-12 05:08,N,PVAc_D3,Esche,11.27,25.0,2.956,60.2,2,13.25,6994.0,10.07,6.951,6.993,48.61,83.82,0.9302,40.58,761.9,15.87,5503.8,48586.9,10.12,19.65,19.67,0.02,0.726,20455.7,179.9,B5279,0,0.10561,47,0,0,train
P28,HFP-2400,9,2025-01-12 06:27,F,PVAc_D4,Esche,8.83,22.0,2.056,58.5,3,12.92,7041.6,10.15,6.759,6.801,47.6,83.94,0.9094,45.1,720.2,18.37,8453.1,57040.0,11.03,23.89,23.04,-0.85,0.6597,20456.7,179.7,B5789,0,0.12177,46,0,0,train
P28,HFP-2400,10,2025-01-12 07:45,F,PVAc_D4,Fichte,14.0,22.0,3.009,54.8,2,11.67,7012.0,7.57,7.081,7.111,49.65,86.51,0.9205,48.0,823.7,20.26,7743.4,64783.4,10.89,23.14,25.64,2.5,0.4929,20457.6,161.7,B9305,0,0.14071,45,0,0,train
P28,HFP-2400,11,2025-01-12 08:51,F,PVAc_D3,Esche,11.37,38.0,2.639,66.9,3,16.49,7034.0,12.14,6.969,6.991,49.02,85.52,0.9192,42.2,816.6,19.31,10262.1,75045.4,12.44,24.68,26.26,1.58,0.7222,20458.7,181.1,B8860,0,0.16467,44,0,0,train
P28,HFP-2400,12,2025-01-12 10:12,F,PUR,Esche,8.64,25.0,2.548,63.7,2,15.94,7002.9,10.16,6.817,6.874,47.74,82.47,0.9284,53.32,702.3,20.04,6278.7,81324.1,11.39,21.14,27.54,6.4,0.7113,20459.8,186.7,B6682,0,0.1764,43,0,0,train
P28,HFP-2400,13,2025-01-12 11:30,F,PUR,Eiche,12.41,22.0,1.916,59.6,3,16.73,6997.0,10.73,7.011,7.031,49.06,85.8,0.9169,49.34,797.4,17.66,9367.9,90692.0,13.61,24.47,25.79,1.32,0.8143,20460.8,165.7,B8964,0,0.19942,42,0,0,train
P28,HFP-2400,14,2025-01-12 12:49,F,PVAc_D3,Eiche,10.85,38.0,2.285,73.0,3,14.49,7029.5,10.26,6.849,6.858,48.14,84.03,0.9189,48.9,748.4,22.12,11358.0,102050.1,13.72,25.86,30.71,4.85,0.7117,20462.0,184.3,B6045,0,0.22647,41,0,0,train
P28,HFP-2400,15,2025-01-12 14:12,S,PVAc_D4,Eiche,12.8,18.0,2.06,50.6,2,10.6,6992.3,7.3,6.964,6.968,48.69,84.83,0.9206,51.04,728.5,20.83,7282.8,109332.9,12.75,23.86,23.44,-0.42,0.9666,20462.8,171.9,B9824,0,0.24132,40,0,0,train
P28,HFP-2400,16,2025-01-12 15:12,S,PUR,Buche,11.8,22.0,2.98,57.9,3,14.72,7031.2,10.95,7.065,7.094,49.67,86.12,0.925,51.1,809.4,17.1,9575.7,118908.7,13.75,24.31,27.72,3.41,0.6453,20463.8,170.1,B4739,0,0.26189,39,0,0,train
P28,HFP-2400,17,2025-01-12 16:24,S,PVAc_D3,Eiche,8.87,25.0,2.005,59.4,3,13.56,7006.4,5.35,6.764,6.796,47.39,81.76,0.9296,49.2,729.8,18.06,8728.6,127637.3,13.69,24.32,26.46,2.14,1.125,20464.8,171.6,B5711,0,0.27975,38,0,0,train
P28,HFP-2400,18,2025-01-12 17:43,S,PVAc_D4,Eiche,10.25,22.0,2.562,62.1,3,10.95,7016.1,11.73,6.862,6.88,48.15,84.55,0.9133,52.32,833.3,19.9,11202.9,138840.2,13.51,26.77,25.32,-1.45,0.9305,20465.8,173.1,B5961,0,0.30406,37,0,0,train
P28,HFP-2400,19,2025-01-12 19:02,S,PUR,Eiche,10.29,18.0,2.23,61.8,2,12.76,7035.3,8.66,6.88,6.922,48.4,84.7,0.9165,49.36,760.3,16.34,6260.5,145100.7,13.19,25.25,28.42,3.17,0.643,20466.8,177.7,B6903,0,0.31816,36,0,0,train
P28,HFP-2400,20,2025-01-12 20:12,S,PVAc_D4,Eiche,12.36,25.0,2.269,56.7,2,12.8,7021.4,8.18,6.946,6.974,48.77,85.56,0.9141,51.3,793.8,17.04,6609.9,151710.6,14.0,26.91,30.73,3.82,0.9269,20467.8,174.8,B3940,0,0.33275,35,0,0,train
P28,HFP-2400,21,2025-01-12 21:18,S,PUR,Esche,10.42,25.0,2.58,63.6,3,16.09,7005.4,9.26,6.881,6.924,48.2,83.39,0.927,48.49,807.8,18.99,10219.7,161930.2,12.07,20.2,26.77,6.57,0.7231,20468.9,177.1,B8109,0,0.35758,34,0,0,train
P28,HFP-2400,22,2025-01-12 22:30,N,PVAc_D4,Fichte,10.11,18.0,2.548,47.9,2,9.14,7006.6,7.58,6.888,6.91,48.26,84.21,0.9191,52.31,726.8,17.46,6032.2,167962.5,11.66,22.25,26.43,4.18,0.6647,20469.7,177.3,B1559,0,0.36986,33,0,0,train
P28,HFP-2400,23,2025-01-12 23:33,N,PVAc_D3,Eiche,10.8,38.0,1.824,66.1,2,16.99,7005.8,8.41,6.879,6.899,48.2,85.2,0.9072,56.49,776.9,19.05,6742.5,174705.0,11.1,25.23,27.29,2.06,0.5432,20470.8,177.6,B9795,0,0.38644,32,0,0,train
P28,HFP-2400,24,2025-01-13 00:57,N,PVAc_D4,Fichte,11.31,22.0,2.071,57.5,3,13.2,7026.7,7.94,6.881,6.912,48.35,84.57,0.917,53.73,819.7,15.6,8536.6,183241.7,10.44,23.92,28.69,4.77,0.7029,20471.7,175.3,B8898,0,0.40366,31,0,0,train
P28,HFP-2400,25,2025-01-13 02:05,N,PVAc_D3,Esche,10.05,18.0,2.557,51.4,3,10.13,7000.6,7.73,6.876,6.92,48.14,83.56,0.9239,52.13,768.4,18.82,10676.7,193918.4,8.58,20.59,22.65,2.05,0.6593,20472.6,173.8,B5795,0,0.42602,30,0,0,train
P28,HFP-2400,26,2025-01-13 03:04,N,PVAc_D4,Buche,11.38,25.0,2.506,62.9,3,12.11,7035.7,12.02,6.9,6.947,48.55,85.66,0.9089,53.62,823.2,15.93,9002.3,202920.7,8.3,19.35,27.95,8.6,0.8251,20473.6,186.4,B3189,0,0.44731,29,0,0,train
P28,HFP-2400,27,2025-01-13 04:22,N,PVAc_D4,Esche,11.45,38.0,2.299,75.0,2,15.43,6999.1,10.54,6.924,6.957,48.46,85.77,0.9062,55.83,815.6,16.02,6238.0,209158.8,8.37,20.45,21.3,0.85,1.0326,20474.9,182.7,B2858,0,0.46194,28,0,0,train
P28,HFP-2400,28,2025-01-13 05:55,N,PVAc_D3,Eiche,10.96,30.0,2.341,65.0,2,13.7,7012.2,6.28,6.932,6.97,48.61,85.56,0.9112,56.18,795.9,19.28,7397.8,216556.5,9.01,23.58,26.43,2.84,1.0204,20475.9,184.5,B3191,0,0.47982,27,0,0,train
P28,HFP-2400,29,2025-01-13 07:16,F,PUR,Esche,8.05,38.0,2.611,71.0,3,16.85,7064.3,10.46,6.809,6.838,48.1,84.65,0.9113,51.82,767.5,16.88,9602.7,226159.2,11.77,23.79,25.74,1.94,0.9497,20477.1,180.5,B5956,0,0.50172,26,0,0,train
P28,HFP-2400,30,2025-01-13 08:41,F,PVAc_D4,Esche,10.34,22.0,2.571,57.1,3,11.27,7003.8,11.83,6.87,6.894,48.12,84.28,0.9156,52.82,877.6,18.59,10911.5,237070.7,11.44,21.18,25.22,4.04,0.6363,20478.1,169.7,B7587,0,0.52531,25,0,0,train
P28,HFP-2400,31,2025-01-13 09:53,F,PUR,Buche,9.58,30.0,2.688,64.8,3,16.26,7002.8,8.65,6.927,6.998,48.51,84.22,0.9238,56.02,839.0,18.81,11548.0,248618.6,12.1,24.23,28.11,3.88,0.9673,20479.2,169.5,B6797,0,0.55324,24,0,0,train
P28,HFP-2400,32,2025-01-13 11:16,F,PVAc_D3,Eiche,12.74,30.0,2.402,61.8,3,12.84,7020.2,7.6,6.952,6.981,48.8,86.31,0.9069,45.74,828.7,17.33,10134.6,258753.3,14.14,24.89,27.91,3.03,0.7741,20480.2,183.2,B6341,0,0.57585,23,0,0,train
P28,HFP-2400,33,2025-01-13 12:33,F,PVAc_D4,Esche,10.46,18.0,2.374,55.4,2,10.04,7014.2,13.86,6.936,6.983,48.65,86.07,0.9065,51.02,856.0,18.61,8271.1,267024.4,15.19,27.56,29.51,1.94,0.8886,20481.1,168.0,B1600,0,0.59589,22,0,0,train
P28,HFP-2400,34,2025-01-13 13:44,F,PVAc_D4,Fichte,10.64,30.0,2.469,64.8,2,14.67,7020.7,10.69,6.905,6.932,48.48,85.16,0.913,54.63,789.3,19.64,7576.5,274600.9,13.39,24.77,32.13,7.36,0.9379,20482.2,173.0,B2230,0,0.61348,21,0,0,train
P28,HFP-2400,35,2025-01-13 15:00,S,PUR,Fichte,11.26,38.0,2.252,71.0,2,20.82,7015.5,11.85,6.959,7.0,48.82,85.89,0.9115,60.51,789.7,16.09,6557.7,281158.6,16.84,25.69,36.14,10.45,1.076,20483.4,177.1,B3149,0,0.62734,20,0,0,train
P28,HFP-2400,36,2025-01-13 16:32,S,PUR,Fichte,11.57,18.0,1.889,58.1,2,13.44,7013.9,10.15,6.906,6.934,48.44,85.38,0.9099,54.33,802.2,16.35,6338.5,287497.1,14.64,26.57,35.2,8.63,0.83,20484.3,185.6,B7961,0,0.64078,19,0,0,train
P28,HFP-2400,37,2025-01-13 17:41,S,PUR,Fichte,8.37,30.0,2.709,64.8,3,14.82,7047.0,9.29,6.819,6.839,48.05,85.88,0.8973,52.97,863.4,18.69,10896.0,298393.2,13.21,22.31,30.6,8.29,0.7529,20485.4,173.7,B3541,0,0.66672,18,0,0,train
P28,HFP-2400,38,2025-01-13 19:06,S,PVAc_D4,Buche,10.17,38.0,2.245,66.1,2,16.61,7003.7,7.28,6.847,6.866,47.96,85.21,0.9025,49.87,740.9,18.05,6365.8,304759.0,12.92,21.78,30.34,8.56,1.0474,20486.5,181.4,B7638,0,0.67966,17,0,0,train
P28,HFP-2400,39,2025-01-13 20:23,S,PVAc_D3,Fichte,7.8,22.0,2.567,57.4,2,12.08,7038.1,6.36,6.706,6.73,47.2,83.35,0.9082,57.33,781.7,20.71,8416.5,313175.5,12.01,23.81,28.63,4.81,0.8125,20487.5,183.7,B7762,0,0.70086,16,0,0,train
P28,HFP-2400,40,2025-01-13 21:41,S,PVAc_D3,Eiche,12.69,30.0,2.368,65.8,2,13.96,7038.5,11.37,6.994,7.027,49.23,87.35,0.9039,53.88,915.1,19.11,8066.7,321242.2,11.44,22.05,30.89,8.84,0.9535,20488.6,180.0,B2839,0,0.71928,15,0,0,train
P28,HFP-2400,41,2025-01-13 22:56,N,PVAc_D3,Eiche,13.07,18.0,1.946,53.8,2,11.44,7044.4,10.13,7.0,7.017,49.31,86.36,0.9158,57.62,884.4,17.21,7824.7,329067.0,10.38,22.92,29.34,6.42,0.9844,20489.5,179.4,B5873,0,0.73773,14,0,0,train
P28,HFP-2400,42,2025-01-13 23:58,N,PUR,Esche,8.35,30.0,2.271,68.4,3,14.4,7021.1,8.45,6.769,6.805,47.53,85.29,0.8937,57.51,915.0,18.5,12221.8,341288.8,10.01,22.04,32.11,10.07,0.8325,20490.6,175.5,B3885,0,0.76575,13,0,0,train
P28,HFP-2400,43,2025-01-14 01:27,N,PUR,Eiche,9.57,30.0,1.986,62.3,2,16.29,7019.9,11.25,6.802,6.84,47.75,84.27,0.9087,60.05,864.6,19.01,8559.6,349848.4,9.19,20.93,28.22,7.29,0.7708,20491.7,183.2,B1252,0,0.78446,12,0,0,train
P28,HFP-2400,44,2025-01-14 02:38,N,PVAc_D3,Esche,10.36,30.0,2.676,59.0,2,12.46,7030.4,9.15,6.92,6.931,48.65,86.69,0.9,59.05,870.3,17.05,7685.3,357533.6,10.28,20.31,28.79,8.47,0.9093,20492.6,184.3,B3703,0,0.80231,11,0,0,train
P28,HFP-2400,45,2025-01-14 03:58,N,PVAc_D3,Buche,7.94,25.0,3.091,64.7,2,14.7,7007.1,12.02,6.814,6.847,47.75,85.03,0.9006,63.32,920.6,20.7,9937.4,367471.0,9.35,19.46,30.4,10.94,1.0454,20493.7,194.2,B5483,0,0.8285,10,0,0,train
P28,HFP-2400,46,2025-01-14 05:17,N,PUR,Buche,11.76,38.0,2.026,75.0,3,21.39,7014.3,10.15,6.95,6.966,48.75,86.36,0.9052,60.07,859.0,17.35,11067.1,378538.1,8.73,21.57,26.44,4.86,0.9075,20495.0,183.5,B8732,0,0.85334,9,0,0,train
P28,HFP-2400,47,2025-01-14 06:48,F,PVAc_D3,Eiche,11.54,38.0,2.533,68.7,2,14.68,7006.5,10.85,6.922,6.956,48.5,85.99,0.9045,56.33,892.4,18.3,8811.3,387349.5,9.56,21.6,29.76,8.16,0.9379,20496.1,182.9,B3863,0,0.875,8,0,0,train
P28,HFP-2400,48,2025-01-14 08:11,F,PVAc_D4,Eiche,8.23,18.0,2.212,57.9,2,12.65,7006.8,7.21,6.715,6.726,47.05,84.13,0.897,62.07,855.0,15.05,5968.5,393318.0,10.09,20.84,28.21,7.38,1.0193,20497.1,176.8,B6153,0,0.8883,7,0,0,train
P28,HFP-2400,49,2025-01-14 09:25,F,PVAc_D3,Fichte,10.4,38.0,2.529,71.1,2,16.28,7029.0,11.5,6.873,6.882,48.31,85.49,0.9063,59.12,846.0,17.54,7954.8,401272.8,12.33,25.23,30.49,5.25,1.0696,20498.3,175.0,B2528,0,0.90695,6,0,0,train
P28,HFP-2400,50,2025-01-14 10:46,F,PVAc_D4,Esche,8.95,25.0,2.609,67.8,2,12.64,7017.5,6.07,6.754,6.77,47.4,84.39,0.9008,56.97,868.8,18.4,7829.6,409102.4,11.28,20.97,35.29,14.32,0.8792,20499.4,176.7,B6527,0,0.92381,5,0,0,train
P28,HFP-2400,51,2025-01-14 12:03,F,PVAc_D4,Fichte,11.32,18.0,1.737,54.6,2,12.82,7009.9,9.43,6.935,6.98,48.61,86.25,0.9038,60.9,803.2,19.45,8090.4,417192.8,12.77,24.62,35.54,10.92,1.1494,20500.3,177.4,B1066,0,0.94232,4,1,0,train
P28,HFP-2400,52,2025-01-14 13:18,F,PVAc_D4,Fichte,9.92,22.0,1.775,53.9,2,12.18,7028.6,10.82,6.815,6.834,47.9,84.55,0.9086,62.09,792.5,14.96,6092.0,423284.9,14.67,27.24,34.42,7.18,0.845,20501.2,168.6,B7934,0,0.95712,3,1,0,train
P28,HFP-2400,53,2025-01-14 14:30,S,PVAc_D3,Eiche,9.8,18.0,2.391,55.5,3,13.0,7012.7,9.83,6.824,6.828,47.86,85.16,0.9013,61.8,834.0,17.46,10461.1,433745.9,12.75,25.94,34.62,8.69,0.7338,20502.1,183.6,B5338,0,0.98112,2,1,0,train
P28,HFP-2400,54,2025-01-14 15:40,S,PVAc_D3,Esche,13.7,18.0,2.723,53.5,2,9.99,7044.2,6.77,7.06,7.078,49.73,88.02,0.9061,59.65,836.6,16.27,7586.7,441332.7,14.53,27.25,39.04,11.79,0.892,20503.0,166.3,B1408,0,0.9998,1,1,0,train
P28,HFP-2400,55,2025-01-14 16:43,S,PVAc_D4,Eiche,8.96,22.0,2.684,59.7,3,13.92,7027.7,10.5,6.821,6.838,47.94,84.66,0.9082,59.07,860.0,17.45,11307.1,452639.7,14.84,25.44,38.3,12.86,1.123,20504.0,179.3,B3145,1,1.0,0,1,0,train
P29,HFP-3200,1,2025-04-22 12:00,F,PVAc_D3,Eiche,11.01,22.0,2.137,51.9,2,11.52,7035.0,5.37,6.778,6.819,47.69,83.37,0.9172,61.06,877.0,15.65,7254.3,7254.3,21.26,34.79,31.79,-3.0,0.4995,19305.3,175.7,B7824,0,0.01584,44,0,0,train
P29,HFP-3200,2,2025-04-22 13:00,F,PUR,Esche,9.86,38.0,2.413,73.7,3,19.76,7022.1,5.42,6.809,6.872,47.81,82.36,0.9309,56.37,847.9,16.85,10565.1,17819.4,23.12,35.43,34.08,-1.35,0.4852,19306.5,183.9,B3947,0,0.03827,43,0,0,train
P29,HFP-3200,3,2025-04-22 14:27,S,PUR,Eiche,9.29,30.0,2.344,66.9,2,16.45,7004.6,13.4,6.754,6.786,47.31,82.66,0.9179,56.9,815.7,18.02,6805.0,24624.5,23.06,34.47,33.65,-0.82,0.8452,19307.7,166.6,B6538,0,0.05292,42,0,0,train
P29,HFP-3200,4,2025-04-22 15:44,S,PUR,Esche,13.57,25.0,1.55,63.8,2,16.04,7014.5,10.43,6.922,6.947,48.55,84.74,0.919,56.52,891.1,16.38,7258.4,31882.9,24.13,37.26,33.68,-3.58,0.9056,19308.7,180.9,B3824,0,0.0725,41,0,0,train
P29,HFP-3200,5,2025-04-22 17:08,S,PVAc_D4,Esche,13.58,30.0,2.478,63.3,2,12.89,7002.2,10.2,7.02,7.046,49.15,85.87,0.918,62.68,847.7,20.17,8481.9,40364.8,21.18,35.22,28.79,-6.43,0.724,19309.8,174.3,B3055,0,0.08981,40,0,0,train
P29,HFP-3200,6,2025-04-22 18:31,S,PVAc_D4,Buche,12.34,30.0,2.862,71.7,3,15.0,7027.9,14.28,6.97,7.0,48.99,85.45,0.9194,61.81,801.9,17.04,10361.6,50726.3,21.15,34.0,27.69,-6.31,0.6767,19311.0,174.0,B9449,0,0.11185,39,0,0,train
P29,HFP-3200,7,2025-04-22 20:00,S,PVAc_D4,Fichte,14.0,25.0,1.702,53.0,3,11.87,7037.6,8.63,6.975,7.016,49.09,86.58,0.9093,66.1,818.1,17.67,11108.0,61834.3,19.94,33.11,29.23,-3.88,0.8997,19311.9,175.6,B5461,0,0.13404,38,0,0,train
P29,HFP-3200,8,2025-04-22 21:04,S,PVAc_D4,Esche,8.47,30.0,2.086,60.3,3,12.6,7012.1,9.13,6.712,6.756,47.07,82.45,0.9155,57.04,830.0,18.54,11808.3,73642.7,22.32,34.77,27.78,-6.99,0.2907,19312.9,195.3,B7031,0,0.16146,37,0,0,train
P29,HFP-3200,9,2025-04-22 22:13,N,PVAc_D3,Eiche,10.9,25.0,2.078,59.2,2,15.6,7015.4,10.62,6.784,6.828,47.6,84.15,0.9071,64.39,764.8,19.14,7192.3,80835.0,19.68,32.12,26.37,-5.75,0.5975,19313.8,178.4,B2416,0,0.17631,36,0,0,train
P29,HFP-3200,10,2025-04-22 23:27,N,PUR,Eiche,10.38,18.0,2.411,57.7,2,13.49,7024.8,11.33,6.858,6.881,48.18,84.39,0.9156,61.43,852.3,17.21,7720.2,88555.2,17.3,29.65,22.49,-7.16,0.6673,19314.8,174.4,B5272,0,0.19376,35,0,0,train
P29,HFP-3200,11,2025-04-23 00:40,N,PUR,Fichte,11.01,25.0,2.714,64.0,2,13.73,7022.7,12.7,6.935,6.95,48.7,84.33,0.9262,65.68,901.0,16.69,8142.2,96697.3,19.97,32.71,26.81,-5.9,0.6027,19315.9,181.1,B2143,0,0.21247,34,0,0,train
P29,HFP-3200,12,2025-04-23 01:55,N,PVAc_D3,Fichte,10.44,38.0,1.996,68.5,2,15.05,7007.6,9.09,6.815,6.841,47.76,82.77,0.9254,63.38,883.8,19.44,8703.5,105400.8,19.4,32.04,25.62,-6.41,0.8792,19317.0,173.8,B1424,0,0.23081,33,0,0,train
P29,HFP-3200,13,2025-04-23 03:21,N,PUR,Esche,12.23,30.0,1.789,66.5,3,17.6,7023.3,10.9,6.908,6.957,48.52,85.26,0.9126,66.28,897.1,18.23,12145.6,117546.4,18.71,31.85,30.34,-1.51,0.6422,19318.1,178.2,B7359,0,0.25778,32,0,0,train
P29,HFP-3200,14,2025-04-23 04:48,N,PVAc_D4,Eiche,11.4,30.0,2.426,66.5,2,13.9,7038.0,9.8,6.864,6.882,48.31,83.83,0.9242,67.09,791.1,18.62,7659.3,125205.7,17.89,29.31,29.56,0.25,0.5424,19319.2,173.3,B3058,0,0.27349,31,0,0,train
P29,HFP-3200,15,2025-04-23 06:10,F,PVAc_D3,Fichte,9.6,30.0,2.807,69.4,2,13.11,7024.4,10.16,6.827,6.845,47.95,83.65,0.9194,62.46,843.3,17.73,7784.2,132990.0,20.15,32.84,27.17,-5.68,0.5776,19320.4,176.8,B5045,0,0.29231,30,0,0,train
P29,HFP-3200,16,2025-04-23 07:29,F,PUR,Fichte,12.86,38.0,2.363,73.8,2,16.4,7014.3,10.76,6.976,6.996,48.93,85.07,0.9225,58.12,830.3,16.37,7015.7,140005.7,18.91,31.87,26.22,-5.65,0.8942,19321.6,169.1,B4544,0,0.30845,29,0,0,train
P29,HFP-3200,17,2025-04-23 08:52,F,PUR,Esche,12.21,30.0,2.359,63.7,2,15.59,7021.9,9.96,6.901,6.922,48.46,84.8,0.9165,65.89,857.6,18.4,8365.0,148370.7,19.25,31.58,27.9,-3.67,0.8694,19322.7,167.7,B6147,0,0.32851,28,0,0,train
P29,HFP-3200,18,2025-04-23 10:09,F,PVAc_D3,Eiche,12.24,22.0,2.686,56.3,2,12.87,7026.0,6.39,6.928,6.957,48.68,85.23,0.916,61.78,886.8,18.31,8311.9,156682.5,20.43,32.87,29.56,-3.31,0.7261,19323.6,189.4,B5114,0,0.34689,27,0,0,train
P29,HFP-3200,19,2025-04-23 11:27,F,PVAc_D3,Esche,13.56,22.0,2.452,56.6,2,10.54,7002.7,5.48,6.989,7.029,48.94,86.11,0.9115,58.28,839.1,16.49,6726.9,163409.4,19.75,34.32,28.4,-5.92,0.7941,19324.6,171.3,B2812,0,0.36257,26,0,0,train
P29,HFP-3200,20,2025-04-23 12:38,F,PUR,Eiche,10.29,30.0,2.63,71.3,2,16.33,7003.1,6.54,6.828,6.858,47.82,84.4,0.9087,60.69,826.5,18.01,7425.3,170834.8,21.81,34.1,27.61,-6.49,0.9084,19325.8,179.1,B4670,0,0.3816,25,0,0,train
P29,HFP-3200,21,2025-04-23 14:00,S,PVAc_D4,Fichte,11.03,38.0,1.814,72.2,3,17.47,7046.6,9.68,6.816,6.848,48.03,83.93,0.9177,66.72,969.6,16.51,12174.4,183009.2,22.81,34.28,24.25,-10.03,0.5978,19327.0,185.6,B9976,0,0.40988,24,0,0,train
P29,HFP-3200,22,2025-04-23 15:23,S,PVAc_D3,Buche,11.97,18.0,1.826,54.5,3,13.07,7016.3,9.96,6.854,6.891,48.09,84.91,0.9083,71.97,888.5,16.75,12705.0,195714.1,22.35,35.09,33.34,-1.75,0.9434,19327.9,168.0,B6973,0,0.44005,23,0,0,train
P29,HFP-3200,23,2025-04-23 16:32,S,PVAc_D3,Buche,11.15,30.0,2.487,59.9,2,13.7,7032.3,11.17,6.806,6.833,47.86,83.27,0.9218,72.55,978.6,15.73,8688.3,204402.4,23.21,34.39,29.83,-4.56,1.1327,19328.9,175.7,B1073,0,0.46027,22,0,0,train
P29,HFP-3200,24,2025-04-23 17:52,S,PVAc_D4,Buche,13.94,38.0,2.335,72.5,2,15.32,7025.7,9.2,6.981,7.013,49.05,86.94,0.9047,69.55,887.1,17.54,8912.1,213314.5,23.69,37.33,31.18,-6.15,0.9,19330.1,182.3,B4747,0,0.48193,21,0,0,train
P29,HFP-3200,25,2025-04-23 19:26,S,PVAc_D4,Eiche,10.51,38.0,2.088,71.7,2,16.31,7033.7,10.42,6.77,6.797,47.62,83.52,0.9144,64.49,874.8,20.91,10262.9,223577.4,21.79,34.83,33.0,-1.83,0.8917,19331.3,175.8,B3131,0,0.50721,20,0,0,train
P29,HFP-3200,26,2025-04-23 20:58,S,PUR,Eiche,11.84,18.0,2.335,64.4,2,15.77,7024.9,10.1,6.969,6.995,48.96,86.08,0.9121,64.08,908.8,14.52,7855.3,231432.7,21.61,34.09,32.72,-1.37,1.0746,19332.3,173.5,B8706,0,0.52408,19,0,0,train
P29,HFP-3200,27,2025-04-23 22:24,N,PVAc_D4,Esche,11.02,25.0,2.227,55.8,2,13.07,7024.0,6.49,6.795,6.811,47.73,84.89,0.9018,70.79,931.3,19.12,10378.1,241810.8,19.0,30.94,27.4,-3.53,0.7159,19333.3,182.5,B8894,0,0.54983,18,0,0,train
P29,HFP-3200,28,2025-04-23 23:31,N,PVAc_D3,Esche,10.22,25.0,2.293,56.5,2,11.42,7022.7,8.18,6.778,6.818,47.6,83.83,0.9106,65.13,914.1,15.46,7534.5,249345.3,19.86,31.7,31.64,-0.05,0.9873,19334.2,172.5,B9282,0,0.56531,17,0,0,train
P29,HFP-3200,29,2025-04-24 00:44,N,PVAc_D3,Buche,12.27,30.0,2.655,65.3,2,14.81,7018.3,10.45,6.913,6.939,48.51,84.73,0.9183,71.53,915.7,16.82,8661.0,258006.3,18.91,31.12,29.68,-1.44,0.6722,19335.3,181.1,B3736,0,0.58608,16,0,0,train
P29,HFP-3200,30,2025-04-24 02:06,N,PUR,Buche,13.47,25.0,2.877,58.2,2,14.74,7024.6,6.5,7.01,7.047,49.24,86.66,0.9113,67.88,901.7,19.11,10038.1,268044.4,19.29,31.02,31.5,0.48,0.7926,19336.3,182.5,B8789,0,0.61122,15,0,0,train
P29,HFP-3200,31,2025-04-24 03:15,N,PVAc_D4,Fichte,13.19,30.0,2.169,61.0,3,14.1,7020.0,11.14,6.967,7.019,48.91,85.64,0.9159,62.89,900.1,15.97,11298.6,279343.0,18.01,30.93,27.62,-3.3,0.8737,19337.3,178.2,B7288,0,0.63595,14,0,0,train
P29,HFP-3200,32,2025-04-24 04:29,N,PVAc_D4,Eiche,8.76,25.0,2.13,57.0,2,12.68,7011.3,9.87,6.716,6.734,47.08,83.62,0.903,67.83,918.9,16.65,8175.7,287518.7,18.94,31.87,33.35,1.48,1.044,19338.2,182.7,B9892,0,0.65575,13,0,0,train
P29,HFP-3200,33,2025-04-24 05:39,N,PVAc_D4,Buche,10.45,38.0,2.379,72.3,2,15.97,6999.8,11.28,6.811,6.847,47.68,84.67,0.9031,70.31,963.9,16.66,9604.0,297122.8,17.36,29.53,29.07,-0.45,0.9496,19339.4,180.1,B6007,0,0.67932,12,0,0,train
P29,HFP-3200,34,2025-04-24 07:03,F,PVAc_D4,Fichte,8.77,30.0,1.993,63.9,2,14.6,7021.6,10.67,6.719,6.753,47.18,84.33,0.8972,75.28,1001.3,16.68,9244.4,306367.1,18.67,31.61,33.75,2.14,0.8022,19340.5,175.1,B3697,0,0.7025,11,0,0,train
P29,HFP-3200,35,2025-04-24 08:22,F,PVAc_D3,Eiche,11.44,25.0,2.985,62.8,2,12.26,6997.6,7.36,6.887,6.914,48.19,84.83,0.9111,69.9,906.5,16.4,8873.3,315240.4,21.03,34.2,33.72,-0.48,0.7443,19341.6,173.4,B6263,0,0.72428,10,0,0,train
P29,HFP-3200,36,2025-04-24 09:41,F,PVAc_D3,Buche,10.94,25.0,2.162,56.0,2,12.43,7008.6,13.38,6.809,6.843,47.72,84.08,0.9103,68.52,994.8,20.62,11800.3,327040.7,19.4,32.27,30.64,-1.63,0.8886,19342.5,190.7,B1661,0,0.75612,9,0,0,train
P29,HFP-3200,37,2025-04-24 10:47,F,PVAc_D3,Esche,11.02,18.0,1.948,49.4,2,10.55,7017.3,10.64,6.843,6.864,48.02,85.21,0.9039,67.33,922.1,17.07,8532.0,335572.7,21.92,36.27,39.11,2.85,1.0156,19343.3,170.3,B6373,0,0.77879,8,0,0,train
P29,HFP-3200,38,2025-04-24 11:48,F,PVAc_D3,Esche,10.3,38.0,2.309,70.3,2,15.85,7022.5,3.46,6.82,6.828,47.89,84.8,0.9058,74.91,894.5,16.81,8286.8,343859.5,22.66,37.21,31.47,-5.74,0.8272,19344.5,175.3,B1235,0,0.79667,7,0,0,train
P29,HFP-3200,39,2025-04-24 13:15,F,PVAc_D4,Fichte,9.76,38.0,2.469,67.2,2,17.03,7039.2,12.34,6.754,6.774,47.54,84.17,0.9058,72.56,905.8,17.3,7856.9,351716.4,22.12,31.42,35.4,3.97,0.984,19345.6,183.2,B1439,0,0.81359,6,0,0,train
P29,HFP-3200,40,2025-04-24 14:38,S,PVAc_D4,Esche,10.13,22.0,1.93,54.4,3,10.79,7012.1,8.24,6.778,6.793,47.53,83.79,0.9097,67.96,954.8,20.3,15931.3,367647.7,23.34,35.28,32.93,-2.34,1.0523,19346.5,171.0,B9342,0,0.85209,5,0,0,train
P29,HFP-3200,41,2025-04-24 15:49,S,PUR,Eiche,9.84,18.0,2.219,58.3,2,13.74,7026.3,8.49,6.77,6.806,47.57,84.66,0.9011,71.77,875.5,18.01,8899.9,376547.6,22.14,33.73,37.48,3.75,1.04,19347.5,174.9,B1868,0,0.87231,4,1,0,train
P29,HFP-3200,42,2025-04-24 17:09,S,PUR,Eiche,10.55,18.0,2.079,50.5,2,13.17,7037.3,8.14,6.803,6.81,47.87,85.4,0.899,75.31,919.6,22.07,12109.5,388657.0,25.0,38.61,41.13,2.52,0.8324,19348.3,175.3,B8392,0,0.90468,3,1,0,train
P29,HFP-3200,43,2025-04-24 18:14,S,PUR,Eiche,12.71,18.0,1.965,50.6,2,13.15,7023.4,7.38,6.962,6.989,48.9,86.85,0.903,76.16,974.2,18.54,10565.6,399222.7,22.05,34.91,39.57,4.66,0.9369,19349.2,178.6,B3734,0,0.93519,2,1,0,train
P29,HFP-3200,44,2025-04-24 19:19,S,PUR,Esche,8.8,25.0,1.95,62.6,2,15.28,7010.9,9.8,6.729,6.774,47.17,84.14,0.8992,75.62,965.9,16.88,10248.7,409471.4,21.61,34.41,43.13,8.72,1.0525,19350.2,163.4,B2621,0,0.95795,1,1,0,train
P29,HFP-3200,45,2025-04-24 20:30,S,PUR,Buche,12.6,38.0,2.33,71.9,3,18.28,7020.7,6.24,6.988,7.013,49.06,86.64,0.9081,68.19,1032.3,19.68,17329.2,426800.6,20.58,32.63,38.74,6.11,0.8516,19351.4,186.7,B7052,1,1.0,0,1,0,train
P30,HFP-2400,1,2025-03-26 20:00,S,PVAc_D4,Eiche,9.99,38.0,2.749,71.5,3,16.15,6980.4,6.17,6.865,6.895,47.92,83.59,0.9193,62.06,845.0,17.71,10289.6,10289.6,17.5,27.57,26.54,-1.03,0.764,6496.9,178.8,B8158,0,0.02266,,,1,train
P30,HFP-2400,2,2025-03-26 21:23,S,PUR,Fichte,10.6,25.0,2.071,68.6,2,15.54,7001.4,9.89,6.916,6.95,48.42,85.25,0.911,61.57,827.0,16.57,6584.8,16874.3,18.43,28.37,26.88,-1.49,0.5827,6498.0,184.1,B6489,0,0.03617,,,1,train
P30,HFP-2400,3,2025-03-26 22:48,N,PUR,Esche,8.91,38.0,2.012,73.9,3,18.23,7012.4,9.43,6.772,6.794,47.49,82.49,0.9233,61.97,872.4,19.23,12268.2,29142.5,16.35,25.55,30.68,5.13,0.3651,6499.3,179.1,B8049,0,0.06405,,,1,train
P30,HFP-2400,4,2025-03-27 00:24,N,PVAc_D3,Eiche,9.3,38.0,2.446,71.0,3,14.45,6991.5,9.55,6.76,6.786,47.26,83.42,0.9086,56.41,828.6,17.63,11231.7,40374.3,15.02,23.32,22.77,-0.55,0.7022,6500.4,177.0,B7382,0,0.08929,,,1,train
P30,HFP-2400,5,2025-03-27 01:49,N,PUR,Eiche,11.67,18.0,2.029,58.2,2,14.58,6993.1,7.44,6.964,6.992,48.7,84.61,0.9231,57.82,955.1,18.65,9461.0,49835.3,15.66,26.05,28.48,2.43,0.6491,6501.4,190.1,B8739,0,0.11057,,,1,train
P30,HFP-2400,6,2025-03-27 03:05,N,PVAc_D3,Fichte,11.13,22.0,2.444,56.7,2,10.45,6989.9,8.51,6.903,6.925,48.25,83.6,0.9256,57.15,850.4,15.17,6377.6,56212.9,14.5,25.31,21.91,-3.41,0.6356,6502.4,169.9,B4870,0,0.12546,,,1,train
P30,HFP-2400,7,2025-03-27 04:19,N,PVAc_D4,Eiche,12.58,22.0,2.923,58.8,2,12.2,7022.7,6.43,6.961,6.984,48.88,85.55,0.9164,56.26,835.8,19.49,8893.9,65106.8,12.7,22.76,19.86,-2.89,0.5572,6503.3,186.3,B4989,0,0.14824,,,1,train
P30,HFP-2400,8,2025-03-27 05:35,N,PVAc_D4,Buche,9.64,25.0,2.494,57.4,2,12.51,7008.3,10.03,6.831,6.864,47.88,82.63,0.9293,55.32,798.1,15.01,5728.6,70835.4,14.87,26.45,25.63,-0.82,0.7837,6504.3,172.6,B4573,0,0.15986,,,1,train
P30,HFP-2400,9,2025-03-27 06:43,F,PUR,Esche,10.77,38.0,2.393,74.5,3,17.88,7013.9,12.59,6.918,6.949,48.52,83.51,0.9318,58.63,821.6,15.91,9533.5,80368.8,15.97,26.07,28.81,2.74,0.7822,6505.5,178.6,B3033,0,0.17964,,,1,train
P30,HFP-2400,10,2025-03-27 08:15,F,PVAc_D4,Eiche,11.01,22.0,2.567,57.5,2,11.99,6996.6,12.34,6.97,6.993,48.77,85.04,0.9197,56.2,889.1,18.17,8249.0,88617.9,15.15,25.1,20.91,-4.19,0.8042,6506.5,187.2,B8495,0,0.19926,,,1,train
P30,HFP-2400,11,2025-03-27 09:23,F,PVAc_D4,Eiche,9.63,25.0,2.282,57.3,2,12.17,6986.1,4.9,6.802,6.85,47.52,83.64,0.9111,54.87,812.8,17.39,7622.5,96240.4,16.95,27.52,29.8,2.28,0.6872,6507.4,168.8,B2909,0,0.21736,,,1,train
P30,HFP-2400,12,2025-03-27 10:39,F,PUR,Buche,12.26,22.0,2.334,57.5,2,13.84,6997.5,8.56,7.005,7.041,49.02,85.74,0.9169,63.67,900.1,18.29,9417.6,105658.0,18.76,28.17,32.57,4.39,0.5856,6508.4,185.4,B6215,0,0.24035,,,1,train
P30,HFP-2400,13,2025-03-27 11:47,F,PVAc_D4,Buche,11.96,38.0,2.044,68.5,2,15.15,6986.8,7.17,6.942,6.974,48.51,85.41,0.9108,55.93,881.6,18.02,8669.2,114327.2,17.8,26.03,25.09,-0.94,0.5918,6509.5,179.0,B6150,0,0.26342,,,1,train
P30,HFP-2400,14,2025-03-27 13:08,F,PUR,Buche,11.19,18.0,1.87,52.7,2,13.33,7012.3,11.14,6.86,6.888,48.11,84.23,0.916,61.19,898.2,22.44,11079.6,125406.9,19.56,29.12,27.94,-1.17,0.7054,6510.4,179.8,B4219,0,0.28927,,,1,train
P30,HFP-2400,15,2025-03-27 14:16,S,PVAc_D4,Esche,12.73,25.0,2.294,55.8,2,11.82,6993.1,7.63,6.991,7.019,48.89,84.82,0.9244,61.7,867.1,18.51,9092.9,134499.7,20.99,29.48,31.89,2.41,0.6764,6511.4,177.0,B7288,0,0.30836,,,1,train
P30,HFP-2400,16,2025-03-27 15:29,S,PVAc_D4,Fichte,10.18,25.0,2.731,64.0,2,13.12,6997.7,7.43,6.912,6.942,48.37,84.24,0.9209,62.93,867.4,17.27,7840.1,142339.9,20.35,30.88,33.9,3.02,0.7243,6512.4,188.9,B4856,0,0.32504,,,1,train
P30,HFP-2400,17,2025-03-27 16:49,S,PVAc_D4,Eiche,12.06,38.0,2.092,69.2,2,17.36,6990.2,8.68,6.949,6.96,48.57,84.5,0.9219,61.7,919.2,20.44,9944.8,152284.7,20.14,29.63,28.28,-1.35,0.5781,6513.6,172.9,B7368,0,0.34934,,,1,train
P30,HFP-2400,18,2025-03-27 18:08,S,PUR,Buche,10.6,38.0,2.294,75.0,3,14.86,6998.8,12.1,6.866,6.915,48.05,84.13,0.9161,64.93,817.0,18.41,10972.4,163257.1,19.24,27.86,25.91,-1.95,0.7529,6514.8,191.1,B3585,0,0.37211,,,1,train
P30,HFP-2400,19,2025-03-27 19:37,S,PVAc_D4,Eiche,12.47,18.0,2.062,53.5,2,10.59,6999.0,7.41,6.979,6.998,48.85,85.63,0.9148,63.4,871.2,19.26,9292.8,172549.9,17.98,28.21,26.12,-2.09,0.8531,6515.7,172.5,B9325,0,0.39374,,,1,train
P30,HFP-2400,20,2025-03-27 20:45,S,PUR,Esche,12.15,25.0,1.852,55.7,2,14.2,6990.9,9.99,6.931,6.984,48.45,85.04,0.9137,61.98,861.2,17.99,8129.5,180679.4,17.21,25.01,25.86,0.85,0.5647,6516.6,184.0,B7940,0,0.41164,,,1,train
P30,HFP-2400,21,2025-03-27 21:58,S,PUR,Esche,9.5,38.0,2.71,73.6,2,17.95,7003.2,7.85,6.875,6.923,48.15,84.71,0.9115,61.71,863.0,15.86,7177.5,187856.9,17.83,25.09,26.66,1.57,0.54,6517.9,170.3,B6120,0,0.42564,,,1,train
P30,HFP-2400,22,2025-03-27 23:22,N,PVAc_D3,Buche,11.81,22.0,2.789,62.8,2,11.74,7020.9,12.12,6.976,7.014,48.98,85.7,0.9165,67.64,882.1,17.15,8652.8,196509.8,17.01,26.22,33.25,7.04,1.0127,6518.9,174.0,B2639,0,0.44454,,,1,train
P30,HFP-2400,23,2025-03-28 00:40,N,PVAc_D3,Eiche,7.8,18.0,2.092,57.0,2,11.51,7003.6,10.58,6.717,6.737,47.04,81.52,0.9254,57.83,853.7,18.56,8961.1,205470.9,15.37,25.27,30.23,4.96,0.6836,6519.9,187.6,B8640,0,0.46558,,,1,train
P30,HFP-2400,24,2025-03-28 01:48,N,PUR,Esche,12.19,30.0,2.115,62.6,3,13.9,7010.0,13.06,6.995,7.029,49.03,86.01,0.9143,70.69,847.3,17.91,12288.6,217759.5,16.76,27.89,29.67,1.78,1.0077,6520.9,176.4,B1656,0,0.49178,,,1,train
P30,HFP-2400,25,2025-03-28 03:04,N,PUR,Eiche,11.5,22.0,1.891,60.7,2,15.13,6976.7,11.01,6.949,6.984,48.48,85.88,0.9053,65.01,938.3,16.59,8699.8,226459.3,15.43,25.33,27.98,2.65,0.7984,6521.9,180.6,B1029,0,0.51279,,,1,train
P30,HFP-2400,26,2025-03-28 04:16,N,PVAc_D4,Esche,9.81,18.0,2.564,51.1,3,13.06,6993.4,9.04,6.854,6.88,47.93,83.74,0.918,66.32,865.7,18.36,13107.8,239567.1,15.75,23.07,28.1,5.02,0.8333,6522.8,174.6,B4044,0,0.53968,,,1,train
P30,HFP-2400,27,2025-03-28 05:24,N,PVAc_D4,Eiche,9.93,30.0,2.227,68.5,2,16.04,6982.6,9.11,6.851,6.872,47.83,83.51,0.9187,72.43,848.4,20.27,9657.3,249224.4,15.7,24.27,30.1,5.83,0.8411,6523.9,179.1,B8305,0,0.56265,,,1,train
P30,HFP-2400,28,2025-03-28 06:51,F,PVAc_D4,Buche,9.31,38.0,2.09,70.9,3,16.66,6994.4,4.94,6.783,6.807,47.44,82.77,0.9192,67.47,979.8,19.57,16256.7,265481.1,15.33,24.51,27.58,3.07,0.8709,6525.1,164.9,B6507,0,0.60497,,,1,train
P30,HFP-2400,29,2025-03-28 08:11,F,PVAc_D4,Fichte,11.82,22.0,2.076,53.4,2,11.35,7012.2,10.43,6.918,6.931,48.51,86.11,0.9035,71.85,907.9,18.73,8580.7,274061.8,16.78,25.69,31.41,5.71,0.8243,6526.0,165.7,B6874,0,0.62367,,,1,train
P30,HFP-2400,30,2025-03-28 09:26,F,PUR,Esche,10.91,30.0,2.075,66.4,2,17.52,6980.4,8.5,6.963,6.988,48.6,86.4,0.9022,65.14,914.8,17.45,9201.4,283263.2,16.57,27.46,28.98,1.53,0.6839,6527.1,178.6,B7777,0,0.64616,,,1,train
P30,HFP-2400,31,2025-03-28 10:42,F,PUR,Eiche,11.35,18.0,2.071,53.8,2,15.5,6985.8,4.79,6.948,6.991,48.54,85.42,0.9113,66.53,849.0,16.0,7594.2,290857.4,19.0,29.16,33.63,4.47,0.7727,6528.0,190.7,B4323,0,0.66298,,,1,train
P30,HFP-2400,32,2025-03-28 11:51,F,PVAc_D3,Buche,10.33,18.0,2.263,50.8,2,9.41,7005.3,12.04,6.885,6.925,48.23,84.65,0.9138,63.72,919.1,21.35,11524.2,302381.7,17.9,28.79,31.41,2.62,0.5962,6528.8,173.5,B6888,0,0.69315,,,1,train
P30,HFP-2400,33,2025-03-28 13:00,F,PVAc_D3,Fichte,9.64,38.0,2.628,75.0,2,15.79,6998.9,11.87,6.839,6.883,47.86,83.96,0.9142,68.84,926.0,15.64,7719.7,310101.4,19.3,28.55,39.87,11.33,1.0596,6530.1,182.5,B1223,0,0.70937,,,1,train
P30,HFP-2400,34,2025-03-28 14:26,S,PVAc_D4,Fichte,11.25,30.0,2.565,65.4,2,13.6,7013.0,9.39,6.923,6.953,48.55,84.63,0.92,66.95,955.7,19.52,10483.0,320584.4,19.72,32.4,38.92,6.52,0.636,6531.2,181.2,B8790,0,0.73826,,,1,train
